title,category
Wallet for June,Shopping
Went for Painkillers,Health
Visited for Eye checkup routine visit,Health
Bought Karaoke night,Entertainment
Took a Sajha Yatayat Diesel,Transport
Eye checkup - diagnostic center,Health
Visited for Blood test,Health
Subscribed to Karaoke night from Netflix,Entertainment
Renewed Disney+ subscription from PlayStation,Entertainment
Booked Medicine,Health
Purchased Workshop registration from local college,Education
Thesis printing for January,Education
Paid for Cinema ticket family plan,Entertainment
Grabbed Cooking oil,Food
Bike fuel for September,Transport
Music album from local cinema,Entertainment
Grabbed McDonald's Fried chicken,Food
Metro card recharge for August,Transport
Groceries for August,Food
Paid Exam fee from Coursera,Education
Took out Fried rice from Wow Momo,Food
Fuel station for February,Transport
Used local garage Vehicle insurance,Transport
Registered for library Textbooks,Education
Vegetables - Subway,Food
Recharged Taxi fare for weekend trip,Transport
Breakfast at Eggs with family,Food
Bought Certification exam,Education
Amazon Prime membership for April,Entertainment
Booked Bike repair from Uber,Transport
Ordered Daraz Furniture piece,Shopping
Car rental - Sajha Yatayat,Transport
College supplies - Coursera,Education
Sajha Yatayat Flight ticket,Transport
Medicine - gym,Health
Booked Sajha Yatayat Diesel,Transport
Booked Blood test from wellness center,Health
local mall Electronics gadget,Shopping
Paid for diagnostic center Physiotherapy session,Health
Took a Sajha Yatayat Car service,Transport
Monthly Credit card payment from NEA,Bills
Maintenance fee - telecom provider,Bills
Purchased new boutique Shirt,Shopping
Cable TV bill for May,Bills
Cleared House rent from landlord,Bills
Recharged Vehicle insurance to office,Transport
Pharmacy purchase - hospital,Health
Bike fuel for May,Transport
Enrolled in Software license for study,Education
Purchased bookstore Stationery,Education
Bought Health checkup checkup,Health
Cleared insurance company Home loan installment,Bills
Bought School books for the course,Education
Bought Amazon Prime membership annual plan,Entertainment
Monthly Water bill,Bills
Went for Surgery cost,Health
Paid for telecom provider Electricity bill,Bills
Yoga class fee - gym,Health
Insurance premium,Bills
Booked Xbox Game Pass Disney+ subscription,Entertainment
Laptop bag for college,Shopping
Paid Loan EMI from utility company,Bills
Paid for Phone bill annual payment,Bills
Purchased new Charger from boutique,Shopping
Bought Vitamin supplements from hospital,Health
Monthly Mobile recharge from utility company,Bills
Settled WiFi payment from NEA,Bills
Subscribed to Music album premium plan,Entertainment
Paid for Sajha Yatayat Cab fare,Transport
Purchased new Sweater for office,Shopping
Booked diagnostic center Hospital bill,Health
Booked Vitamin supplements from hospital,Health
Paid for restaurant Milkshake,Food
E-book purchase - Steam,Entertainment
Purchased Bus ticket for a trip,Transport
Bought Theatre ticket annual plan,Entertainment
Snack at Bajeko Sekuwa Hot dog,Food
Visited for Medicine follow-up visit,Health
Dumplings for March,Food
Bought Concert ticket,Entertainment
Paid for Headphones from outlet store,Shopping
Textbooks - library,Education
PlayStation Karaoke night,Entertainment
Paid for Bread,Food
Settled bank Electricity bill,Bills
Settled Cable TV bill from landlord,Bills
Home loan installment,Bills
Booked Painkillers from pharmacy,Health
Bought Workshop registration from bookstore,Education
Booked Flight ticket downtown,Transport
Bought pharmacy Medical bill,Health
Bought Fried chicken at college,Food
Settled insurance company Home loan installment,Bills
Used Taxi fare from gas station,Transport
Renewed Gaming subscription premium plan,Entertainment
Used Bike rental from Uber,Transport
Registered for Online course for the workshop,Education
Cleared Internet bill for the house,Bills
Backpack for February,Shopping
Shopping for shopping center Furniture piece,Shopping
Paid Gas cylinder,Bills
Renewed Disney+ Comic book,Entertainment
Theatre ticket premium plan,Entertainment
Breakfast at Noodles from Starbucks,Food
Doctor appointment for June,Health
Paid for Yoga class fee,Health
Dinner at Ramen from restaurant,Food
Bought Wallet seasonal sale,Shopping
Purchased food court Vegetables,Food
Renewed Video game purchase from Spotify,Entertainment
Visited for Painkillers routine visit,Health
Exam fee - bookstore,Education
Booked Car rental to the mall,Transport
Took a Cab fare from local garage,Transport
Purchased Programming course from university,Education
Property tax - NEA,Bills
Recharged gas station Toll fee,Transport
Gas cylinder - telecom provider,Bills
Headphones seasonal sale,Shopping
Shopping for Sneakers from online store,Shopping
Purchased Streaming service from YouTube,Entertainment
Took a Ride share to hospital,Transport
Medical bill for February,Health
Bought PlayStation Netflix subscription,Entertainment
Water bill - telecom provider,Bills
Sunglasses - Amazon,Shopping
Paid Seminar fee from bookstore,Education
Took out Chowmein on the way home,Food
Pizza - campus canteen,Food
Purchased gas station Bus ticket,Transport
Paid coaching center Programming course,Education
Sneakers - Amazon,Shopping
Booked Netflix E-book purchase,Entertainment
Vaccination for October,Health
Bought Exam fee from library,Education
Got a new local mall Laptop bag,Shopping
Vitamin supplements,Health
Project materials - Udemy,Education
Paid for Garbage collection fee for the house,Bills
Renewed Cinema ticket from Amazon Prime,Entertainment
Took out Salad from Foodmandu,Food
Bought Netflix subscription from Disney+,Entertainment
Bought Coursera College supplies,Education
Charger for July,Shopping
Took a Bus ticket to home,Transport
Purchased Bike fuel from petrol pump,Transport
Bought Waffles,Food
Bought Lab test monthly,Health
Went for Doctor appointment monthly,Health
Paid for Necklace from outlet store,Shopping
Purchased new Curtains from Amazon,Shopping
Pharmacy purchase for November,Health
Bowling session - Xbox Game Pass,Entertainment
Lunch at Juice from McDonald's,Food
Refueled with petrol pump Car service,Transport
Got a new Perfume from Amazon,Shopping
Purchased College supplies,Education
Refueled with Diesel for weekend trip,Transport
Bought Daraz Bedsheet,Shopping
Took out campus canteen Fried chicken,Food
Cable TV bill - landlord,Bills
Paid Water bill quarterly payment,Bills
Registered for Library fine,Education
Charger for office,Shopping
Paid Apartment rent for the apartment,Bills
Booked Uber Bike fuel,Transport
Surgery cost for October,Health
local cinema Concert ticket,Entertainment
Purchased Music album from Amazon Prime,Entertainment
Ordered Amazon Jeans,Shopping
Curtains for June,Shopping
Grabbed French fries with friends,Food
Paid for Auto rickshaw fare from Pathao,Transport
Purchased School books for the course,Education
Had Snacks,Food
Bought College supplies,Education
Grabbed cafe Ice cream,Food
Bought Gym membership from gym,Health
Cleared Water tank refill for the house,Bills
School books,Education
Had Chowmein,Food
Purchased petrol pump Ride share,Transport
Ordered Charger from Daraz,Shopping
Paid for Flight ticket for weekend trip,Transport
Paid for Health insurance premium,Health
Paid Insurance premium,Bills
Subscribed to Cinema ticket from Steam,Entertainment
Grabbed hotel restaurant Dosa,Food
Snack at Salad,Food
Stand-up comedy show family plan,Entertainment
Bought Necklace for birthday gift,Shopping
Purchased new Socks from local mall,Shopping
Got a new Daraz Power bank,Shopping
Bought Coaching class fee this semester,Education
Monthly insurance company Loan EMI,Bills
Paid library Software license for study,Education
Study materials - Udemy,Education
Bought Steam Video game purchase,Entertainment
Study materials for April,Education
Paid for Amusement park ticket premium plan,Entertainment
Shopping for shopping center Jacket,Shopping
Cleared Internet bill,Bills
Purchased new Bag from boutique,Shopping
Purchased Online course,Education
Booked Flight ticket,Transport
Visited for X-ray from gym,Health
Library fine - local college,Education
Scooter rental from Tootle,Transport
Breakfast at Tea from Domino's,Food
Shopping for Shirt from shopping center,Shopping
Paid for pharmacy Health insurance premium,Health
Surgery cost for March,Health
Purchased Milkshake at office,Food
Subscribed to Theatre ticket from Amazon Prime,Entertainment
Paid for Jacket online order,Shopping
Paid for Society fee,Bills
Sunglasses for June,Shopping
Enrolled in Coursera Software license for study,Education
Property tax,Bills
Phone bill - NEA,Bills
Purchased bookstore Workshop registration,Education
Had campus canteen Cake,Food
Pathao Metro card recharge,Transport
Renewed Streaming service weekend outing,Entertainment
Booked Video game purchase from Steam,Entertainment
Recharged Pathao Auto rickshaw fare,Transport
Paid for Bike fuel to office,Transport
Took a Uber ride from petrol pump,Transport
Paid for French fries with friends,Food
Momo - local bakery,Food
Went for Dental appointment from pharmacy,Health
Paid Electricity bill,Bills
petrol pump Taxi fare,Transport
Shopping for Laptop bag from local mall,Shopping
Purchased new Sneakers online order,Shopping
Gas cylinder for October,Bills
Refueled with Toll fee from Sajha Yatayat,Transport
Got a new Belt from online store,Shopping
College fee for January,Education
Purchased local garage Bike fuel,Transport
Water tank refill for November,Bills
gas station Parking fee,Transport
Thukpa - Bajeko Sekuwa,Food
Enrolled in Study materials this semester,Education
Paid for Sushi from Pizza Hut,Food
Got a new Jeans from Amazon,Shopping
Breakfast at Coffee from Domino's,Food
Ordered Soup from Subway,Food
Paid Water tank refill,Bills
Visited for Medicine from wellness center,Health
Subscribed to Stand-up comedy show from Spotify,Entertainment
Power bank for August,Shopping
Booked Pharmacy purchase follow-up visit,Health
Renewed PlayStation Disney+ subscription,Entertainment
Bought university Lab fee,Education
Taxi fare - petrol pump,Transport
Enrolled in library Workshop registration,Education
Purchased new Laptop bag online order,Shopping
Ordered local mall Kitchenware,Shopping
Paid for Dental treatment from gym,Health
Purchased bookstore Thesis printing,Education
Bought Udemy Workshop registration,Education
Took a Bike fuel from Sajha Yatayat,Transport
Grabbed local bakery Sushi,Food
online store Watch,Shopping
Recharged Car rental to college,Transport
Gaming subscription for July,Entertainment
Renewed Comic book from Spotify,Entertainment
Registered for Lab fee for the workshop,Education
Bought boutique Shoes,Shopping
Took out Milk,Food
Used Uber ride from Tootle,Transport
Burrito for April,Food
Registered for Coursera College fee,Education
Bought Amazon Prime membership monthly plan,Entertainment
Bought Arcade tokens from Steam,Entertainment
Dinner at food court Milk,Food
Purchased Concert ticket,Entertainment
Fried rice for June,Food
Went for pharmacy Eye checkup,Health
Booked Petrol to college,Transport
Subscribed to Stand-up comedy show premium plan,Entertainment
Bought Laptop bag seasonal sale,Shopping
Purchased PlayStation Plus from Disney+,Entertainment
Medicine for December,Health
Shopping for Power bank from local mall,Shopping
Used local garage Scooter rental,Transport
Paid Internet bill from bank,Bills
Enrolled in university Thesis printing,Education
Visited for Doctor appointment,Health
Burrito for July,Food
Purchased Cinema ticket premium plan,Entertainment
Paid for Donuts,Food
Enrolled in Workshop registration from Udemy,Education
Ordered Belt from local mall,Shopping
Cleared Mobile recharge,Bills
Booked Health checkup,Health
Bought Doctor appointment,Health
Doctor appointment - hospital,Health
Amazon Prime membership - Netflix,Entertainment
Renewed Music album annual plan,Entertainment
Visited for pharmacy Vitamin supplements,Health
Helmet purchase for August,Transport
Settled Cable TV bill from insurance company,Bills
Bought Comic book from Netflix,Entertainment
Vitamin supplements - local clinic,Health
Monthly Home loan installment for the apartment,Bills
Booked Health insurance premium from hospital,Health
Went for diagnostic center Medical bill,Health
Paid for Yoga class fee monthly,Health
Phone case for December,Shopping
Grabbed Domino's Pancakes,Food
Bought Library fine,Education
Took out Donuts,Food
Lab test for December,Health
Purchased new outlet store Cap,Shopping
Visited for hospital Physiotherapy session,Health
Paid for Socks seasonal sale,Shopping
Bought Ramen for the party,Food
Bought Movie ticket monthly plan,Entertainment
Paid for Pizza from McDonald's,Food
Paid College fee from local college,Education
Settled Garbage collection fee,Bills
Paid for Painkillers,Health
Booked Sajha Yatayat Bus ticket,Transport
Renewed Theatre ticket from Xbox Game Pass,Entertainment
Project materials for January,Education
Enrolled in library Certification exam,Education
Bought Sunglasses from local mall,Shopping
Refueled with Tootle Bike wash,Transport
Biryani - Wow Momo,Food
Booked Petrol to the mall,Transport
Booked wellness center Pharmacy purchase,Health
Settled Water bill,Bills
Pharmacy purchase for January,Health
Monthly rent,Bills
Shopping for Charger from shopping center,Shopping
Bought X-ray routine visit,Health
Paid for Starbucks Ramen,Food
Coaching class fee for November,Education
local cinema Disney+ subscription,Entertainment
Purchased petrol pump Bike repair,Transport
Purchased Thukpa takeaway,Food
Booked Medical bill routine visit,Health
Tire replacement for May,Transport
Yoga class fee for February,Health
Backpack for January,Shopping
Train ticket - local garage,Transport
Chicken curry - Subway,Food
Paid for Health checkup follow-up visit,Health
Purchased YouTube Premium from Disney+,Entertainment
Bought Hospital bill from wellness center,Health
Kitchenware - local mall,Shopping
Paid for Loan EMI,Bills
Dinner at Fried rice from Pizza Hut,Food
Shopping for shopping center Jeans,Shopping
Shopping for Daraz Shoes,Shopping
Paid for Netflix E-book purchase,Entertainment
Health insurance premium for August,Health
Purchased bookstore Project materials,Education
Purchased Spotify subscription with friends,Entertainment
Paid for Painkillers follow-up visit,Health
Amusement park ticket for November,Entertainment
Lunch at Burger King Noodles,Food
Cinema ticket for November,Entertainment
Purchased library Thesis printing,Education
Bought wellness center Hospital bill,Health
Enrolled in School books from university,Education
Got a new outlet store Jeans,Shopping
Ordered online store Wallet,Shopping
Settled Water bill from insurance company,Bills
Cleared local ISP Home loan installment,Bills
Booked Amusement park ticket monthly plan,Entertainment
Renewed Netflix subscription from Steam,Entertainment
Purchased Music album from Steam,Entertainment
Booked Karaoke night family plan,Entertainment
Project materials for April,Education
Got a new local mall Charger,Shopping
Got a new Laptop bag from outlet store,Shopping
Purchased new Backpack online order,Shopping
Paid for Soup for the party,Food
Breakfast at Thukpa takeaway,Food
Recharged Metro card recharge to college,Transport
Juice - Bajeko Sekuwa,Food
Bike fuel - InDrive,Transport
Recharged Flight ticket from Uber,Transport
Went for Dental appointment,Health
Yoga class fee - hospital,Health
Booked Train ticket to office,Transport
Paid for Vaccination from local clinic,Health
Settled Electricity bill,Bills
Lunch at cafe Burrito,Food
Study materials for June,Education
Bought Amazon Sweater,Shopping
Shopping for Phone case from boutique,Shopping
Breakfast at Coffee from Wow Momo,Food
Shopping for boutique Bedsheet,Shopping
Used Tootle Toll fee,Transport
Purchased library Project materials,Education
Apartment rent - utility company,Bills
Programming course for September,Education
Bought Eye checkup from gym,Health
Disney+ subscription from Disney+,Entertainment
Visited for Surgery cost checkup,Health
Paid for Watch from outlet store,Shopping
Purchased Amusement park ticket from local cinema,Entertainment
Medical bill for April,Health
Used Car service downtown,Transport
PlayStation Plus weekend outing,Entertainment
Registered for College tuition from coaching center,Education
Jeans online order,Shopping
Ordered local mall Curtains,Shopping
Bought Wow Momo Sandwich,Food
Lunch at Momo,Food
Taxi fare to home,Transport
Hot dog for April,Food
Breakfast at Chowmein from street food stall,Food
Purchased Donuts on the way home,Food
Booked Gym membership,Health
Renewed Streaming service from Amazon Prime,Entertainment
Had Burger King Juice,Food
Jeans from Daraz,Shopping
Shopping for Sneakers from outlet store,Shopping
Bought Bubble tea at college,Food
Paid University fee,Education
Settled Phone bill quarterly payment,Bills
Shopping for Power bank for office,Shopping
Took out dhaba Coffee,Food
Watch - outlet store,Shopping
Lab fee - library,Education
Cleared landlord Mobile recharge,Bills
Pastry - Foodmandu,Food
Booked Theatre ticket premium plan,Entertainment
Booked Doctor appointment checkup,Health
Booked petrol pump Helmet purchase,Transport
Bought Wallet,Shopping
Booked Health insurance premium from gym,Health
Purchased Cab fare downtown,Transport
Power bank for May,Shopping
Vitamin supplements - hospital,Health
Paid for PlayStation Bowling session,Entertainment
Makeup kit for October,Shopping
Bought Snacks,Food
Refueled with Bike wash to the mall,Transport
Sunglasses from Amazon,Shopping
Paid for Karaoke night from Disney+,Entertainment
Makeup kit from boutique,Shopping
Monthly utility company Cable TV bill,Bills
Renewed Steam Amazon Prime membership,Entertainment
Ordered shopping center T-shirt,Shopping
Bought Earrings from shopping center,Shopping
Paid Internet bill,Bills
Online course - university,Education
Paid Software license for study from coaching center,Education
Purchased College tuition from Coursera,Education
Ordered restaurant Pastry,Food
Took out Pizza Hut Momo,Food
Paid for Streaming service from Spotify,Entertainment
Taxi fare from local garage,Transport
Took out Soup,Food
Paid for Earrings from outlet store,Shopping
Home loan installment for November,Bills
Purchased Dumplings after work,Food
Subscribed to Disney+ Music album,Entertainment
Bought School books from Udemy,Education
Got a new Amazon Bag,Shopping
Paid Stationery from Coursera,Education
Watch - online store,Shopping
Paid for Bike rental from InDrive,Transport
Dumplings - Bajeko Sekuwa,Food
Breakfast at Steak from Pizza Hut,Food
Movie ticket annual plan,Entertainment
College tuition for March,Education
Took a Helmet purchase from local garage,Transport
Snack at Burger King Pastry,Food
Paid for Board game from Spotify,Entertainment
Got a new local mall Cap,Shopping
Paid for Hospital bill follow-up visit,Health
Bought X-ray from diagnostic center,Health
Visited for hospital Medical bill,Health
Ride share for April,Transport
Subscribed to Disney+ Streaming service,Entertainment
Ordered Sushi,Food
Registered for Exam fee from university,Education
Purchased Streaming service with friends,Entertainment
Pharmacy purchase for June,Health
Thesis printing - Udemy,Education
Bought Movie ticket from Netflix,Entertainment
Booked Train ticket from Uber,Transport
Apartment rent - local ISP,Bills
Lunch at Burrito,Food
Bought Pharmacy purchase follow-up visit,Health
Purchased Project materials this semester,Education
Refueled with Pathao Tire replacement,Transport
Dinner at Domino's Fruits,Food
Ordered Shirt seasonal sale,Shopping
Mobile recharge - utility company,Bills
Purchased Flight ticket from local garage,Transport
Diesel - InDrive,Transport
Enrolled in Textbooks from Udemy,Education
Paid Gas cylinder annual payment,Bills
Shoes,Shopping
PlayStation Plus - Spotify,Entertainment
Purchased Software license for study annual fee,Education
Bought Juice from Burger King,Food
Purchased Workshop registration for the workshop,Education
Refueled with Cab fare from gas station,Transport
Coaching class fee for August,Education
local garage Cab fare,Transport
Breakfast at Pizza,Food
Karaoke night - local cinema,Entertainment
Recharged InDrive Toll fee,Transport
Purchased YouTube Premium monthly plan,Entertainment
Renewed Movie ticket from Spotify,Entertainment
Went for Dental treatment,Health
Monthly Garbage collection fee from NEA,Bills
Used Scooter rental to home,Transport
Visited for Medical bill from hospital,Health
Bought Grilled fish from Pizza Hut,Food
Paid for Bus ticket,Transport
Jacket for August,Shopping
Phone case online order,Shopping
Went for Surgery cost emergency visit,Health
Monthly Loan EMI from landlord,Bills
Settled NEA Gas cylinder,Bills
College supplies for November,Education
Registered for College fee from bookstore,Education
Used Pathao ride from Uber,Transport
Refueled with Bike repair from InDrive,Transport
Paid for Streaming service from Netflix,Entertainment
Renewed Netflix subscription from Netflix,Entertainment
Amazon Prime membership - PlayStation,Entertainment
Got a new shopping center Power bank,Shopping
Bought Library fine for the course,Education
Visited for Doctor appointment routine visit,Health
Paid for Gaming subscription from Disney+,Entertainment
Purchased bookstore School books,Education
Paid telecom provider WiFi payment,Bills
Booked YouTube Premium weekend outing,Entertainment
Recharged Uber Taxi fare,Transport
Purchased Arcade tokens from PlayStation,Entertainment
Got a new shopping center Backpack,Shopping
Took out Pizza from cafe,Food
Monthly Monthly rent,Bills
Society fee for March,Bills
Insurance premium for June,Bills
Renewed Movie ticket weekend outing,Entertainment
Booked Theatre ticket,Entertainment
Lunch at Grilled fish with friends,Food
Paid Certification exam from coaching center,Education
Registered for University fee for the course,Education
Ordered Milkshake for the party,Food
Paid for Music album from Disney+,Entertainment
Purchased new Earrings for birthday gift,Shopping
Enrolled in Textbooks from library,Education
Took a local garage Bike repair,Transport
Booked wellness center Vaccination,Health
Cleared utility company Internet bill,Bills
Renewed Steam purchase weekend outing,Entertainment
Registered for Lab fee,Education
Paid Coaching class fee for the course,Education
Perfume from outlet store,Shopping
Ordered Bag from Daraz,Shopping
Snack at Burger King Juice,Food
Amazon Prime membership from YouTube,Entertainment
Shopping for shopping center Umbrella,Shopping
Purchased hotel restaurant Steak,Food
Took a Bike fuel from Tootle,Transport
Cleared Society fee quarterly payment,Bills
Purchased local bakery Dosa,Food
Bought Workshop registration this semester,Education
Auto rickshaw fare from petrol pump,Transport
Blood test for July,Health
Booked Bike fuel,Transport
Enrolled in College tuition from local college,Education
Vitamin supplements for April,Health
Shopping for online store Sneakers,Shopping
Cleared Home loan installment from local ISP,Bills
Phone bill for July,Bills
Gas cylinder for January,Bills
Water bill for January,Bills
Booked Movie ticket from Disney+,Entertainment
Bought Study materials this semester,Education
Booked Uber Train ticket,Transport
Ordered Perfume from boutique,Shopping
Refueled with Taxi fare from Pathao,Transport
Booked Surgery cost,Health
Purchased new Amazon Electronics gadget,Shopping
Paid for gas station Auto rickshaw fare,Transport
Eye checkup for January,Health
Paid Society fee from telecom provider,Bills
Physiotherapy session - wellness center,Health
Ordered Watch from online store,Shopping
Took a Tire replacement to the mall,Transport
Subscribed to Amazon Prime membership with friends,Entertainment
Health checkup for May,Health
Paid for Credit card payment from insurance company,Bills
Purchased new Necklace for office,Shopping
Got a new Cap online order,Shopping
Insurance premium for November,Bills
Purchased new Bedsheet for office,Shopping
Society fee for August,Bills
Loan EMI for July,Bills
Went for local clinic Surgery cost,Health
Booked local clinic Lab test,Health
Got a new Bedsheet for office,Shopping
Scooter rental to college,Transport
Music album for November,Entertainment
Purchased new boutique Backpack,Shopping
Renewed YouTube Theatre ticket,Entertainment
Took a local garage Bike wash,Transport
Registered for Study materials from Coursera,Education
Paid for Comic book from Xbox Game Pass,Entertainment
Bought Exam fee from bookstore,Education
local mall Headphones,Shopping
Surgery cost for June,Health
Bought Karaoke night from PlayStation,Entertainment
Bought X-ray from wellness center,Health
Purchased Domino's Pizza,Food
Bought Kitchenware for office,Shopping
Bought shopping center T-shirt,Shopping
Bought Project materials for the course,Education
Booked Dental treatment checkup,Health
Purchased Tootle Scooter rental,Transport
Bought Thesis printing,Education
Lab test - diagnostic center,Health
Ordered McDonald's Pastry,Food
Purchased local cinema Arcade tokens,Entertainment
Bike fuel,Transport
Paid for Cap from Daraz,Shopping
Paid for Disney+ subscription annual plan,Entertainment
Renewed PlayStation Plus,Entertainment
Cleared Water tank refill annual payment,Bills
Ordered Tea from local bakery,Food
Recharged Bike fuel from Tootle,Transport
Grabbed Bread,Food
Paid for Insurance premium,Bills
Bought Sweater for office,Shopping
Monthly landlord Water tank refill,Bills
Shopping for Bedsheet from outlet store,Shopping
Paid for Kitchenware from outlet store,Shopping
Renewed Xbox Game Pass Concert ticket,Entertainment
Fuel station for October,Transport
Pizza - street food stall,Food
Purchased new Charger from outlet store,Shopping
Took a local garage Bus ticket,Transport
Paid for Shoes from Amazon,Shopping
Monthly Cable TV bill annual payment,Bills
Settled Society fee,Bills
Bought Tea,Food
Purchased new local mall Curtains,Shopping
Purchased Coffee at office,Food
Shopping for Electronics gadget from boutique,Shopping
Bought Lab test,Health
Recharged Bus ticket downtown,Transport
Renewed Concert ticket from YouTube,Entertainment
Bought Board game from YouTube,Entertainment
Concert ticket for October,Entertainment
Purchased College supplies for the workshop,Education
Cap for May,Shopping
Paid Seminar fee,Education
Uber ride to college,Transport
Steam purchase monthly plan,Entertainment
Paid for Bowling session from local cinema,Entertainment
Paid for Theatre ticket premium plan,Entertainment
Monthly Gas cylinder this month,Bills
Refueled with Car service,Transport
Got a new Shirt for birthday gift,Shopping
Medical bill - gym,Health
Refueled with gas station Fuel station,Transport
Paid for Doctor appointment,Health
Refueled with petrol pump Bike wash,Transport
Bought Netflix subscription monthly plan,Entertainment
Recharged Bike wash for a trip,Transport
Lunch at Burrito takeaway,Food
Bought Headphones from Amazon,Shopping
Purchased new Phone case seasonal sale,Shopping
Renewed Spotify subscription family plan,Entertainment
Bought university Online course,Education
Karaoke night annual plan,Entertainment
Exam fee - local college,Education
Had Burrito from hotel restaurant,Food
YouTube Steam purchase,Entertainment
Ordered local mall Jacket,Shopping
Refueled with Pathao ride from petrol pump,Transport
Vitamin supplements - pharmacy,Health
Paid for Lab test routine visit,Health
Paid for French fries,Food
Registered for Online course,Education
Enrolled in Exam fee for the course,Education
Paid Programming course this semester,Education
Purchased library Programming course,Education
Curtains - Daraz,Shopping
Booked Uber ride from Pathao,Transport
Mobile recharge for August,Bills
Recharged InDrive Fuel station,Transport
Got a new outlet store Electronics gadget,Shopping
Bought local clinic Medicine,Health
Took a Pathao ride from Pathao,Transport
Bought hospital Eye checkup,Health
Purchased Burger on the way home,Food
Shirt - Daraz,Shopping
Stationery for July,Education
Comic book - Netflix,Entertainment
Purchased local garage Auto rickshaw fare,Transport
Subscribed to YouTube Amazon Prime membership,Entertainment
Tea for March,Food
Grabbed Fried rice at college,Food
Went for Lab test emergency visit,Health
WiFi payment - telecom provider,Bills
Shopping for Furniture piece from local mall,Shopping
Booked local cinema E-book purchase,Entertainment
Coaching class fee - local college,Education
Cab fare,Transport
Bought YouTube Premium from PlayStation,Entertainment
Paid Property tax,Bills
Booked Streaming service from Steam,Entertainment
Uber Uber ride,Transport
Went for Surgery cost from hospital,Health
Purchased Movie ticket with friends,Entertainment
Concert ticket from Netflix,Entertainment
Paid for Daraz Socks,Shopping
Renewed Xbox Game Pass Stand-up comedy show,Entertainment
College fee - library,Education
Cleared Water bill from insurance company,Bills
Refueled with Cab fare from InDrive,Transport
Paid for House rent from landlord,Bills
Took a Helmet purchase to home,Transport
Booked Cab fare from gas station,Transport
Ordered Furniture piece from outlet store,Shopping
Paid for Theatre ticket weekend outing,Entertainment
Hospital bill for November,Health
Snack at Dosa for the party,Food
Paid College tuition this semester,Education
Paid for Steam purchase family plan,Entertainment
T-shirt - boutique,Shopping
Monthly rent for March,Bills
Went for X-ray from diagnostic center,Health
Booked Sajha Yatayat Bike rental,Transport
Took a Uber ride downtown,Transport
Purchased new Watch from Daraz,Shopping
Enrolled in library Thesis printing,Education
Falafel for May,Food
Paid for InDrive Car service,Transport
Refueled with Bike fuel from Tootle,Transport
Paid for Uber ride from Pathao,Transport
Went for Gym membership checkup,Health
Monthly telecom provider Society fee,Bills
Paid for PlayStation Plus from YouTube,Entertainment
Bought Electronics gadget from boutique,Shopping
Paid Society fee from NEA,Bills
Dinner at campus canteen Falafel,Food
Purchased Diesel to office,Transport
Visited for Vaccination from pharmacy,Health
Bought local mall T-shirt,Shopping
Got a new Jeans for office,Shopping
Purchased PlayStation Bowling session,Entertainment
Monthly Loan EMI,Bills
Parking fee - gas station,Transport
Recharged Cab fare from local garage,Transport
Ordered Daraz Laptop bag,Shopping
Cleared bank Maintenance fee,Bills
Settled telecom provider Cable TV bill,Bills
Bought Vitamin supplements from diagnostic center,Health
Cleared telecom provider Home loan installment,Bills
Registered for College supplies annual fee,Education
Burger - dhaba,Food
Went for Physiotherapy session follow-up visit,Health
Paid for Disney+ Movie ticket,Entertainment
Booked Vaccination routine visit,Health
Amusement park ticket from Disney+,Entertainment
Cleared landlord Water tank refill,Bills
Milkshake for January,Food
Thesis printing for March,Education
Refueled with Parking fee from Sajha Yatayat,Transport
Hospital bill - hospital,Health
Purchased new local mall T-shirt,Shopping
Booked Amazon Prime membership from Steam,Entertainment
Went for Medical bill follow-up visit,Health
College tuition - university,Education
Bought Rice bag,Food
Renewed Spotify subscription from Amazon Prime,Entertainment
Refueled with local garage Car rental,Transport
Refueled with petrol pump Car rental,Transport
Subscribed to Music album from Netflix,Entertainment
Used Toll fee from Tootle,Transport
Registered for bookstore Textbooks,Education
Breakfast at McDonald's Eggs,Food
Bought Coaching class fee from bookstore,Education
Visited for Pharmacy purchase,Health
Bought Project materials from Coursera,Education
Bought Amazon Perfume,Shopping
Got a new Bedsheet from online store,Shopping
Apartment rent - insurance company,Bills
Physiotherapy session for December,Health
Shopping for Amazon Earrings,Shopping
Surgery cost for November,Health
Paid for Pasta from local bakery,Food
Bought Doctor appointment from wellness center,Health
Software license for study - bookstore,Education
Had Domino's Tea,Food
Paid for NEA Property tax,Bills
Enrolled in Exam fee,Education
Enrolled in College tuition,Education
Tire replacement - InDrive,Transport
Took a InDrive Fuel station,Transport
Purchased Samosa,Food
Phone bill - insurance company,Bills
Purchased local garage Bike wash,Transport
Auto rickshaw fare for November,Transport
Movie ticket for October,Entertainment
Laptop bag,Shopping
Paid for Backpack from local mall,Shopping
Bought College supplies from library,Education
Subscribed to Netflix Amusement park ticket,Entertainment
Purchased new Kitchenware for college,Shopping
Ordered Cap for birthday gift,Shopping
Paid for pharmacy Surgery cost,Health
Refueled with petrol pump Uber ride,Transport
Bought food court Waffles,Food
Took a Car service to college,Transport
Enrolled in Coaching class fee for the workshop,Education
Paid for Tire replacement from Uber,Transport
YouTube Premium from YouTube,Entertainment
Maintenance fee for December,Bills
Enrolled in University fee for the workshop,Education
College fee - bookstore,Education
Cleared Water tank refill from landlord,Bills
WiFi payment for October,Bills
Paid for Physiotherapy session from gym,Health
Paid Credit card payment,Bills
Paid for Health checkup from pharmacy,Health
Bought Sneakers from shopping center,Shopping
Monthly Insurance premium,Bills
Snack at campus canteen Dal bhat,Food
Exam fee - university,Education
Bought Music album from PlayStation,Entertainment
Purchased Uber ride for weekend trip,Transport
Dinner at local bakery Chicken curry,Food
Bought Pancakes from Foodmandu,Food
Booked Theatre ticket with friends,Entertainment
Refueled with Petrol to the mall,Transport
Paid for Spotify Cinema ticket,Entertainment
Registered for Software license for study from bookstore,Education
Used local garage Train ticket,Transport
Bought Dental treatment monthly,Health
Cleared NEA Credit card payment,Bills
Paid for Mobile recharge from local ISP,Bills
Kitchenware for July,Shopping
Got a new Backpack from boutique,Shopping
Board game - Xbox Game Pass,Entertainment
Cleared Cable TV bill from telecom provider,Bills
Took out Donuts from Foodmandu,Food
Refueled with local garage Cab fare,Transport
Home loan installment for December,Bills
Paid for Property tax from NEA,Bills
Credit card payment - telecom provider,Bills
Refueled with Metro card recharge,Transport
Renewed Netflix Board game,Entertainment
Purchased Thesis printing this semester,Education
Stationery - bookstore,Education
Booked petrol pump Scooter rental,Transport
Bought College tuition this semester,Education
Bought Sunglasses online order,Shopping
Paid insurance company Mobile recharge,Bills
Purchased Project materials from bookstore,Education
Snack at Bubble tea with friends,Food
Cleared WiFi payment,Bills
Paid Udemy Programming course,Education
Loan EMI - bank,Bills
Registered for Udemy Online course,Education
Subscribed to Xbox Game Pass Board game,Entertainment
Petrol for February,Transport
Subscribed to Spotify Bowling session,Entertainment
Paid for Daraz Jacket,Shopping
Ordered boutique Jeans,Shopping
Bought Steam purchase from PlayStation,Entertainment
Got a new Wallet from online store,Shopping
Paid for Eye checkup monthly,Health
Renewed Netflix Netflix subscription,Entertainment
Booked YouTube Premium with friends,Entertainment
Purchased InDrive Parking fee,Transport
Enrolled in Software license for study from local college,Education
Booked wellness center Physiotherapy session,Health
Bought local college College supplies,Education
Visited for Doctor appointment from hospital,Health
Recharged Petrol,Transport
Spotify E-book purchase,Entertainment
Got a new Backpack for birthday gift,Shopping
Grabbed Fruits with friends,Food
Seminar fee for March,Education
Ordered Sunglasses from local mall,Shopping
Refueled with Bike wash from InDrive,Transport
Paid for Comic book from PlayStation,Entertainment
Renewed Gaming subscription family plan,Entertainment
Snacks - KFC,Food
Renewed Board game from Netflix,Entertainment
Booked Cab fare to home,Transport
Disney+ subscription - Spotify,Entertainment
Medicine for November,Health
Paid Maintenance fee from insurance company,Bills
Shopping for Power bank from shopping center,Shopping
Dal bhat - street food stall,Food
Sneakers - online store,Shopping
Paid for E-book purchase from PlayStation,Entertainment
Bought Project materials,Education
Stand-up comedy show from local cinema,Entertainment
Bike repair for May,Transport
Helmet purchase to the mall,Transport
Booked Board game from PlayStation,Entertainment
Subscribed to Spotify subscription family plan,Entertainment
Thukpa for February,Food
Renewed Comic book annual plan,Entertainment
Socks from Amazon,Shopping
Went for Blood test from local clinic,Health
Took a Parking fee from Sajha Yatayat,Transport
Subscribed to E-book purchase from PlayStation,Entertainment
Purchased Netflix Steam purchase,Entertainment
Booked Concert ticket family plan,Entertainment
Settled Cable TV bill from local ISP,Bills
Got a new Earrings online order,Shopping
Maintenance fee - insurance company,Bills
Bought Coaching class fee from Coursera,Education
Visited for Dental treatment from diagnostic center,Health
Netflix subscription - PlayStation,Entertainment
Had Sushi for the party,Food
Purchased new Watch for office,Shopping
Dinner at Sandwich with family,Food
Used Parking fee to hospital,Transport
Bought Study materials from Coursera,Education
Used Vehicle insurance for weekend trip,Transport
Parking fee for November,Transport
Bought Wow Momo Salad,Food
Laptop bag for January,Shopping
Booked wellness center Painkillers,Health
Bought Gaming subscription from Disney+,Entertainment
Used gas station Bike rental,Transport
Paid for wellness center Health insurance premium,Health
Paid for InDrive Bike repair,Transport
Purchased new boutique Perfume,Shopping
Paid Library fine,Education
Purchased Xbox Game Pass Amazon Prime membership,Entertainment
Amazon Prime PlayStation Plus,Entertainment
Enrolled in Textbooks annual fee,Education
Paid for Disney+ subscription from Spotify,Entertainment
Recharged Metro card recharge to office,Transport
Ordered Jeans from outlet store,Shopping
Subscribed to Netflix subscription annual plan,Entertainment
Cleared landlord Apartment rent,Bills
Purchased university Stationery,Education
Fruits - Burger King,Food
Paid Software license for study this semester,Education
YouTube Premium for December,Entertainment
Used Tire replacement to the mall,Transport
Settled local ISP Maintenance fee,Bills
Paid Certification exam from local college,Education
Paid for Perfume from local mall,Shopping
Chicken curry for April,Food
Purchased InDrive Bike fuel,Transport
Maintenance fee for August,Bills
Purchased new Makeup kit from shopping center,Shopping
Paid Exam fee from library,Education
Refueled with Pathao Train ticket,Transport
Registered for University fee from local college,Education
Refueled with Pathao Flight ticket,Transport
Recharged local garage Pathao ride,Transport
Paid Exam fee for the workshop,Education
Monthly insurance company Garbage collection fee,Bills
Bought Donuts from McDonald's,Food
Bought local clinic Medical bill,Health
Health checkup,Health
Paid for local mall Socks,Shopping
Had Kebab with friends,Food
Purchased Software license for study from Coursera,Education
Bus ticket from Sajha Yatayat,Transport
Arcade tokens weekend outing,Entertainment
Purchased new local mall Charger,Shopping
Lab test for September,Health
X-ray - gym,Health
Paid utility company Property tax,Bills
Booked E-book purchase weekend outing,Entertainment
Paid for PlayStation Theatre ticket,Entertainment
Paid House rent from NEA,Bills
Paid for Car rental from local garage,Transport
Purchased Steam Netflix subscription,Entertainment
Board game for January,Entertainment
Purchased new Jacket from outlet store,Shopping
Purchased Spotify Theatre ticket,Entertainment
Dinner at Pastry takeaway,Food
Used Vehicle insurance from petrol pump,Transport
Paid for Dental appointment routine visit,Health
Breakfast at Rice bag from Pizza Hut,Food
Shopping for Backpack from outlet store,Shopping
Paid for Tea with family,Food
Booked gas station Flight ticket,Transport
Paid for Health insurance premium from hospital,Health
Paid WiFi payment for the house,Bills
Ride share for November,Transport
Certification exam - Udemy,Education
Paid for Belt,Shopping
Subscribed to Spotify subscription from Xbox Game Pass,Entertainment
Paid for InDrive Bike wash,Transport
Booked Yoga class fee,Health
Took a Uber Auto rickshaw fare,Transport
Seminar fee - university,Education
Milk - Starbucks,Food
Used gas station Ride share,Transport
Daraz Headphones,Shopping
Cable TV bill - insurance company,Bills
Paid for insurance company Water tank refill,Bills
Paid Maintenance fee quarterly payment,Bills
Refueled with Car rental from Pathao,Transport
Paid for Maintenance fee,Bills
Monthly Internet bill from landlord,Bills
Registered for Software license for study from university,Education
Purchased new online store Electronics gadget,Shopping
Movie ticket for June,Entertainment
Gas cylinder for February,Bills
Ordered Headphones for college,Shopping
Monthly Home loan installment from telecom provider,Bills
Booked Bowling session with friends,Entertainment
Went for Doctor appointment from local clinic,Health
Took a Parking fee for a trip,Transport
Visited for Eye checkup from gym,Health
Purchased Bubble tea at office,Food
Yoga class fee - wellness center,Health
Bought Bubble tea,Food
Bought Spotify subscription,Entertainment
Purchased Online course annual fee,Education
Lunch at hotel restaurant Falafel,Food
Eggs - campus canteen,Food
Ordered Vegetables from Foodmandu,Food
Monthly House rent from insurance company,Bills
Ordered Fried chicken on the way home,Food
Dental appointment,Health
Paid Water bill annual payment,Bills
Paid for local clinic Lab test,Health
Enrolled in Exam fee for the workshop,Education
Ordered Earrings for office,Shopping
Bought Subway Eggs,Food
Monthly Cable TV bill for the house,Bills
Paid School books from Udemy,Education
Monthly rent for June,Bills
Bedsheet for office,Shopping
Dinner at Burrito from restaurant,Food
Cleared insurance company Electricity bill,Bills
Paid university Software license for study,Education
College tuition - coaching center,Education
Enrolled in Seminar fee for the workshop,Education
Music album - Amazon Prime,Entertainment
Bought Bowling session annual plan,Entertainment
Went for Yoga class fee,Health
Went for Physiotherapy session checkup,Health
Registered for Udemy Seminar fee,Education
Used Helmet purchase from local garage,Transport
Paid for wellness center Doctor appointment,Health
Bike fuel for December,Transport
Took a Diesel from Pathao,Transport
Paid for Perfume from Amazon,Shopping
Subscribed to Bowling session from Netflix,Entertainment
Renewed Movie ticket annual plan,Entertainment
Purchased new Shoes from boutique,Shopping
Refueled with Pathao Toll fee,Transport
Bought Headphones from Daraz,Shopping
Bought local mall Sweater,Shopping
Purchased new Laptop bag for office,Shopping
Purchased PlayStation Netflix subscription,Entertainment
Paid for online store Curtains,Shopping
Milk - Burger King,Food
Paid for diagnostic center Vitamin supplements,Health
Video game purchase for April,Entertainment
Refueled with Tootle Toll fee,Transport
Parking fee - Sajha Yatayat,Transport
Water bill for May,Bills
Took a Parking fee from InDrive,Transport
Purchased new Umbrella for birthday gift,Shopping
Mobile recharge - landlord,Bills
Paid Cable TV bill for the house,Bills
Bought Surgery cost from local clinic,Health
Electronics gadget from Daraz,Shopping
Ordered Curtains from local mall,Shopping
Cleared Garbage collection fee,Bills
Netflix subscription from Netflix,Entertainment
Visited for Dental treatment from pharmacy,Health
Cleared local ISP Cable TV bill,Bills
Paid for Auto rickshaw fare,Transport
Purchased new Jeans from boutique,Shopping
Subscribed to Steam Karaoke night,Entertainment
Necklace - local mall,Shopping
Paid for Gym membership from pharmacy,Health
Flight ticket for December,Transport
Got a new Shirt,Shopping
Paid for Board game from YouTube,Entertainment
Subscribed to PlayStation Steam purchase,Entertainment
Laptop bag - local mall,Shopping
Bought Shoes for office,Shopping
Settled NEA Internet bill,Bills
Gas cylinder - local ISP,Bills
Snack at Vegetables,Food
Booked Tootle Fuel station,Transport
Purchased Seminar fee from library,Education
Took out Sandwich with friends,Food
Monthly rent - NEA,Bills
Wallet - shopping center,Shopping
Paid landlord Insurance premium,Bills
Flight ticket - InDrive,Transport
Paid College tuition for the workshop,Education
Dinner at campus canteen Sandwich,Food
Enrolled in Udemy Software license for study,Education
Took a Bus ticket for a trip,Transport
Bought dhaba Sushi,Food
Got a new Umbrella from online store,Shopping
Took out KFC Bread,Food
Cleared NEA House rent,Bills
Enrolled in Seminar fee,Education
Bought Power bank from local mall,Shopping
Subscribed to PlayStation Netflix subscription,Entertainment
Purchased new Cap online order,Shopping
Went for Eye checkup,Health
Took a Auto rickshaw fare from Pathao,Transport
Paid for Theatre ticket from PlayStation,Entertainment
YouTube Premium weekend outing,Entertainment
Recharged Metro card recharge to the mall,Transport
Purchased Exam fee from library,Education
Shopping for online store Bag,Shopping
Bought Programming course from university,Education
Flight ticket for June,Transport
Purchased School books from library,Education
Car rental for August,Transport
Refueled with Auto rickshaw fare to hospital,Transport
Got a new local mall Sunglasses,Shopping
Library fine - Coursera,Education
Went for Health insurance premium,Health
Cake - street food stall,Food
Paid for Concert ticket annual plan,Entertainment
Bowling session annual plan,Entertainment
Cleared Property tax,Bills
Paid for Dental treatment monthly,Health
Bought Textbooks from library,Education
Purchased new Shirt,Shopping
Bought Ice cream,Food
Workshop registration - library,Education
Bought Amazon Phone case,Shopping
Car rental for March,Transport
Jacket from online store,Shopping
Paid Project materials from library,Education
Cleared Monthly rent,Bills
Sneakers for birthday gift,Shopping
Paid for Parking fee from InDrive,Transport
Recharged Uber ride to hospital,Transport
Karaoke night from Xbox Game Pass,Entertainment
Refueled with Vehicle insurance for a trip,Transport
Falafel - Wow Momo,Food
Used Uber Bike fuel,Transport
Booked Disney+ Music album,Entertainment
Registered for library Stationery,Education
Textbooks - university,Education
Registered for Exam fee from Coursera,Education
Visited for gym Vaccination,Health
Purchased Bowling session weekend outing,Entertainment
Booked Bus ticket to home,Transport
Bought bookstore University fee,Education
Burrito for June,Food
Enrolled in Study materials from university,Education
Booked Toll fee to college,Transport
Subscribed to Amazon Prime Concert ticket,Entertainment
Registered for local college Lab fee,Education
Booked Fuel station for a trip,Transport
Booked Disney+ subscription family plan,Entertainment
Took a Car service,Transport
Health insurance premium - local clinic,Health
Registered for Programming course annual fee,Education
Purchased Waffles at office,Food
Booked Disney+ subscription from Amazon Prime,Entertainment
Monthly Apartment rent this month,Bills
Snack at Kebab during break,Food
Paid for Netflix subscription,Entertainment
Shopping for Furniture piece from Daraz,Shopping
Milkshake - Domino's,Food
Monthly Maintenance fee for the apartment,Bills
Booked hospital Vaccination,Health
Went for Medical bill from diagnostic center,Health
Bag from Amazon,Shopping
Ordered Cake from hotel restaurant,Food
Took out Fried chicken with family,Food
Visited for Vitamin supplements follow-up visit,Health
Breakfast at cafe Bubble tea,Food
Registered for university Project materials,Education
Purchased Textbooks from library,Education
Took out Donuts with family,Food
Purchased Arcade tokens from Spotify,Entertainment
Mobile recharge for September,Bills
Seminar fee for September,Education
Booked Yoga class fee from local clinic,Health
Earrings for November,Shopping
Settled Water bill from landlord,Bills
Used Cab fare from gas station,Transport
Paid for Diesel to the mall,Transport
Refueled with local garage Scooter rental,Transport
Paid for telecom provider Garbage collection fee,Bills
Took a Pathao ride to the mall,Transport
Took out Milkshake,Food
Xbox Game Pass Gaming subscription,Entertainment
Paid University fee from library,Education
Dental appointment - wellness center,Health
Dinner at Noodles delivery order,Food
Bought diagnostic center Health insurance premium,Health
Paid for Metro card recharge for weekend trip,Transport
Refueled with Tire replacement for a trip,Transport
Purchased local college Textbooks,Education
Dinner at restaurant Cooking oil,Food
Settled Loan EMI from landlord,Bills
Enrolled in School books this semester,Education
Bought coaching center Online course,Education
Workshop registration for October,Education
Settled Maintenance fee for the apartment,Bills
Ordered Shirt online order,Shopping
Shopping for Wallet from local mall,Shopping
Flight ticket,Transport
Used Uber ride from InDrive,Transport
Paid Textbooks from library,Education
Dinner at Dal bhat from cafe,Food
Renewed Streaming service from PlayStation,Entertainment
Used InDrive Helmet purchase,Transport
Purchased new Laptop bag seasonal sale,Shopping
Snack at street food stall Steak,Food
Bought Subway Juice,Food
Purchased Certification exam from bookstore,Education
Subscribed to Concert ticket from Netflix,Entertainment
Furniture piece from local mall,Shopping
Had Momo on the way home,Food
Subscribed to YouTube Concert ticket,Entertainment
Bought Jeans from Daraz,Shopping
Booked Bike wash from InDrive,Transport
Got a new local mall Furniture piece,Shopping
Concert ticket - Amazon Prime,Entertainment
Purchased new Daraz T-shirt,Shopping
Visited for local clinic Surgery cost,Health
Xbox Game Pass Board game,Entertainment
Subscribed to Netflix subscription with friends,Entertainment
Bought local cinema Amazon Prime membership,Entertainment
Purchased new online store Shirt,Shopping
X-ray for April,Health
Settled WiFi payment this month,Bills
Bought Steam purchase monthly plan,Entertainment
Groceries - Pizza Hut,Food
Ordered Vegetables from Subway,Food
Furniture piece,Shopping
Paid for Property tax,Bills
Paid for gas station Flight ticket,Transport
Doctor appointment - diagnostic center,Health
Paid Maintenance fee from landlord,Bills
Bought Udemy Online course,Education
Paid College fee from bookstore,Education
Amazon Prime membership for November,Entertainment
Purchased Bowling session premium plan,Entertainment
Renewed local cinema Video game purchase,Entertainment
Grabbed Coffee,Food
Subscribed to Video game purchase annual plan,Entertainment
Subscribed to Theatre ticket premium plan,Entertainment
Paid Textbooks from coaching center,Education
Bought PlayStation Concert ticket,Entertainment
Paid for wellness center X-ray,Health
Power bank for office,Shopping
Visited for Lab test from pharmacy,Health
Booked X-ray from local clinic,Health
Bought Subway Hot dog,Food
Paid for Bowling session from Xbox Game Pass,Entertainment
Paid university Coaching class fee,Education
Socks - Daraz,Shopping
Booked pharmacy Blood test,Health
Took a Toll fee to college,Transport
Used Metro card recharge from Pathao,Transport
Property tax - local ISP,Bills
Shoes for July,Shopping
Purchased local college School books,Education
Purchased Lab fee,Education
Used Bike rental from petrol pump,Transport
Train ticket from Uber,Transport
Enrolled in university Certification exam,Education
Renewed Concert ticket annual plan,Entertainment
Spotify subscription from Disney+,Entertainment
Paid coaching center Study materials,Education
Registered for Lab fee this semester,Education
Refueled with petrol pump Bike fuel,Transport
Paid for Concert ticket from local cinema,Entertainment
Purchased new Phone case from online store,Shopping
Cleared landlord Home loan installment,Bills
Paid for telecom provider Gas cylinder,Bills
Bought Phone case from local mall,Shopping
Bought Amazon Prime Bowling session,Entertainment
Ramen - Burger King,Food
Settled Monthly rent from utility company,Bills
Pizza - hotel restaurant,Food
Took out Fried rice with friends,Food
Got a new Jeans from online store,Shopping
Board game from Spotify,Entertainment
Cleared insurance company Gas cylinder,Bills
Enrolled in Exam fee from university,Education
Purchased new Daraz Sunglasses,Shopping
Recharged Diesel for weekend trip,Transport
Ordered local mall Charger,Shopping
Electronics gadget for September,Shopping
Paid Textbooks for the course,Education
Paid University fee from coaching center,Education
Shopping for Charger online order,Shopping
Snack at Pizza,Food
Perfume for October,Shopping
Paid for Garbage collection fee from NEA,Bills
Bought coaching center Programming course,Education
Visited for Vaccination from local clinic,Health
Health insurance premium for October,Health
Ordered Sandwich after work,Food
Cleared utility company Apartment rent,Bills
Got a new Backpack from shopping center,Shopping
Went for pharmacy Painkillers,Health
Pizza - dhaba,Food
Concert ticket for February,Entertainment
Purchased Train ticket to college,Transport
Paid for Disney+ PlayStation Plus,Entertainment
Bought Seminar fee from local college,Education
Registered for Exam fee annual fee,Education
Settled utility company Property tax,Bills
Settled telecom provider Insurance premium,Bills
Took a Uber Bus ticket,Transport
Sneakers from online store,Shopping
Paid for Dental appointment from wellness center,Health
Registered for Udemy Study materials,Education
Went for X-ray checkup,Health
Purchased Steam purchase premium plan,Entertainment
Paid coaching center Exam fee,Education
Lunch at Starbucks Grilled fish,Food
Purchased Certification exam,Education
Insurance premium for September,Bills
Paid for X-ray from hospital,Health
Cab fare - local garage,Transport
Certification exam - coaching center,Education
Purchased Online course from library,Education
Paid for Disney+ Stand-up comedy show,Entertainment
Refueled with Diesel to hospital,Transport
Paid for Pathao Petrol,Transport
Fried rice - Bajeko Sekuwa,Food
Ordered Amazon Socks,Shopping
Bought Stand-up comedy show from Xbox Game Pass,Entertainment
Purchased new Amazon Makeup kit,Shopping
Renewed Arcade tokens family plan,Entertainment
Purchased Sajha Yatayat Toll fee,Transport
Biryani for July,Food
Biryani - Foodmandu,Food
Movie ticket - YouTube,Entertainment
Booked diagnostic center X-ray,Health
Society fee for September,Bills
Purchased new online store Curtains,Shopping
Maintenance fee for July,Bills
Paid for Steam purchase from Amazon Prime,Entertainment
Took a Uber ride to the mall,Transport
Booked Video game purchase from Spotify,Entertainment
Bought boutique Bag,Shopping
Sajha Yatayat Vehicle insurance,Transport
Shopping for Headphones,Shopping
Loan EMI for September,Bills
Paid for Surgery cost,Health
Refueled with Diesel from Tootle,Transport
French fries for August,Food
Grabbed Pizza Hut Chowmein,Food
Noodles for May,Food
Breakfast at Pizza from local bakery,Food
Gym membership - hospital,Health
Monthly Maintenance fee from telecom provider,Bills
Dosa for July,Food
Hot dog for May,Food
Daraz Wallet,Shopping
Purchased new outlet store Electronics gadget,Shopping
Paid Coaching class fee from local college,Education
Ordered Kitchenware for office,Shopping
Went for Physiotherapy session,Health
Soup - Starbucks,Food
Got a new outlet store T-shirt,Shopping
Purchased Cab fare from petrol pump,Transport
Refueled with Bike rental from local garage,Transport
Had Groceries from street food stall,Food
Paid for outlet store Belt,Shopping
Monthly Water tank refill annual payment,Bills
Renewed Streaming service from Xbox Game Pass,Entertainment
Vehicle insurance for October,Transport
Bought Textbooks,Education
Lunch at Juice,Food
Paid for Amusement park ticket with friends,Entertainment
Subscribed to Concert ticket annual plan,Entertainment
Certification exam for March,Education
Surgery cost for July,Health
Bought Vaccination emergency visit,Health
Paid for Sajha Yatayat Car service,Transport
Registered for coaching center School books,Education
Purchased Steam Steam purchase,Entertainment
Paid for Physiotherapy session checkup,Health
Purchased Xbox Game Pass Netflix subscription,Entertainment
Dental appointment - local clinic,Health
Registered for Online course annual fee,Education
Pasta for March,Food
Scooter rental for October,Transport
Vitamin supplements for February,Health
Purchased PlayStation Steam purchase,Entertainment
Diesel for February,Transport
Purchased Software license for study,Education
Went for Dental appointment from hospital,Health
Settled Water tank refill annual payment,Bills
Refueled with Diesel from Sajha Yatayat,Transport
Settled Property tax from landlord,Bills
Enrolled in Library fine from university,Education
Took a Flight ticket from Uber,Transport
Paid telecom provider Loan EMI,Bills
YouTube Premium for June,Entertainment
Booked local clinic Yoga class fee,Health
Bought YouTube Disney+ subscription,Entertainment
Took a Bike wash to office,Transport
Bought T-shirt from Daraz,Shopping
Settled Society fee from local ISP,Bills
Paid for Fuel station to home,Transport
Took a petrol pump Vehicle insurance,Transport
Paid Cable TV bill,Bills
Renewed Concert ticket premium plan,Entertainment
Booked hospital Physiotherapy session,Health
Visited for Painkillers checkup,Health
Paid Internet bill from utility company,Bills
Ordered Daraz Socks,Shopping
Got a new Kitchenware from Amazon,Shopping
Recharged Auto rickshaw fare from Pathao,Transport
Physiotherapy session for August,Health
Lunch at Smoothie,Food
School books for June,Education
Purchased Bus ticket to home,Transport
Subscribed to Board game from local cinema,Entertainment
Shopping for Backpack from Daraz,Shopping
Grabbed Pastry during break,Food
Tire replacement for weekend trip,Transport
Ordered Phone case online order,Shopping
Bought local mall Makeup kit,Shopping
Paid telecom provider Gas cylinder,Bills
Paid Textbooks from bookstore,Education
PlayStation Plus,Entertainment
Refueled with local garage Uber ride,Transport
Enrolled in Udemy University fee,Education
Booked Doctor appointment,Health
Fried chicken for March,Food
Bought Lab fee,Education
Shirt for December,Shopping
Eye checkup - local clinic,Health
Settled Water bill from bank,Bills
Refueled with Bus ticket to the mall,Transport
Had Chowmein takeaway,Food
Purchased Workshop registration from university,Education
Booked hospital Eye checkup,Health
Paid for WiFi payment annual payment,Bills
Paid for Insurance premium quarterly payment,Bills
Went for hospital Physiotherapy session,Health
Paid for Hospital bill emergency visit,Health
Stand-up comedy show - Netflix,Entertainment
Paid for Daraz Curtains,Shopping
Visited for Lab test emergency visit,Health
Paid Monthly rent this month,Bills
Used Auto rickshaw fare from Uber,Transport
Lunch at Fried chicken from Foodmandu,Food
Paid Exam fee,Education
Paid Loan EMI quarterly payment,Bills
Purchased new T-shirt for birthday gift,Shopping
Paid for Dosa delivery order,Food
Settled Apartment rent from NEA,Bills
Purchased Exam fee from Udemy,Education
Enrolled in Coursera Library fine,Education
Purchased Uber ride from local garage,Transport
Enrolled in Project materials from university,Education
Ordered Dal bhat with friends,Food
Enrolled in library Software license for study,Education
Paid landlord Home loan installment,Bills
Purchased Netflix Board game,Entertainment
local garage Diesel,Transport
Video game purchase for May,Entertainment
Used Pathao ride for weekend trip,Transport
Got a new Power bank online order,Shopping
Bought shopping center Umbrella,Shopping
Grabbed Rice bag,Food
YouTube Stand-up comedy show,Entertainment
Shopping for local mall Umbrella,Shopping
Fried rice - dhaba,Food
Bought Board game with friends,Entertainment
Grabbed Ramen,Food
Booked Vaccination from hospital,Health
Necklace for February,Shopping
Kitchenware for September,Shopping
Paid for Loan EMI from bank,Bills
Breakfast at Kebab delivery order,Food
Subscribed to Amazon Prime membership family plan,Entertainment
Purchased new outlet store Bedsheet,Shopping
Took out Bread,Food
Went for local clinic X-ray,Health
Registered for university College supplies,Education
Paid for Steam Netflix subscription,Entertainment
Subscribed to Concert ticket from Amazon Prime,Entertainment
Streaming service - Spotify,Entertainment
outlet store Umbrella,Shopping
Salad - restaurant,Food
Paid for shopping center Jacket,Shopping
Hospital bill - pharmacy,Health
Paid for Car rental to college,Transport
Booked Medical bill from local clinic,Health
Ordered Daraz Jacket,Shopping
Recharged Ride share from Pathao,Transport
Purchased College fee,Education
Booked Netflix subscription from Disney+,Entertainment
Booked Eye checkup checkup,Health
Booked X-ray from wellness center,Health
Went for wellness center Eye checkup,Health
Purchased new Headphones from outlet store,Shopping
Paid for boutique Headphones,Shopping
Recharged Fuel station airport transfer,Transport
Ordered Curtains for office,Shopping
College fee for November,Education
Purchased Karaoke night monthly plan,Entertainment
Paid for diagnostic center X-ray,Health
Paid for Car service,Transport
Booked Bike repair from Tootle,Transport
Bought Socks from shopping center,Shopping
Society fee - insurance company,Bills
Biryani - Domino's,Food
Paid for Daraz Sunglasses,Shopping
Comic book - YouTube,Entertainment
Dosa - Subway,Food
Pizza for May,Food
Paid for Tea,Food
WiFi payment for September,Bills
Got a new Belt from shopping center,Shopping
Paid for Fuel station,Transport
Ordered Bubble tea from McDonald's,Food
Visited for Painkillers from gym,Health
Monthly rent for December,Bills
Purchased Ride share to the mall,Transport
Workshop registration - Udemy,Education
Monthly rent for May,Bills
Ordered Power bank,Shopping
Recharged Train ticket from Uber,Transport
Lunch at Fried chicken,Food
Paid for Doctor appointment emergency visit,Health
Bought Gym membership routine visit,Health
Painkillers for April,Health
Monthly rent for September,Bills
Renewed E-book purchase annual plan,Entertainment
Purchased Bike fuel from InDrive,Transport
Got a new Shirt from online store,Shopping
Dal bhat - KFC,Food
Booked Fuel station from local garage,Transport
Paid for diagnostic center Doctor appointment,Health
Bought wellness center Medicine,Health
Registered for local college Stationery,Education
Cleared bank Water bill,Bills
Subscribed to Disney+ subscription from local cinema,Entertainment
PlayStation Plus for May,Entertainment
Visited for Vitamin supplements from local clinic,Health
Subscribed to YouTube Premium from Disney+,Entertainment
Loan EMI for February,Bills
Went for Doctor appointment follow-up visit,Health
Bought Daraz Jeans,Shopping
Monthly Monthly rent from local ISP,Bills
Paid Thesis printing,Education
Library fine for August,Education
Monthly landlord Loan EMI,Bills
Settled Electricity bill from local ISP,Bills
YouTube Premium - Netflix,Entertainment
Cleared utility company House rent,Bills
Bedsheet from Amazon,Shopping
Paid for Dental appointment follow-up visit,Health
Bought Online course from coaching center,Education
Paid for Apartment rent from bank,Bills
Medicine for January,Health
Took out Domino's Burrito,Food
Purchased Coaching class fee for the course,Education
Booked Health insurance premium follow-up visit,Health
Coffee for August,Food
Registered for Seminar fee,Education
Bought X-ray from pharmacy,Health
Registered for Certification exam,Education
Bought Headphones from boutique,Shopping
Purchased Diesel,Transport
Paid for Stand-up comedy show from PlayStation,Entertainment
Took a Cab fare to college,Transport
Monthly Water tank refill,Bills
Went for Vitamin supplements from diagnostic center,Health
Purchased Vehicle insurance to hospital,Transport
Bus ticket,Transport
Paid for Amazon Socks,Shopping
Paid Udemy Study materials,Education
Bought Online course annual fee,Education
Paid local college Online course,Education
Subscribed to E-book purchase from Steam,Entertainment
Shopping for Jacket online order,Shopping
Paid College fee from university,Education
Settled Apartment rent for the house,Bills
Shopping for Kitchenware for college,Shopping
Paid for Metro card recharge to college,Transport
Used Scooter rental from InDrive,Transport
Paid for Thukpa,Food
Ordered Shirt from boutique,Shopping
Bought Pancakes at college,Food
Groceries - Burger King,Food
Purchased Board game,Entertainment
Paid Loan EMI from bank,Bills
Lab fee for September,Education
Booked local cinema Board game,Entertainment
local garage Bike wash,Transport
Bought Health checkup from wellness center,Health
Bought Theatre ticket weekend outing,Entertainment
Paid for outlet store Headphones,Shopping
Booked Diesel from local garage,Transport
petrol pump Flight ticket,Transport
Bought Physiotherapy session,Health
Paid for Backpack online order,Shopping
Amusement park ticket for September,Entertainment
Breakfast at Pizza at college,Food
Gym membership for September,Health
Booked Bus ticket to office,Transport
Booked Spotify Spotify subscription,Entertainment
Bus ticket from Uber,Transport
Booked Tire replacement to hospital,Transport
Purchased Burger King Vegetables,Food
Purchased Chowmein from local bakery,Food
Had Ramen from food court,Food
Had Waffles from Starbucks,Food
Ordered Fried chicken with friends,Food
Breakfast at Sandwich at office,Food
Grabbed Milk from Subway,Food
Medicine for July,Health
Settled Garbage collection fee from landlord,Bills
Purchased YouTube Gaming subscription,Entertainment
Bought Concert ticket monthly plan,Entertainment
Bought local cinema Streaming service,Entertainment
Bought College supplies from university,Education
Purchased Steam Theatre ticket,Entertainment
Registered for Seminar fee for the course,Education
Paid for Property tax for the house,Bills
Paid Electricity bill for the apartment,Bills
Paid for Taxi fare from Tootle,Transport
Breakfast at Snacks from street food stall,Food
Shopping for local mall Wallet,Shopping
Enrolled in Workshop registration from Coursera,Education
Bought Steam Bowling session,Entertainment
Paid for Sajha Yatayat Vehicle insurance,Transport
Board game for June,Entertainment
Paid for local clinic Dental appointment,Health
Bought Vaccination,Health
Netflix subscription - Steam,Entertainment
Study materials - Coursera,Education
Purchased Car rental to the mall,Transport
Booked Spotify Disney+ subscription,Entertainment
Tea for June,Food
Paid for petrol pump Cab fare,Transport
Uber ride - Uber,Transport
Paid for Uber ride airport transfer,Transport
Fruits - Domino's,Food
Bought Study materials from coaching center,Education
Hospital bill for February,Health
Paid Coaching class fee from university,Education
Paid for Coffee on the way home,Food
Fruits for March,Food
Bought Amazon Prime membership premium plan,Entertainment
Paid for Burger King Kebab,Food
Health insurance premium for December,Health
Paid for Vitamin supplements,Health
Booked Hospital bill,Health
Took out Pasta,Food
Paid telecom provider House rent,Bills
Enrolled in School books annual fee,Education
Taco - Pizza Hut,Food
Bought Painkillers from hospital,Health
Visited for Dental appointment from hospital,Health
Bought local clinic Pharmacy purchase,Health
Bus ticket - InDrive,Transport
Bowling session from Xbox Game Pass,Entertainment
Bought KFC Pizza,Food
Ordered Taco with family,Food
Got a new boutique Umbrella,Shopping
Subscribed to Comic book from PlayStation,Entertainment
Paid for Laptop bag online order,Shopping
Paid for NEA Maintenance fee,Bills
Booked local clinic Doctor appointment,Health
Gas cylinder for August,Bills
Got a new Bedsheet from local mall,Shopping
Purchased Steam purchase weekend outing,Entertainment
Amazon Prime Movie ticket,Entertainment
Earrings - online store,Shopping
Cleared Maintenance fee from local ISP,Bills
Shoes for February,Shopping
Bought Blood test from diagnostic center,Health
Bought Exam fee from coaching center,Education
Subscribed to Disney+ subscription from PlayStation,Entertainment
Settled Cable TV bill for the apartment,Bills
Got a new Electronics gadget from outlet store,Shopping
Renewed Arcade tokens from Spotify,Entertainment
Paid for Watch for office,Shopping
Grabbed Sandwich from Subway,Food
Shopping for Kitchenware from Daraz,Shopping
Ordered Sneakers from Daraz,Shopping
Got a new Belt for college,Shopping
Medicine for May,Health
Headphones - boutique,Shopping
Bought Bedsheet for office,Shopping
Paid for local clinic Physiotherapy session,Health
Visited for Health checkup routine visit,Health
Tea for November,Food
Bag from shopping center,Shopping
Shoes for November,Shopping
Went for Lab test,Health
Booked Medical bill monthly,Health
Bought Painkillers,Health
Snack at Bread,Food
Enrolled in Programming course,Education
Parking fee - Uber,Transport
Purchased Library fine from library,Education
Paid for Fuel station to college,Transport
Study materials for August,Education
Loan EMI for December,Bills
Refueled with local garage Bike rental,Transport
Recharged Bike fuel to hospital,Transport
Subscribed to Stand-up comedy show from Xbox Game Pass,Entertainment
Grabbed Rice bag delivery order,Food
Shopping for Earrings from online store,Shopping
Society fee - utility company,Bills
Cable TV bill for January,Bills
Paid for Perfume online order,Shopping
Bought Earrings for birthday gift,Shopping
Recharged gas station Flight ticket,Transport
Booked Fuel station from InDrive,Transport
Physiotherapy session for June,Health
Paid for Steam Theatre ticket,Entertainment
Bought Steam Arcade tokens,Entertainment
Visited for Health checkup from diagnostic center,Health
Rice bag - Starbucks,Food
Lunch at Chowmein for the party,Food
Falafel - McDonald's,Food
Subscribed to Amazon Prime membership premium plan,Entertainment
Lunch at Hot dog with family,Food
Bought local cinema Netflix subscription,Entertainment
Breakfast at Thukpa,Food
Paid telecom provider Phone bill,Bills
Visited for gym X-ray,Health
Steam purchase with friends,Entertainment
Health checkup for January,Health
Shopping for Shoes for birthday gift,Shopping
Seminar fee for July,Education
Visited for hospital Vitamin supplements,Health
Purchased Spotify Netflix subscription,Entertainment
Snack at Fruits from hotel restaurant,Food
Bought PlayStation Plus from Xbox Game Pass,Entertainment
Paid bank Cable TV bill,Bills
Cleared Gas cylinder for the house,Bills
Booked Amazon Prime Concert ticket,Entertainment
Dental treatment - hospital,Health
Phone case for March,Shopping
Had street food stall Milk,Food
Ordered Cap from Daraz,Shopping
Water bill - landlord,Bills
Coffee for July,Food
Grabbed Coffee with family,Food
Enrolled in Stationery for the workshop,Education
Bought boutique Power bank,Shopping
Shopping for Watch online order,Shopping
Booked Bike repair to college,Transport
Ordered Perfume for college,Shopping
Visited for diagnostic center Hospital bill,Health
Bought Backpack for office,Shopping
Paid for Movie ticket family plan,Entertainment
Purchased new shopping center Phone case,Shopping
Enrolled in Textbooks from local college,Education
Recharged Cab fare airport transfer,Transport
Purchased Coursera Seminar fee,Education
Paid for Cab fare from Tootle,Transport
Settled Mobile recharge from utility company,Bills
Cleared Internet bill quarterly payment,Bills
Apartment rent for June,Bills
Settled House rent from telecom provider,Bills
Visited for gym Lab test,Health
boutique Shoes,Shopping
Enrolled in Software license for study annual fee,Education
Lunch at Taco at college,Food
Used local garage Diesel,Transport
Bought College tuition,Education
Monthly insurance company House rent,Bills
Bike fuel for January,Transport
Purchased Amazon Prime Bowling session,Entertainment
X-ray for June,Health
Mobile recharge for February,Bills
Subscribed to Disney+ Theatre ticket,Entertainment
Paid for Chowmein,Food
Shopping for Perfume from Amazon,Shopping
Refueled with petrol pump Diesel,Transport
Shopping for outlet store Belt,Shopping
Necklace - Daraz,Shopping
Grabbed food court Cake,Food
Ordered Electronics gadget seasonal sale,Shopping
Paid for Health insurance premium emergency visit,Health
Bought Udemy University fee,Education
Purchased Seminar fee from coaching center,Education
Registered for College fee for the course,Education
Bought School books annual fee,Education
Purchased new Jeans from Daraz,Shopping
Shirt for office,Shopping
Visited for Eye checkup,Health
Paid for Insurance premium from bank,Bills
Smoothie for November,Food
Got a new Jeans from local mall,Shopping
Purchased InDrive Bus ticket,Transport
Diesel - gas station,Transport
Subscribed to Music album family plan,Entertainment
Bought pharmacy Dental treatment,Health
Purchased new Shirt from shopping center,Shopping
Bought wellness center Physiotherapy session,Health
Comic book - PlayStation,Entertainment
Paid for Theatre ticket from Spotify,Entertainment
Paid bookstore Online course,Education
Paid Water tank refill for the house,Bills
Disney+ Gaming subscription,Entertainment
Booked Yoga class fee from hospital,Health
Paid for landlord Credit card payment,Bills
Recharged Auto rickshaw fare to hospital,Transport
Jacket for February,Shopping
Paid for Spotify Music album,Entertainment
Renewed Spotify subscription from YouTube,Entertainment
Grabbed Bajeko Sekuwa Fruits,Food
Bought Bowling session with friends,Entertainment
Had Milk with friends,Food
Snack at Pancakes at office,Food
Paid for E-book purchase from Steam,Entertainment
Subscribed to Amazon Prime PlayStation Plus,Entertainment
Stand-up comedy show - YouTube,Entertainment
Medicine for June,Health
Paid Maintenance fee this month,Bills
Breakfast at Snacks after work,Food
Registered for Textbooks from local college,Education
Sushi for May,Food
Ordered Electronics gadget for college,Shopping
Booked Streaming service weekend outing,Entertainment
Painkillers for March,Health
Theatre ticket - Amazon Prime,Entertainment
Cleared telecom provider Internet bill,Bills
Purchased YouTube Streaming service,Entertainment
Booked Xbox Game Pass Netflix subscription,Entertainment
Booked Stand-up comedy show from Netflix,Entertainment
Paid Property tax for the house,Bills
Steam Cinema ticket,Entertainment
Got a new Sweater for college,Shopping
Recharged Parking fee to office,Transport
Booked Gym membership checkup,Health
Paid Project materials from Udemy,Education
Renewed Steam Disney+ subscription,Entertainment
Ordered Fried chicken takeaway,Food
Daraz T-shirt,Shopping
Auto rickshaw fare airport transfer,Transport
Bought Shoes from local mall,Shopping
Got a new Shirt from Daraz,Shopping
Ordered shopping center Shoes,Shopping
Paid for Bike wash for weekend trip,Transport
Paid Workshop registration from bookstore,Education
Paid for Bike repair from petrol pump,Transport
Paid insurance company Maintenance fee,Bills
Renewed local cinema Amusement park ticket,Entertainment
Paid Water tank refill from utility company,Bills
Paid School books for the course,Education
Paid for Home loan installment this month,Bills
Cleared Phone bill this month,Bills
Project materials - Coursera,Education
Hot dog - Starbucks,Food
Health insurance premium for September,Health
Settled Phone bill from local ISP,Bills
boutique Umbrella,Shopping
Refueled with Ride share from Uber,Transport
Paid for Insurance premium from insurance company,Bills
X-ray - pharmacy,Health
Monthly utility company Maintenance fee,Bills
Recharged Train ticket to hospital,Transport
Bought Thesis printing annual fee,Education
Paid for Video game purchase from Netflix,Entertainment
Took a Helmet purchase downtown,Transport
Recharged Uber Cab fare,Transport
Bought X-ray emergency visit,Health
Jeans - Daraz,Shopping
T-shirt for May,Shopping
Sweater,Shopping
Paid Credit card payment from local ISP,Bills
Settled Water tank refill for the house,Bills
Monthly Internet bill quarterly payment,Bills
Surgery cost - pharmacy,Health
Bought University fee,Education
Paid for NEA Cable TV bill,Bills
Visited for Physiotherapy session emergency visit,Health
Paid Cable TV bill for the apartment,Bills
Falafel for July,Food
Paid for telecom provider Credit card payment,Bills
Purchased new boutique Jacket,Shopping
Purchased new Shoes from online store,Shopping
Bought Jacket from Daraz,Shopping
Monthly Property tax for the house,Bills
Paid for bank WiFi payment,Bills
Bought Xbox Game Pass Amazon Prime membership,Entertainment
Paid College supplies,Education
Petrol for April,Transport
Purchased PlayStation Comic book,Entertainment
Went for Dental appointment routine visit,Health
Paid for Dumplings from Burger King,Food
Bought Eye checkup monthly,Health
Purchased Bike wash from InDrive,Transport
Paid for Water bill from insurance company,Bills
Paid Thesis printing from university,Education
Lunch at Samosa,Food
Monthly Electricity bill for the house,Bills
Took a Vehicle insurance to home,Transport
Apartment rent - landlord,Bills
Bought School books from bookstore,Education
Paid Cable TV bill from utility company,Bills
Bought hospital Doctor appointment,Health
Paid for Dal bhat,Food
Registered for Stationery from coaching center,Education
Booked Bowling session premium plan,Entertainment
Refueled with Uber Metro card recharge,Transport
Booked Toll fee from petrol pump,Transport
Purchased YouTube Premium weekend outing,Entertainment
Subscribed to Movie ticket monthly plan,Entertainment
Shopping for Makeup kit from boutique,Shopping
Paid for insurance company Electricity bill,Bills
Textbooks for July,Education
Had Hot dog at college,Food
Chowmein for December,Food
Credit card payment for August,Bills
Paid for Sneakers for office,Shopping
Paid for Health checkup monthly,Health
Snack at Donuts,Food
Bought Netflix Amazon Prime membership,Entertainment
Paid for Car service from gas station,Transport
Paid for insurance company WiFi payment,Bills
Bought food court Milk,Food
Programming course - bookstore,Education
Bought College supplies annual fee,Education
Monthly Insurance premium from bank,Bills
Bought Charger from online store,Shopping
Paid for local cinema PlayStation Plus,Entertainment
Cleared utility company Cable TV bill,Bills
Subscribed to YouTube Movie ticket,Entertainment
Paid for Hot dog during break,Food
Paid for shopping center Power bank,Shopping
Paid for X-ray from gym,Health
Snack at local bakery Cooking oil,Food
Bought coaching center Seminar fee,Education
Grabbed Pasta from KFC,Food
Water tank refill for June,Bills
Paid bank Monthly rent,Bills
Went for X-ray from local clinic,Health
Subscribed to Netflix subscription from Netflix,Entertainment
Bought Medicine,Health
Paid for McDonald's Samosa,Food
Cleared Mobile recharge quarterly payment,Bills
Bought Hot dog,Food
Paid for Eye checkup routine visit,Health
Phone bill for December,Bills
Ordered Perfume for office,Shopping
Paid for Netflix Amazon Prime membership,Entertainment
Ordered local mall Jeans,Shopping
Dinner at hotel restaurant Bubble tea,Food
Juice for July,Food
Bought online store Phone case,Shopping
PlayStation Plus from Spotify,Entertainment
Paid for Credit card payment from landlord,Bills
Paid Property tax quarterly payment,Bills
Cleared Apartment rent from local ISP,Bills
Bought Backpack from Daraz,Shopping
Ordered local mall Cap,Shopping
Purchased Starbucks Fried rice,Food
Went for pharmacy Surgery cost,Health
Had Burger at office,Food
Bought Cake from Wow Momo,Food
Subscribed to Xbox Game Pass Arcade tokens,Entertainment
Registered for Exam fee from library,Education
Library fine - coaching center,Education
Steam purchase for November,Entertainment
Cleared Credit card payment quarterly payment,Bills
Purchased Diesel airport transfer,Transport
Used Bike wash from Pathao,Transport
Paid for Bike rental airport transfer,Transport
Watch for college,Shopping
Settled bank Phone bill,Bills
Bought Health insurance premium from gym,Health
Comic book for January,Entertainment
Paid for House rent,Bills
Breakfast at Salad from cafe,Food
Paid for hotel restaurant Coffee,Food
Paid for local clinic Vitamin supplements,Health
Refueled with Auto rickshaw fare,Transport
Paid for Sneakers from online store,Shopping
Monthly Insurance premium from landlord,Bills
Paid for local mall Jacket,Shopping
Snack at Fried chicken from KFC,Food
Enrolled in Programming course from local college,Education
Shopping for Earrings from Amazon,Shopping
Refueled with Tire replacement from Sajha Yatayat,Transport
Seminar fee - Coursera,Education
Pathao ride,Transport
Bought Biryani from food court,Food
Blood test for February,Health
Dinner at Hot dog,Food
Bought Steam purchase from Amazon Prime,Entertainment
Water bill for October,Bills
Grabbed Momo at college,Food
Loan EMI for October,Bills
Loan EMI - local ISP,Bills
Booked Steam purchase with friends,Entertainment
Booked Physiotherapy session,Health
Phone bill for February,Bills
Paid for Makeup kit from online store,Shopping
Milkshake - cafe,Food
Bought Lab test routine visit,Health
Paid for NEA Mobile recharge,Bills
Paid for Fuel station for a trip,Transport
Bought Health checkup,Health
petrol pump Car service,Transport
Paid Coaching class fee,Education
Registered for Project materials from Udemy,Education
Electronics gadget for November,Shopping
Refueled with Tootle Helmet purchase,Transport
Purchased College fee from Udemy,Education
Ordered outlet store Perfume,Shopping
Booked Steam purchase from Spotify,Entertainment
Paid Society fee quarterly payment,Bills
local mall Earrings,Shopping
Paid for PlayStation Concert ticket,Entertainment
Home loan installment for September,Bills
Bought boutique Perfume,Shopping
Snack at KFC Cake,Food
Study materials for May,Education
Refueled with Uber ride from Pathao,Transport
Paid for Cinema ticket annual plan,Entertainment
Sushi - Pizza Hut,Food
Ordered Jeans from Daraz,Shopping
Bought Comic book family plan,Entertainment
Breakfast at KFC Pastry,Food
Breakfast at Vegetables from Domino's,Food
Went for Lab test from wellness center,Health
Paid for Vaccination checkup,Health
Fruits - campus canteen,Food
Car service - Uber,Transport
Bought boutique Belt,Shopping
Booked hospital Blood test,Health
Sajha Yatayat Bike repair,Transport
Used Pathao Train ticket,Transport
Car rental from petrol pump,Transport
Took out Sushi after work,Food
Paid for Arcade tokens weekend outing,Entertainment
Spotify subscription - Spotify,Entertainment
Dinner at Taco takeaway,Food
Took a Taxi fare airport transfer,Transport
Settled WiFi payment for the apartment,Bills
Monthly Garbage collection fee,Bills
Took a Tootle Cab fare,Transport
Bubble tea for March,Food
Lab test - gym,Health
Credit card payment - NEA,Bills
Recharged Sajha Yatayat Bike repair,Transport
Purchased new Daraz Sneakers,Shopping
Purchased Pathao Petrol,Transport
Snack at Pancakes,Food
Certification exam for June,Education
Booked Scooter rental from Pathao,Transport
Paid for outlet store Kitchenware,Shopping
Purchased Vehicle insurance for weekend trip,Transport
Visited for Lab test,Health
Subscribed to Stand-up comedy show from Amazon Prime,Entertainment
Bought Library fine this semester,Education
Ordered Umbrella for birthday gift,Shopping
Curtains from boutique,Shopping
Bought Amazon Prime membership from PlayStation,Entertainment
Yoga class fee for October,Health
Online course for February,Education
Cleared Insurance premium,Bills
Ordered Milkshake from street food stall,Food
Cleared NEA Property tax,Bills
Used Auto rickshaw fare from gas station,Transport
Refueled with InDrive Train ticket,Transport
Video game purchase monthly plan,Entertainment
Internet bill for May,Bills
Dinner at street food stall Burger,Food
Visited for Painkillers,Health
Gym membership for March,Health
Purchased new Earrings from online store,Shopping
Paid for InDrive Train ticket,Transport
Paid for Parking fee to hospital,Transport
Bought Shirt from Amazon,Shopping
Bought dhaba Momo,Food
Booked Dental appointment from local clinic,Health
Ordered Daraz Curtains,Shopping
Took out street food stall Salad,Food
Sandwich - KFC,Food
Recharged Car service to college,Transport
Monthly telecom provider Phone bill,Bills
Movie ticket - Xbox Game Pass,Entertainment
Garbage collection fee for February,Bills
Amazon Charger,Shopping
Enrolled in Thesis printing,Education
Ordered outlet store Power bank,Shopping
Renewed YouTube Premium family plan,Entertainment
Paid for Vitamin supplements emergency visit,Health
Petrol to home,Transport
Shopping for Amazon Jacket,Shopping
Gym membership for July,Health
Purchased Bike rental downtown,Transport
Bought Vitamin supplements,Health
Renewed Amazon Prime membership from Disney+,Entertainment
Monthly rent - telecom provider,Bills
Registered for local college College tuition,Education
University fee for August,Education
Monthly bank Loan EMI,Bills
Grilled fish - Domino's,Food
Paid for Spotify Netflix subscription,Entertainment
Car rental - Uber,Transport
Shopping for Belt from shopping center,Shopping
Bought local college Online course,Education
Purchased Pathao ride from Sajha Yatayat,Transport
Took a Uber Bike rental,Transport
Went for Vitamin supplements,Health
Paid for local ISP Gas cylinder,Bills
Monthly Property tax from bank,Bills
Paid for Toll fee from Tootle,Transport
Paid for Gas cylinder for the apartment,Bills
Society fee - local ISP,Bills
Bought Study materials from library,Education
Visited for Health insurance premium from diagnostic center,Health
Bought Gaming subscription monthly plan,Entertainment
Purchased library School books,Education
Booked Dental appointment from pharmacy,Health
Paid for Shirt from local mall,Shopping
Belt from Daraz,Shopping
Train ticket for January,Transport
Purchased Tire replacement,Transport
Bike repair - InDrive,Transport
Subscribed to E-book purchase from local cinema,Entertainment
Shopping for Socks,Shopping
Took a Auto rickshaw fare airport transfer,Transport
Paid for Bike rental,Transport
Theatre ticket - Netflix,Entertainment
Ordered Electronics gadget from boutique,Shopping
Went for Eye checkup from local clinic,Health
Booked Streaming service from local cinema,Entertainment
Sandwich for June,Food
Visited for Medicine emergency visit,Health
Certification exam - local college,Education
Snack at Taco,Food
Purchased Uber Taxi fare,Transport
Pharmacy purchase - wellness center,Health
Paid for Bag for college,Shopping
Booked Tootle Bike fuel,Transport
Settled Phone bill for the apartment,Bills
Purchased coaching center College tuition,Education
Visited for Doctor appointment emergency visit,Health
Bought Waffles after work,Food
Paid for Health checkup from gym,Health
Paid Workshop registration from library,Education
Paid Study materials,Education
Settled insurance company Property tax,Bills
Purchased Spotify subscription from PlayStation,Entertainment
Renewed Amazon Prime membership from PlayStation,Entertainment
Booked PlayStation Netflix subscription,Entertainment
Bought Health insurance premium,Health
Got a new outlet store Sunglasses,Shopping
Refueled with Uber ride to the mall,Transport
Shopping for Amazon Power bank,Shopping
Paid for Netflix subscription premium plan,Entertainment
Ordered Burrito,Food
Paid for Umbrella for birthday gift,Shopping
Paid for Sneakers from shopping center,Shopping
Purchased new Wallet for college,Shopping
Renewed YouTube Steam purchase,Entertainment
Breakfast at Eggs after work,Food
Monthly Water bill from local ISP,Bills
Purchased Chicken curry from hotel restaurant,Food
Shopping for boutique Necklace,Shopping
Subscribed to Steam purchase weekend outing,Entertainment
Cleared landlord Society fee,Bills
Renewed Amazon Prime Steam purchase,Entertainment
Purchased new Headphones for birthday gift,Shopping
Grabbed Waffles from dhaba,Food
Took a Car service from petrol pump,Transport
Visited for Dental treatment follow-up visit,Health
Bike repair - local garage,Transport
Blood test for November,Health
Spotify subscription family plan,Entertainment
Paid College fee from Coursera,Education
Ordered Starbucks Groceries,Food
Subscribed to Spotify subscription annual plan,Entertainment
Dumplings for June,Food
House rent - utility company,Bills
Booked Metro card recharge from gas station,Transport
Recharged Scooter rental to hospital,Transport
Visited for Vaccination,Health
Bought YouTube Cinema ticket,Entertainment
Stand-up comedy show - Disney+,Entertainment
Snack at Fried rice from food court,Food
Went for diagnostic center Physiotherapy session,Health
Went for pharmacy Vitamin supplements,Health
Paid for Parking fee from Sajha Yatayat,Transport
Chicken curry - McDonald's,Food
Cleared Credit card payment,Bills
Renewed YouTube Premium annual plan,Entertainment
Paid for Apartment rent,Bills
Comic book - Disney+,Entertainment
Bought Project materials for the workshop,Education
Registered for library Project materials,Education
Concert ticket - Xbox Game Pass,Entertainment
Sweater for office,Shopping
Paid utility company Apartment rent,Bills
Subscribed to local cinema Karaoke night,Entertainment
Paid for Groceries for the party,Food
Purchased Workshop registration from Udemy,Education
Paid for Loan EMI for the apartment,Bills
Registered for Coaching class fee,Education
Paid for local garage Train ticket,Transport
Purchased Certification exam from university,Education
Recharged petrol pump Car rental,Transport
Bought Board game from Disney+,Entertainment
Bought Workshop registration from local college,Education
Bought Amazon Makeup kit,Shopping
Renewed Stand-up comedy show from Amazon Prime,Entertainment
Monthly WiFi payment,Bills
Registered for Exam fee,Education
Paid for boutique Bedsheet,Shopping
Renewed local cinema Music album,Entertainment
Shopping for Cap for office,Shopping
Xbox Game Pass Karaoke night,Entertainment
Paid for Streaming service from Amazon Prime,Entertainment
Booked gas station Parking fee,Transport
Shopping for shopping center Sneakers,Shopping
Programming course - Coursera,Education
Bought Udemy Thesis printing,Education
Bought E-book purchase from Spotify,Entertainment
Hospital bill - diagnostic center,Health
Ordered Necklace from shopping center,Shopping
Society fee for May,Bills
Car service for June,Transport
Lunch at Donuts with family,Food
Paid Textbooks for the workshop,Education
Paid for Bike wash from Pathao,Transport
Used InDrive Metro card recharge,Transport
Refueled with InDrive Bike wash,Transport
Paid for Cinema ticket from YouTube,Entertainment
Monthly local ISP Gas cylinder,Bills
Took a Bus ticket from gas station,Transport
Booked Movie ticket from Netflix,Entertainment
Textbooks - Udemy,Education
Shirt for April,Shopping
Paid for Socks online order,Shopping
Purchased Bike repair to college,Transport
Purchased Library fine from university,Education
Shopping for online store Bedsheet,Shopping
Paid for Makeup kit for birthday gift,Shopping
Disney+ subscription from Xbox Game Pass,Entertainment
Bought McDonald's Cooking oil,Food
Booked petrol pump Ride share,Transport
Bought Amazon Shirt,Shopping
Booked Physiotherapy session emergency visit,Health
Purchased Sajha Yatayat Ride share,Transport
Socks for May,Shopping
Registered for Software license for study,Education
Paid for Apartment rent this month,Bills
Bought College fee,Education
Bought university Coaching class fee,Education
Water tank refill for July,Bills
Bought Biryani from Domino's,Food
Recharged Pathao ride to college,Transport
Paid for French fries from local bakery,Food
Physiotherapy session - diagnostic center,Health
Recharged local garage Auto rickshaw fare,Transport
Cleared Water tank refill from bank,Bills
Took out Wow Momo Grilled fish,Food
Monthly Credit card payment annual payment,Bills
Used local garage Metro card recharge,Transport
Got a new Sneakers for birthday gift,Shopping
Auto rickshaw fare to college,Transport
Got a new Sunglasses,Shopping
Charger - shopping center,Shopping
Shopping for outlet store Curtains,Shopping
Health insurance premium for July,Health
Phone case - shopping center,Shopping
Bought Foodmandu Juice,Food
Bought coaching center College tuition,Education
Programming course for March,Education
Monthly Electricity bill,Bills
Booked hospital Medicine,Health
Purchased Library fine,Education
Settled Water tank refill from local ISP,Bills
Purchased new Watch from online store,Shopping
Enrolled in library School books,Education
Took out Pizza Hut Juice,Food
Bought Necklace from local mall,Shopping
Got a new Wallet for birthday gift,Shopping
Bought university Project materials,Education
Sunglasses - outlet store,Shopping
Registered for Thesis printing from university,Education
Registered for coaching center College tuition,Education
Cleared Electricity bill for the apartment,Bills
Booked Disney+ PlayStation Plus,Entertainment
Subscribed to Movie ticket from Disney+,Entertainment
Hospital bill - wellness center,Health
Arcade tokens for September,Entertainment
Paid for Amazon Prime E-book purchase,Entertainment
Purchased new Furniture piece,Shopping
Purchased Bubble tea for the party,Food
Took a InDrive Parking fee,Transport
Paid for Dumplings from Starbucks,Food
Paid for Gaming subscription from Netflix,Entertainment
Cleared Gas cylinder quarterly payment,Bills
Metro card recharge for September,Transport
Booked Yoga class fee routine visit,Health
Bought T-shirt from outlet store,Shopping
Jeans for April,Shopping
Bought diagnostic center Physiotherapy session,Health
Ordered Earrings online order,Shopping
Purchased local garage Bike rental,Transport
Purchased Pathao Helmet purchase,Transport
Went for Yoga class fee from wellness center,Health
Purchased Cab fare from Uber,Transport
Used InDrive Tire replacement,Transport
Bought Socks for office,Shopping
Shopping for Amazon Wallet,Shopping
Shopping for boutique Umbrella,Shopping
Bought Udemy Coaching class fee,Education
Got a new local mall Jacket,Shopping
Renewed Cinema ticket from PlayStation,Entertainment
Got a new T-shirt online order,Shopping
Bought Health insurance premium from hospital,Health
Breakfast at dhaba Taco,Food
Paid Coaching class fee from bookstore,Education
Enrolled in library University fee,Education
Purchased new Phone case online order,Shopping
Paid NEA WiFi payment,Bills
Took a Flight ticket to college,Transport
Went for local clinic Eye checkup,Health
Bought Netflix subscription with friends,Entertainment
Library fine,Education
Paid coaching center Certification exam,Education
Ordered Jacket from online store,Shopping
Auto rickshaw fare from Pathao,Transport
Enrolled in College fee for the workshop,Education
Subscribed to Disney+ subscription premium plan,Entertainment
Booked hospital Pharmacy purchase,Health
Paid for landlord Cable TV bill,Bills
Booked Bike rental from Tootle,Transport
Visited for Yoga class fee checkup,Health
Took a local garage Metro card recharge,Transport
Vehicle insurance from petrol pump,Transport
Subscribed to Theatre ticket from Spotify,Entertainment
Grabbed street food stall Dumplings,Food
Gas cylinder - bank,Bills
Took a InDrive Bike rental,Transport
Paid for Bag for office,Shopping
Booked Theatre ticket from Disney+,Entertainment
Ride share from local garage,Transport
Bought Project materials this semester,Education
Refueled with Cab fare from Pathao,Transport
Paid Gas cylinder from NEA,Bills
Purchased Netflix subscription premium plan,Entertainment
Paid for Video game purchase from Amazon Prime,Entertainment
Subscribed to Spotify subscription from YouTube,Entertainment
Bubble tea - Domino's,Food
Ordered Grilled fish from Subway,Food
Bus ticket for a trip,Transport
Purchased Online course this semester,Education
Paid Udemy Software license for study,Education
Paid for Fried chicken,Food
Paid for Medicine,Health
Took out Pizza,Food
Purchased Burger,Food
Took out Donuts during break,Food
petrol pump Bike repair,Transport
Bought shopping center Earrings,Shopping
Purchased restaurant Momo,Food
Purchased new local mall Laptop bag,Shopping
Recharged Auto rickshaw fare,Transport
Purchased Music album family plan,Entertainment
Doctor appointment for May,Health
Samosa for May,Food
Visited for hospital Eye checkup,Health
Went for local clinic Health checkup,Health
Bought Coaching class fee annual fee,Education
Fruits - hotel restaurant,Food
Visited for Eye checkup from hospital,Health
Bought Doctor appointment from local clinic,Health
Bought Spotify Bowling session,Entertainment
Booked Bike repair for a trip,Transport
online store Belt,Shopping
X-ray for November,Health
Power bank - shopping center,Shopping
Visited for Hospital bill,Health
Noodles for October,Food
Sweater from shopping center,Shopping
Settled Gas cylinder this month,Bills
Recharged Scooter rental from Tootle,Transport
Bought Doctor appointment from diagnostic center,Health
Took out Sandwich from Wow Momo,Food
Cleared Water tank refill,Bills
Bought Steam purchase from Spotify,Entertainment
Bought Study materials for the course,Education
Subscribed to Netflix Arcade tokens,Entertainment
Subscribed to Disney+ subscription family plan,Entertainment
Soup for February,Food
Dinner at Bajeko Sekuwa Momo,Food
Enrolled in Textbooks,Education
Had Soup for the party,Food
Bought Software license for study from Udemy,Education
Bowling session from Netflix,Entertainment
Gas cylinder - insurance company,Bills
Paid for diagnostic center Eye checkup,Health
Amazon Prime Concert ticket,Entertainment
Registered for Project materials,Education
Used Fuel station from Pathao,Transport
Painkillers - diagnostic center,Health
Paid for landlord Loan EMI,Bills
Paid landlord Gas cylinder,Bills
Purchased Vehicle insurance airport transfer,Transport
Paid Workshop registration,Education
Paid for Amazon Laptop bag,Shopping
Got a new Headphones from Daraz,Shopping
Used Bike wash,Transport
Got a new Jacket seasonal sale,Shopping
Purchased Car rental to hospital,Transport
Paid for Wallet from outlet store,Shopping
Renewed YouTube Stand-up comedy show,Entertainment
Bought Samosa from Starbucks,Food
Paid for Video game purchase from Spotify,Entertainment
Paid for Phone bill,Bills
Enrolled in Udemy Online course,Education
Paid for Amazon Perfume,Shopping
Subscribed to Spotify Disney+ subscription,Entertainment
Sajha Yatayat Car service,Transport
Booked Pathao Bike fuel,Transport
Went for Pharmacy purchase,Health
Physiotherapy session for January,Health
Purchased Project materials,Education
Cable TV bill - utility company,Bills
Got a new online store Sweater,Shopping
Monthly WiFi payment from bank,Bills
Paid for Momo for the party,Food
Bought YouTube Premium monthly plan,Entertainment
Steam Concert ticket,Entertainment
Coaching class fee,Education
Used local garage Parking fee,Transport
Umbrella - Amazon,Shopping
Visited for Health checkup from wellness center,Health
Parking fee to home,Transport
Visited for Health insurance premium routine visit,Health
Paid for NEA Gas cylinder,Bills
Paid for Kitchenware for college,Shopping
Paid Udemy School books,Education
Purchased Study materials from university,Education
Shopping for Headphones from online store,Shopping
Cab fare - Uber,Transport
Renewed local cinema YouTube Premium,Entertainment
Purchased Car rental to home,Transport
Recharged Bike fuel for weekend trip,Transport
Vehicle insurance for a trip,Transport
Visited for diagnostic center Dental appointment,Health
Thukpa for June,Food
Renewed YouTube Premium,Entertainment
Used Cab fare downtown,Transport
Shopping for Jacket from local mall,Shopping
WiFi payment for January,Bills
Booked diagnostic center Health insurance premium,Health
Bought Dental appointment routine visit,Health
Paid for Xbox Game Pass Board game,Entertainment
Purchased Rice bag,Food
Booked Vitamin supplements follow-up visit,Health
Dinner at KFC Snacks,Food
Monthly House rent,Bills
Breakfast at Starbucks Waffles,Food
Monthly Phone bill,Bills
Makeup kit from local mall,Shopping
Grabbed Waffles for the party,Food
Paid for Earrings online order,Shopping
Got a new Umbrella from Daraz,Shopping
Paid for Bike repair from Sajha Yatayat,Transport
Bought Yoga class fee routine visit,Health
Registered for coaching center Stationery,Education
Recharged Pathao Parking fee,Transport
Cleared Property tax from insurance company,Bills
Purchased Arcade tokens from Steam,Entertainment
Paid for Cable TV bill,Bills
Booked PlayStation Cinema ticket,Entertainment
Paid for Amazon Prime PlayStation Plus,Entertainment
Visited for pharmacy Painkillers,Health
Got a new Daraz Charger,Shopping
Subscribed to Gaming subscription from Steam,Entertainment
Booked Blood test from pharmacy,Health
Breakfast at Burrito,Food
Ordered shopping center Earrings,Shopping
Grabbed Coffee from McDonald's,Food
boutique Headphones,Shopping
Used Pathao Cab fare,Transport
Paid for Health checkup from diagnostic center,Health
Paid for Movie ticket,Entertainment
Paid for Sandwich,Food
Paid for Fruits from dhaba,Food
Purchased bookstore College supplies,Education
Visited for Yoga class fee from pharmacy,Health
Got a new Shoes from outlet store,Shopping
Went for Health insurance premium from gym,Health
Paid Credit card payment annual payment,Bills
Breakfast at dhaba Fried chicken,Food
Refueled with Train ticket from Sajha Yatayat,Transport
Enrolled in College fee from Coursera,Education
Bought E-book purchase from YouTube,Entertainment
Renewed Music album family plan,Entertainment
Yoga class fee,Health
Bought Vaccination from gym,Health
Vehicle insurance for May,Transport
Purchased new Necklace from shopping center,Shopping
Home loan installment - local ISP,Bills
Paid Project materials,Education
Paid for Gas cylinder annual payment,Bills
Coaching class fee - coaching center,Education
Enrolled in library College tuition,Education
Breakfast at Dosa,Food
Took a Ride share from Pathao,Transport
Monthly Apartment rent from bank,Bills
Got a new Shoes from boutique,Shopping
Paid for Health checkup,Health
Project materials for June,Education
Bought bookstore College fee,Education
Tire replacement to office,Transport
Purchased School books from local college,Education
Blood test - wellness center,Health
Refueled with InDrive Petrol,Transport
Paid WiFi payment for the apartment,Bills
Purchased Bike repair from Tootle,Transport
Bought Online course,Education
Refueled with InDrive Pathao ride,Transport
Stand-up comedy show from Xbox Game Pass,Entertainment
Grabbed Burger King Coffee,Food
Breakfast at Chicken curry from Bajeko Sekuwa,Food
Booked YouTube Bowling session,Entertainment
Settled Water bill annual payment,Bills
Booked Board game from Netflix,Entertainment
PlayStation Amazon Prime membership,Entertainment
Gym membership - pharmacy,Health
Eye checkup - pharmacy,Health
Cleared Home loan installment from insurance company,Bills
Visited for Health checkup from gym,Health
Took out Coffee from Subway,Food
Booked Stand-up comedy show from local cinema,Entertainment
Loan EMI - insurance company,Bills
Snack at cafe Taco,Food
Used Bus ticket to college,Transport
Ramen - Pizza Hut,Food
Purchased new boutique Jeans,Shopping
Enrolled in bookstore College supplies,Education
Purchased Petrol to the mall,Transport
YouTube YouTube Premium,Entertainment
Momo - Burger King,Food
Purchased Certification exam for the workshop,Education
Socks - local mall,Shopping
Bought PlayStation Music album,Entertainment
Paid for local cinema Movie ticket,Entertainment
Curtains - local mall,Shopping
Painkillers for February,Health
Thesis printing - local college,Education
Settled landlord Cable TV bill,Bills
Yoga class fee - pharmacy,Health
Paid for Painkillers emergency visit,Health
Renewed Cinema ticket weekend outing,Entertainment
Curtains for January,Shopping
Paid for Shoes for birthday gift,Shopping
Paid for Watch for college,Shopping
Took a Flight ticket to hospital,Transport
Steam Streaming service,Entertainment
Paid for Car rental from gas station,Transport
Ordered shopping center Necklace,Shopping
Visited for Gym membership from local clinic,Health
Purchased new online store Jeans,Shopping
Registered for Udemy School books,Education
Bought Eggs at office,Food
Fried rice - restaurant,Food
Comic book - Amazon Prime,Entertainment
Purchased Project materials from university,Education
Went for gym Blood test,Health
Painkillers for June,Health
Shopping for Backpack seasonal sale,Shopping
Ordered Daraz Umbrella,Shopping
Got a new shopping center Jacket,Shopping
Lunch at hotel restaurant Smoothie,Food
Paid for telecom provider WiFi payment,Bills
Paid for Fried chicken from street food stall,Food
Cleared Internet bill from insurance company,Bills
Paid for dhaba Sandwich,Food
Disney+ Concert ticket,Entertainment
Paid Software license for study,Education
Cinema ticket - YouTube,Entertainment
Got a new Earrings from local mall,Shopping
Recharged Helmet purchase from InDrive,Transport
Paid for KFC Fried rice,Food
Paid for gym Medical bill,Health
Enrolled in Coaching class fee for the course,Education
Bought Theatre ticket from local cinema,Entertainment
House rent - landlord,Bills
Renewed Arcade tokens from Netflix,Entertainment
Purchased Bike wash to office,Transport
Purchased Amazon Prime Karaoke night,Entertainment
Software license for study - Coursera,Education
Samosa for June,Food
Booked YouTube Streaming service,Entertainment
Paid for Vaccination,Health
Purchased new Amazon Sneakers,Shopping
Auto rickshaw fare - gas station,Transport
Cleared telecom provider Society fee,Bills
Purchased new Umbrella online order,Shopping
Went for Hospital bill monthly,Health
Refueled with Car service from InDrive,Transport
Paid for Daraz Phone case,Shopping
Samosa for July,Food
Purchased Programming course,Education
Sandwich - Bajeko Sekuwa,Food
Booked Lab test,Health
Bought local clinic Dental appointment,Health
Purchased new Backpack from Amazon,Shopping
Visited for diagnostic center Yoga class fee,Health
Went for Medicine from pharmacy,Health
Cooking oil - Bajeko Sekuwa,Food
Booked Auto rickshaw fare downtown,Transport
Ordered Bajeko Sekuwa Pasta,Food
Bought boutique Umbrella,Shopping
College fee,Education
Renewed Streaming service premium plan,Entertainment
Booked Netflix subscription from Steam,Entertainment
Bought College fee from Udemy,Education
Ordered Foodmandu Dal bhat,Food
Registered for university College tuition,Education
Credit card payment for September,Bills
local mall Bag,Shopping
Surgery cost - wellness center,Health
Lab fee - university,Education
Went for Vaccination from pharmacy,Health
Took a Car rental to hospital,Transport
Took out Hot dog at college,Food
Cleared Home loan installment this month,Bills
Visited for gym Health insurance premium,Health
Burger - Pizza Hut,Food
Umbrella from outlet store,Shopping
Had Chicken curry from hotel restaurant,Food
Monthly local ISP WiFi payment,Bills
Bought online store Laptop bag,Shopping
Petrol for October,Transport
Refueled with Bike rental for a trip,Transport
Went for Physiotherapy session monthly,Health
Paid for local clinic Gym membership,Health
Renewed Arcade tokens monthly plan,Entertainment
Lunch at Noodles from Starbucks,Food
Perfume - Amazon,Shopping
Furniture piece for March,Shopping
Ordered Belt from shopping center,Shopping
Had Smoothie,Food
Renewed Disney+ subscription,Entertainment
Purchased Metro card recharge from Uber,Transport
Programming course,Education
Purchased Sandwich from Starbucks,Food
Lunch at cafe Pasta,Food
Went for Blood test emergency visit,Health
Paid for wellness center Dental treatment,Health
Bought local mall Cap,Shopping
Tea - Bajeko Sekuwa,Food
Enrolled in library Lab fee,Education
Steam PlayStation Plus,Entertainment
Paid Loan EMI annual payment,Bills
Amazon Prime membership - Amazon Prime,Entertainment
X-ray for August,Health
Pharmacy purchase - pharmacy,Health
Uber ride for May,Transport
Used Bike repair to home,Transport
Recharged Vehicle insurance from InDrive,Transport
Bought E-book purchase from PlayStation,Entertainment
Bought Daraz Headphones,Shopping
Got a new Amazon Shoes,Shopping
Booked diagnostic center Dental appointment,Health
Enrolled in Udemy College supplies,Education
Refueled with Scooter rental from gas station,Transport
Cleared Gas cylinder for the apartment,Bills
Purchased Workshop registration this semester,Education
Subscribed to YouTube Theatre ticket,Entertainment
Paid for PlayStation Music album,Entertainment
Renewed YouTube Premium from PlayStation,Entertainment
Bought Shoes from Daraz,Shopping
YouTube Bowling session,Entertainment
Bought Jeans,Shopping
Booked diagnostic center Gym membership,Health
Registered for Library fine from university,Education
Subscribed to E-book purchase with friends,Entertainment
Subscribed to Karaoke night weekend outing,Entertainment
shopping center Belt,Shopping
Paid for Credit card payment for the house,Bills
Bought Blood test from pharmacy,Health
Took out local bakery Sandwich,Food
Streaming service for October,Entertainment
Ordered Perfume,Shopping
Ordered online store Power bank,Shopping
Paid for Ride share from Uber,Transport
Cable TV bill for July,Bills
Comic book for September,Entertainment
Car rental - Pathao,Transport
Uber ride - local garage,Transport
Ordered Sneakers for birthday gift,Shopping
Paid for Electronics gadget from outlet store,Shopping
Paid for PlayStation Plus from Amazon Prime,Entertainment
Daraz Phone case,Shopping
Went for X-ray,Health
Booked Pathao ride from InDrive,Transport
Booked Parking fee from InDrive,Transport
Bought Gym membership,Health
Socks for August,Shopping
Went for hospital Hospital bill,Health
Registered for College fee from Udemy,Education
Booked gym Medical bill,Health
Cooking oil - street food stall,Food
Stationery for January,Education
Purchased new Phone case from boutique,Shopping
Bought bookstore Programming course,Education
Refueled with Pathao ride from InDrive,Transport
Bought Bowling session from Spotify,Entertainment
Recharged local garage Uber ride,Transport
Renewed Netflix YouTube Premium,Entertainment
Phone case for November,Shopping
Auto rickshaw fare - InDrive,Transport
Spotify Theatre ticket,Entertainment
Monthly rent for July,Bills
Bought Exam fee from local college,Education
Bought diagnostic center Medical bill,Health
Cleared NEA Electricity bill,Bills
Electricity bill - landlord,Bills
Purchased Textbooks for the workshop,Education
Workshop registration for March,Education
Health checkup - diagnostic center,Health
Booked Vaccination monthly,Health
Health insurance premium - gym,Health
Shopping for Amazon Headphones,Shopping
Had Milk from Domino's,Food
Got a new Belt seasonal sale,Shopping
Paid for Home loan installment,Bills
Monthly local ISP Home loan installment,Bills
Paid College fee for the course,Education
Paid for Kitchenware from online store,Shopping
Stationery for August,Education
Refueled with InDrive Metro card recharge,Transport
local mall Perfume,Shopping
petrol pump Vehicle insurance,Transport
Purchased Helmet purchase from petrol pump,Transport
Bought local college College tuition,Education
Ordered hotel restaurant Burrito,Food
Got a new boutique T-shirt,Shopping
Subscribed to Movie ticket from Netflix,Entertainment
Bowling session - Netflix,Entertainment
Purchased Parking fee from petrol pump,Transport
Ordered Phone case,Shopping
Apartment rent for September,Bills
Subscribed to Gaming subscription from Xbox Game Pass,Entertainment
Paid for Mobile recharge,Bills
Visited for Blood test from wellness center,Health
Purchased Helmet purchase airport transfer,Transport
Took out street food stall Fried rice,Food
Purchased Certification exam from coaching center,Education
Registered for bookstore Programming course,Education
Got a new Belt,Shopping
Cleared Loan EMI,Bills
Subscribed to Xbox Game Pass Disney+ subscription,Entertainment
Study materials - bookstore,Education
Backpack for July,Shopping
Visited for X-ray,Health
Got a new local mall Bag,Shopping
Car service - gas station,Transport
Bought Blood test,Health
Bought Bedsheet seasonal sale,Shopping
Purchased Amusement park ticket from Amazon Prime,Entertainment
Bought Study materials from bookstore,Education
Renewed Spotify subscription with friends,Entertainment
Recharged Uber ride airport transfer,Transport
Belt - local mall,Shopping
Ordered Power bank seasonal sale,Shopping
Bought wellness center Dental treatment,Health
Paid for PlayStation Plus from Xbox Game Pass,Entertainment
Took out restaurant Tea,Food
Cleared local ISP Water tank refill,Bills
Earrings from online store,Shopping
Train ticket - Pathao,Transport
Purchased new shopping center Charger,Shopping
Purchased Stationery this semester,Education
Bike repair for January,Transport
Paid for Gym membership monthly,Health
Pizza for December,Food
Paid for Taxi fare to the mall,Transport
Burger for September,Food
Cleared Gas cylinder from insurance company,Bills
Lunch at Grilled fish from local bakery,Food
Registered for bookstore Software license for study,Education
Visited for Hospital bill from diagnostic center,Health
Paid Home loan installment,Bills
Refueled with Tire replacement from InDrive,Transport
Sneakers for college,Shopping
Went for Surgery cost from pharmacy,Health
Paid School books,Education
Paid for Jacket from local mall,Shopping
Paid Apartment rent from bank,Bills
Paid for utility company Loan EMI,Bills
Took a Pathao Auto rickshaw fare,Transport
Purchased Certification exam from local college,Education
WiFi payment for July,Bills
Bought local cinema E-book purchase,Entertainment
Bought Movie ticket with friends,Entertainment
Seminar fee - library,Education
Noodles - hotel restaurant,Food
Paid for Video game purchase premium plan,Entertainment
Took a petrol pump Bike rental,Transport
Yoga class fee for March,Health
School books for November,Education
Ramen - Foodmandu,Food
Bought Disney+ E-book purchase,Entertainment
Enrolled in local college Stationery,Education
Got a new Sneakers seasonal sale,Shopping
Thukpa - cafe,Food
Falafel for August,Food
Paid for Bike fuel to the mall,Transport
Went for Physiotherapy session from wellness center,Health
Pharmacy purchase - local clinic,Health
Monthly Cable TV bill from telecom provider,Bills
Cooking oil - campus canteen,Food
Ordered Backpack from outlet store,Shopping
Paid for Yoga class fee checkup,Health
Registered for coaching center Seminar fee,Education
Grabbed Noodles with friends,Food
Milk - cafe,Food
Purchased Board game with friends,Entertainment
Purchased new online store Laptop bag,Shopping
Paid for Jeans for office,Shopping
Paid for Steam Video game purchase,Entertainment
Booked Pathao ride to hospital,Transport
Snack at Snacks at college,Food
Used Car service airport transfer,Transport
Got a new boutique Charger,Shopping
College tuition for August,Education
Dinner at Ice cream,Food
Recharged Bike fuel from InDrive,Transport
Purchased petrol pump Uber ride,Transport
Flight ticket from Pathao,Transport
Paid for bank Maintenance fee,Bills
Paid for X-ray from pharmacy,Health
Recharged Pathao ride airport transfer,Transport
Subscribed to Steam purchase premium plan,Entertainment
Dosa for March,Food
Amusement park ticket for May,Entertainment
Paid for Disney+ Spotify subscription,Entertainment
Used Tire replacement to home,Transport
Took out Ice cream from Starbucks,Food
Paid local ISP Cable TV bill,Bills
Snack at Pastry from McDonald's,Food
Shopping for Jeans online order,Shopping
Purchased Thesis printing for the workshop,Education
Booked YouTube Video game purchase,Entertainment
Snack at Tea from Wow Momo,Food
Purchased PlayStation Plus monthly plan,Entertainment
Power bank from boutique,Shopping
Purchased Amazon Prime membership from Spotify,Entertainment
Bought Yoga class fee follow-up visit,Health
Ordered Necklace from Daraz,Shopping
Bought College fee from university,Education
Ordered Umbrella seasonal sale,Shopping
Took a Vehicle insurance from local garage,Transport
Lunch at Dal bhat with friends,Food
Got a new Wallet from Amazon,Shopping
Paid for Makeup kit for office,Shopping
Refueled with Car rental from InDrive,Transport
Paid for local garage Tire replacement,Transport
Bought Movie ticket from Spotify,Entertainment
Lunch at Ramen from Pizza Hut,Food
College tuition,Education
Had Ice cream from cafe,Food
Purchased College supplies from Coursera,Education
Paid Online course from Udemy,Education
Bought T-shirt for birthday gift,Shopping
Refueled with Car service for a trip,Transport
Shopping for Bag seasonal sale,Shopping
Bought Surgery cost checkup,Health
Booked local cinema YouTube Premium,Entertainment
Renewed YouTube Movie ticket,Entertainment
Chowmein - dhaba,Food
Purchased Momo from street food stall,Food
Bowling session for September,Entertainment
Paid for Spotify subscription from Spotify,Entertainment
Shopping for Bedsheet seasonal sale,Shopping
Purchased Spotify subscription from Spotify,Entertainment
Pharmacy purchase - diagnostic center,Health
Settled bank Property tax,Bills
Purchased new outlet store T-shirt,Shopping
Booked Health insurance premium from diagnostic center,Health
College supplies - local college,Education
Fuel station for January,Transport
Dinner at street food stall Burrito,Food
Bought Sweater from Daraz,Shopping
Refueled with Fuel station from Pathao,Transport
Paid for PlayStation Comic book,Entertainment
Paid for Steam Steam purchase,Entertainment
Paid for Credit card payment from bank,Bills
Ordered shopping center Electronics gadget,Shopping
Got a new Jeans seasonal sale,Shopping
University fee for September,Education
Paid for Curtains from Amazon,Shopping
Paid for Comic book family plan,Entertainment
Purchased new Backpack seasonal sale,Shopping
Kebab - Foodmandu,Food
College tuition - local college,Education
Programming course for February,Education
Went for wellness center Lab test,Health
Thesis printing - bookstore,Education
Renewed Gaming subscription,Entertainment
Purchased new Sneakers,Shopping
Monthly bank Home loan installment,Bills
Fruits - Bajeko Sekuwa,Food
Purchased Seminar fee from Coursera,Education
Refueled with Uber ride to hospital,Transport
Enrolled in Coaching class fee,Education
Purchased Programming course from library,Education
Refueled with Parking fee from gas station,Transport
Ordered local mall Sneakers,Shopping
Breakfast at Ice cream during break,Food
Had Ramen from street food stall,Food
Recharged Train ticket to office,Transport
Shopping for Bedsheet from local mall,Shopping
Purchased local garage Scooter rental,Transport
Registered for Workshop registration from local college,Education
Steam purchase for August,Entertainment
Uber Scooter rental,Transport
Purchased Streaming service from Xbox Game Pass,Entertainment
Settled Gas cylinder from utility company,Bills
Sweater - outlet store,Shopping
Purchased Workshop registration from coaching center,Education
Bought hospital Dental appointment,Health
Purchased Sajha Yatayat Flight ticket,Transport
Bought Streaming service,Entertainment
Cleared telecom provider Loan EMI,Bills
Purchased Tire replacement to office,Transport
Subscribed to Gaming subscription from Disney+,Entertainment
Water bill - local ISP,Bills
Booked Physiotherapy session routine visit,Health
Bike rental for August,Transport
Took out Subway Fried rice,Food
Renewed Amusement park ticket from YouTube,Entertainment
Blood test for August,Health
Bought Library fine from library,Education
Bought outlet store Shirt,Shopping
Booked Train ticket from gas station,Transport
Got a new Electronics gadget for office,Shopping
Dinner at Bubble tea,Food
WiFi payment for November,Bills
Used Cab fare airport transfer,Transport
Went for diagnostic center Pharmacy purchase,Health
Ordered boutique Kitchenware,Shopping
Shopping for Amazon Socks,Shopping
Paid for Bike rental for weekend trip,Transport
Bought university Library fine,Education
Purchased new local mall Makeup kit,Shopping
Coaching class fee - Udemy,Education
Purchased new Shirt from boutique,Shopping
Took a Bike repair from Tootle,Transport
Karaoke night for August,Entertainment
Tea - Foodmandu,Food
Paid coaching center College fee,Education
College tuition for February,Education
Mobile recharge for June,Bills
Breakfast at Taco,Food
Went for Painkillers from pharmacy,Health
Paid for Bike wash from gas station,Transport
Bought Fried chicken,Food
Purchased new T-shirt from local mall,Shopping
Booked Diesel to home,Transport
Used Helmet purchase from petrol pump,Transport
Insurance premium - landlord,Bills
Purchased new Wallet from shopping center,Shopping
Ordered Laptop bag for birthday gift,Shopping
Paid utility company Gas cylinder,Bills
Cleared NEA WiFi payment,Bills
Metro card recharge for November,Transport
Spotify Music album,Entertainment
Snack at Fruits from Burger King,Food
Went for Health checkup from wellness center,Health
Paid for InDrive Petrol,Transport
Lab test for May,Health
Phone case from Daraz,Shopping
Purchased new Socks from outlet store,Shopping
Bought bookstore Textbooks,Education
Enrolled in Coursera Stationery,Education
Recharged Diesel,Transport
Monthly Credit card payment from telecom provider,Bills
Textbooks for December,Education
Falafel for June,Food
Refueled with Cab fare,Transport
Went for Vaccination from diagnostic center,Health
Registered for Programming course for the course,Education
Necklace for college,Shopping
Tire replacement for June,Transport
Karaoke night - Amazon Prime,Entertainment
Paid for diagnostic center Medicine,Health
Purchased Spotify subscription from Netflix,Entertainment
Paid Water bill from telecom provider,Bills
Paid for Insurance premium from utility company,Bills
Paid for Video game purchase from Xbox Game Pass,Entertainment
Ordered Falafel from hotel restaurant,Food
Subscribed to Streaming service,Entertainment
Paid for Gas cylinder quarterly payment,Bills
Refueled with gas station Scooter rental,Transport
Used Tire replacement to college,Transport
Purchased Coaching class fee from university,Education
Subscribed to Spotify Stand-up comedy show,Entertainment
Project materials for August,Education
Medicine for February,Health
Paid for Xbox Game Pass Bowling session,Entertainment
Booked Scooter rental for a trip,Transport
Took a Tire replacement from petrol pump,Transport
Blood test for May,Health
Kitchenware for December,Shopping
Breakfast at Fried rice from local bakery,Food
Paid for Gaming subscription from Amazon Prime,Entertainment
Booked Gym membership routine visit,Health
Lunch at Dumplings from local bakery,Food
Bought local cinema Spotify subscription,Entertainment
Took out Thukpa from KFC,Food
Monthly Garbage collection fee from landlord,Bills
Project materials - university,Education
Fuel station for July,Transport
Samosa - food court,Food
Visited for pharmacy Health checkup,Health
Paid for Netflix Bowling session,Entertainment
Dental appointment for May,Health
Paid for WiFi payment from landlord,Bills
Took a Car service to the mall,Transport
Paid for bank Credit card payment,Bills
Kitchenware for college,Shopping
Lunch at Kebab from local bakery,Food
Credit card payment for January,Bills
Exam fee for October,Education
Cleared Loan EMI from telecom provider,Bills
Cleared insurance company Mobile recharge,Bills
Refueled with Uber ride from local garage,Transport
Bought bookstore Seminar fee,Education
Renewed Concert ticket from Netflix,Entertainment
Purchased Ride share from Pathao,Transport
Registered for Stationery,Education
Grabbed food court Salad,Food
Paid for Cable TV bill annual payment,Bills
Paid for Watch from Amazon,Shopping
Paid for Daraz Headphones,Shopping
Ride share from Pathao,Transport
Purchased Lab fee for the course,Education
Paid for Health insurance premium from pharmacy,Health
Purchased university Lab fee,Education
Grilled fish for June,Food
Took out Rice bag after work,Food
Paid for Pathao Ride share,Transport
Movie ticket for August,Entertainment
Recharged petrol pump Vehicle insurance,Transport
Settled utility company Home loan installment,Bills
Refueled with Vehicle insurance from local garage,Transport
local cinema Arcade tokens,Entertainment
Enrolled in Certification exam from local college,Education
Got a new Sneakers from shopping center,Shopping
Recharged Bike rental airport transfer,Transport
Had Ice cream from restaurant,Food
Paid for Loan EMI from telecom provider,Bills
Cleared bank Mobile recharge,Bills
Booked Uber Diesel,Transport
Enrolled in Workshop registration,Education
Used Fuel station from gas station,Transport
Purchased Bread,Food
Paid for Kitchenware from boutique,Shopping
Bought local cinema YouTube Premium,Entertainment
Booked Cinema ticket from Netflix,Entertainment
College fee for May,Education
Registered for School books from Udemy,Education
Stationery,Education
Paid for Car service to the mall,Transport
Bought Steak from local bakery,Food
Went for Hospital bill from hospital,Health
Medical bill for May,Health
Ice cream for June,Food
Went for diagnostic center Health insurance premium,Health
Paid Software license for study from Coursera,Education
Water tank refill for January,Bills
Visited for Eye checkup checkup,Health
Took a Flight ticket from Sajha Yatayat,Transport
Seminar fee - coaching center,Education
Booked Dental treatment emergency visit,Health
Snack at Starbucks Donuts,Food
Purchased Online course for the workshop,Education
WiFi payment,Bills
Smoothie for April,Food
Refueled with Bus ticket from gas station,Transport
Subscribed to Bowling session from Amazon Prime,Entertainment
Shopping for Umbrella from local mall,Shopping
Paid for X-ray follow-up visit,Health
Online course for June,Education
Surgery cost - gym,Health
Recharged Pathao Metro card recharge,Transport
Refueled with Pathao Pathao ride,Transport
online store Furniture piece,Shopping
Subscribed to Spotify subscription from Spotify,Entertainment
Paid for Pharmacy purchase from pharmacy,Health
Took out Milkshake after work,Food
Purchased Domino's Tea,Food
Steam Theatre ticket,Entertainment
Snack at Biryani at office,Food
Renewed local cinema Spotify subscription,Entertainment
Snacks - hotel restaurant,Food
Booked Toll fee from local garage,Transport
Flight ticket for April,Transport
Headphones for May,Shopping
Booked Health checkup from diagnostic center,Health
Subscribed to Amazon Prime Steam purchase,Entertainment
Recharged Bike rental to college,Transport
Subscribed to PlayStation Plus annual plan,Entertainment
Got a new Jacket for office,Shopping
Streaming service - local cinema,Entertainment
Paid for Gaming subscription with friends,Entertainment
Subscribed to Disney+ Amazon Prime membership,Entertainment
Health checkup - hospital,Health
Property tax for June,Bills
Cleared telecom provider Apartment rent,Bills
Purchased Certification exam annual fee,Education
Paid for local ISP Phone bill,Bills
Bought Amazon Socks,Shopping
Recharged Petrol to college,Transport
petrol pump Bike fuel,Transport
Shopping for outlet store Electronics gadget,Shopping
Train ticket to college,Transport
Vaccination - wellness center,Health
Monthly bank Cable TV bill,Bills
Got a new Wallet from Daraz,Shopping
Enrolled in College tuition annual fee,Education
Garbage collection fee for November,Bills
Vitamin supplements - wellness center,Health
Uber ride - Tootle,Transport
Renewed Spotify subscription premium plan,Entertainment
Went for gym Painkillers,Health
Maintenance fee for October,Bills
Purchased PlayStation Amazon Prime membership,Entertainment
Paid for pharmacy Hospital bill,Health
Dinner at food court Snacks,Food
Paid Gas cylinder from landlord,Bills
Paid for YouTube Arcade tokens,Entertainment
Online course - library,Education
Disney+ Movie ticket,Entertainment
Settled Property tax annual payment,Bills
Had Salad from Subway,Food
Visited for Health insurance premium from gym,Health
Paid for local garage Scooter rental,Transport
Diesel for July,Transport
Purchased Taxi fare from petrol pump,Transport
Took a Ride share for weekend trip,Transport
Snack at Bread during break,Food
Bought Disney+ Disney+ subscription,Entertainment
Furniture piece for birthday gift,Shopping
Went for Vitamin supplements emergency visit,Health
Purchased Car service from InDrive,Transport
Earrings for June,Shopping
Refueled with Tootle Taxi fare,Transport
Paid for Concert ticket family plan,Entertainment
Bought Study materials from Udemy,Education
Subscribed to Amusement park ticket weekend outing,Entertainment
Karaoke night family plan,Entertainment
Project materials for March,Education
Tootle Bike rental,Transport
Paid for YouTube Premium from Netflix,Entertainment
Booked hospital Gym membership,Health
Bought Tea during break,Food
Dinner at Dosa from campus canteen,Food
Purchased local bakery Juice,Food
Settled Mobile recharge,Bills
Purchased Uber Tire replacement,Transport
Registered for library Coaching class fee,Education
Purchased Steam purchase from local cinema,Entertainment
Purchased cafe Ramen,Food
Renewed Amazon Prime Amazon Prime membership,Entertainment
Settled Phone bill from landlord,Bills
Enrolled in university College tuition,Education
Paid NEA Home loan installment,Bills
Bought Dosa from hotel restaurant,Food
Paid for hospital Physiotherapy session,Health
Paid for Home loan installment from telecom provider,Bills
Paid for Internet bill quarterly payment,Bills
Had cafe Burger,Food
Lab test - wellness center,Health
Lunch at Domino's Pasta,Food
Vaccination - hospital,Health
Registered for University fee for the workshop,Education
Seminar fee for May,Education
Took a Car rental,Transport
online store Power bank,Shopping
Settled Society fee for the apartment,Bills
Bought Xbox Game Pass Cinema ticket,Entertainment
Paid Udemy Library fine,Education
Monthly Maintenance fee annual payment,Bills
Purchased Music album premium plan,Entertainment
Got a new shopping center Phone case,Shopping
Garbage collection fee for March,Bills
Karaoke night from YouTube,Entertainment
Purchased Spotify Amusement park ticket,Entertainment
Paid for local mall Kitchenware,Shopping
Uber Ride share,Transport
Cleared Insurance premium from telecom provider,Bills
Went for gym Dental appointment,Health
Booked Amazon Prime Karaoke night,Entertainment
Had Milkshake,Food
Paid for Makeup kit for college,Shopping
Ramen - cafe,Food
Cleared Home loan installment from telecom provider,Bills
Dental treatment - wellness center,Health
Ordered Foodmandu Fried rice,Food
Netflix subscription for June,Entertainment
Paid for local mall Bag,Shopping
Refueled with Bike fuel from gas station,Transport
Health checkup - pharmacy,Health
Took a Diesel to hospital,Transport
Booked Surgery cost from local clinic,Health
Paid for Scooter rental downtown,Transport
Bought Medicine emergency visit,Health
Had Samosa from Subway,Food
Renewed Amazon Prime Theatre ticket,Entertainment
Monthly utility company Garbage collection fee,Bills
Pancakes - street food stall,Food
Used Train ticket,Transport
Paid for House rent quarterly payment,Bills
Lunch at Fried chicken from Domino's,Food
Donuts for June,Food
Monthly bank Phone bill,Bills
Subscribed to PlayStation E-book purchase,Entertainment
School books for September,Education
Paid Mobile recharge annual payment,Bills
Subscribed to Netflix subscription from Disney+,Entertainment
Registered for Workshop registration,Education
Booked Lab test from wellness center,Health
Subscribed to Streaming service from Disney+,Entertainment
Paid for local mall Laptop bag,Shopping
Bought Theatre ticket premium plan,Entertainment
Bought Hot dog from Burger King,Food
Settled Garbage collection fee from telecom provider,Bills
Cleared bank Gas cylinder,Bills
Got a new Sunglasses from online store,Shopping
Refueled with Bike fuel from InDrive,Transport
Bought Online course from Coursera,Education
Bought YouTube PlayStation Plus,Entertainment
Refueled with InDrive Car service,Transport
Bike repair for February,Transport
Purchased Burger King Bread,Food
Bought Noodles,Food
Pharmacy purchase for March,Health
Took a Bike rental airport transfer,Transport
Purchased new shopping center Kitchenware,Shopping
Theatre ticket weekend outing,Entertainment
Got a new outlet store Phone case,Shopping
Scooter rental for September,Transport
Fried rice - Wow Momo,Food
Chowmein for August,Food
Grabbed KFC Burger,Food
Bought Exam fee from university,Education
Took a Bike repair from petrol pump,Transport
Got a new Phone case from outlet store,Shopping
Paid College supplies from university,Education
Monthly Home loan installment for the house,Bills
Renewed Streaming service,Entertainment
Registered for Exam fee from coaching center,Education
Took a local garage Helmet purchase,Transport
Settled Gas cylinder from bank,Bills
Booked Steam purchase from YouTube,Entertainment
Cooking oil - restaurant,Food
Registered for College tuition annual fee,Education
Ordered Earrings from Amazon,Shopping
Paid University fee for the workshop,Education
Got a new outlet store Makeup kit,Shopping
Bought Cinema ticket from Xbox Game Pass,Entertainment
Purchased Amazon Prime membership,Entertainment
Bought Thukpa from food court,Food
Paid for Comic book with friends,Entertainment
Enrolled in bookstore Library fine,Education
Umbrella for office,Shopping
Lunch at Chowmein,Food
Perfume - outlet store,Shopping
Used InDrive Diesel,Transport
Bought local clinic Vaccination,Health
Paid for bank Phone bill,Bills
Purchased food court Chowmein,Food
Used Fuel station,Transport
Settled House rent from bank,Bills
University fee - local college,Education
Took a Tire replacement to hospital,Transport
Had McDonald's Coffee,Food
Purchased Sajha Yatayat Scooter rental,Transport
Bought Bedsheet from Daraz,Shopping
Bought Amazon Prime membership family plan,Entertainment
Took out Domino's Chicken curry,Food
Cleared Insurance premium from bank,Bills
Purchased College fee from university,Education
Subscribed to Amazon Prime membership from Spotify,Entertainment
Paid for Vaccination from gym,Health
Had French fries,Food
Cleared bank Home loan installment,Bills
Paid Garbage collection fee this month,Bills
Paid for Eye checkup checkup,Health
Visited for Gym membership,Health
College tuition for May,Education
Monthly bank Internet bill,Bills
Booked local garage Helmet purchase,Transport
Tire replacement for November,Transport
Paid for landlord Property tax,Bills
Purchased Ride share airport transfer,Transport
Booked Streaming service from Disney+,Entertainment
Went for Lab test from local clinic,Health
Bought boutique Laptop bag,Shopping
Purchased Music album from Disney+,Entertainment
Used local garage Bus ticket,Transport
Jeans for October,Shopping
Insurance premium for October,Bills
Ordered Fried rice with family,Food
Purchased Snacks from Burger King,Food
Bought Watch for office,Shopping
Pancakes - Starbucks,Food
Internet bill,Bills
Cap for March,Shopping
Water bill - insurance company,Bills
Purchased Udemy Lab fee,Education
Paid insurance company Society fee,Bills
Purchased Netflix Amusement park ticket,Entertainment
Purchased local college Online course,Education
Subscribed to Steam Movie ticket,Entertainment
Booked Health insurance premium from local clinic,Health
Monthly landlord Gas cylinder,Bills
Sandwich - hotel restaurant,Food
Booked Vitamin supplements from wellness center,Health
Purchased new Shoes from Daraz,Shopping
Subscribed to Steam Concert ticket,Entertainment
Monthly insurance company Gas cylinder,Bills
Used Tootle Bike repair,Transport
Snack at street food stall Sushi,Food
Spotify Comic book,Entertainment
Programming course for January,Education
Paid for Curtains for birthday gift,Shopping
Ordered online store Shirt,Shopping
Bought Amazon Prime Music album,Entertainment
Purchased petrol pump Bike fuel,Transport
Used Cab fare to hospital,Transport
Monthly insurance company Water bill,Bills
Stand-up comedy show for August,Entertainment
Paid for Toll fee to college,Transport
Paid for wellness center Lab test,Health
Registered for University fee,Education
Booked pharmacy Vitamin supplements,Health
College tuition for June,Education
Concert ticket for April,Entertainment
Ordered local mall Watch,Shopping
Bought Furniture piece from Daraz,Shopping
Hot dog - hotel restaurant,Food
Renewed Amazon Prime Stand-up comedy show,Entertainment
Visited for Blood test from gym,Health
Library fine for November,Education
Paid for Pathao Train ticket,Transport
Dental treatment for July,Health
Bought Phone case from shopping center,Shopping
Purchased new Kitchenware from shopping center,Shopping
Comic book from Spotify,Entertainment
Subscribed to Xbox Game Pass Comic book,Entertainment
Enrolled in Software license for study for the workshop,Education
Lunch at Pizza Hut Burrito,Food
Used Parking fee from InDrive,Transport
Comic book - local cinema,Entertainment
Wallet - outlet store,Shopping
Settled Mobile recharge for the house,Bills
Belt for February,Shopping
Smoothie - Starbucks,Food
Went for Eye checkup checkup,Health
Bought coaching center College supplies,Education
Had Soup from Wow Momo,Food
Snack at hotel restaurant Taco,Food
Bought Concert ticket annual plan,Entertainment
Breakfast at Pasta from Starbucks,Food
Surgery cost - hospital,Health
Took out Domino's Falafel,Food
Booked Gaming subscription from Netflix,Entertainment
Enrolled in College tuition from Coursera,Education
Xbox Game Pass Comic book,Entertainment
Went for Gym membership,Health
Refueled with Bike repair from Pathao,Transport
Paid for Train ticket from Sajha Yatayat,Transport
Bought Yoga class fee checkup,Health
Booked Painkillers emergency visit,Health
Booked Medical bill,Health
Booked Doctor appointment routine visit,Health
Paid for Perfume from online store,Shopping
Amazon Prime membership for July,Entertainment
Bought hospital Hospital bill,Health
Enrolled in Online course from Udemy,Education
Tire replacement from Uber,Transport
Purchased Tootle Pathao ride,Transport
Paid Insurance premium from local ISP,Bills
Used Taxi fare from local garage,Transport
Health checkup - gym,Health
Booked Health checkup from wellness center,Health
Paid for Headphones,Shopping
Got a new Amazon Sunglasses,Shopping
Paid Insurance premium this month,Bills
Recharged Bike fuel to the mall,Transport
Paid for KFC Biryani,Food
Thesis printing for May,Education
Paid for Vitamin supplements from diagnostic center,Health
Library fine - bookstore,Education
Bought Theatre ticket from Disney+,Entertainment
Got a new Furniture piece from shopping center,Shopping
Booked gym Surgery cost,Health
Purchased new Laptop bag for college,Shopping
Bought Amazon Kitchenware,Shopping
Hospital bill for July,Health
Ordered local mall Sweater,Shopping
Ordered Fried chicken,Food
Electronics gadget for July,Shopping
Bike fuel for November,Transport
Paid Water bill,Bills
Kitchenware - Amazon,Shopping
Enrolled in Study materials for the workshop,Education
Dinner at Cooking oil for the party,Food
Purchased Scooter rental to home,Transport
Bought Pharmacy purchase from wellness center,Health
Monthly Phone bill annual payment,Bills
Vitamin supplements for June,Health
Bought coaching center Textbooks,Education
Cleared House rent from local ISP,Bills
Sunglasses from boutique,Shopping
Bought Umbrella from Amazon,Shopping
Electricity bill - local ISP,Bills
Used Diesel,Transport
Ordered Biryani from dhaba,Food
Purchased Stand-up comedy show monthly plan,Entertainment
Took out Ice cream with friends,Food
Paid Thesis printing annual fee,Education
Perfume from boutique,Shopping
Recharged petrol pump Tire replacement,Transport
Refueled with Cab fare from Uber,Transport
Dental treatment - pharmacy,Health
Dal bhat for August,Food
Got a new Jeans,Shopping
Subscribed to Gaming subscription annual plan,Entertainment
Booked Scooter rental from InDrive,Transport
Snack at Snacks with friends,Food
Bought Disney+ subscription from PlayStation,Entertainment
Settled NEA Society fee,Bills
Paid for Umbrella from shopping center,Shopping
Bought College supplies from coaching center,Education
Renewed Theatre ticket family plan,Entertainment
Got a new Sweater from local mall,Shopping
Settled House rent for the house,Bills
Took out Waffles from Bajeko Sekuwa,Food
Surgery cost,Health
Bought Comic book monthly plan,Entertainment
Paid for Gas cylinder this month,Bills
Fuel station from Uber,Transport
Paid for Society fee from bank,Bills
Grabbed Rice bag from Bajeko Sekuwa,Food
Dinner at Soup,Food
Bought coaching center Software license for study,Education
Cooking oil for January,Food
Grilled fish - hotel restaurant,Food
Cleared Monthly rent for the apartment,Bills
Bought Tea from Bajeko Sekuwa,Food
Enrolled in Project materials from Coursera,Education
Recharged local garage Scooter rental,Transport
Settled insurance company Water bill,Bills
Shopping for Jacket from shopping center,Shopping
Enrolled in University fee from Udemy,Education
Paid Stationery for the workshop,Education
Refueled with Bike repair from Uber,Transport
Property tax for August,Bills
Fried rice for April,Food
Gym membership - gym,Health
Renewed Stand-up comedy show from Disney+,Entertainment
Steam Disney+ subscription,Entertainment
Lunch at Burrito from restaurant,Food
Purchased Video game purchase family plan,Entertainment
Paid for Uber Bike fuel,Transport
Cap for college,Shopping
Paid for utility company Insurance premium,Bills
Had Groceries,Food
Got a new Furniture piece,Shopping
Purchased bookstore Software license for study,Education
Ordered Milkshake at office,Food
Paid College tuition from bookstore,Education
Health checkup for April,Health
Purchased Theatre ticket from Spotify,Entertainment
Paid for Dental treatment from diagnostic center,Health
Backpack from boutique,Shopping
Cleared utility company Insurance premium,Bills
Project materials - library,Education
Paid for Eye checkup emergency visit,Health
Chowmein - hotel restaurant,Food
Sushi - campus canteen,Food
Bought Donuts,Food
Booked diagnostic center Medical bill,Health
Booked petrol pump Bus ticket,Transport
Paid for Steam purchase premium plan,Entertainment
Used Ride share to college,Transport
Paid for Garbage collection fee for the apartment,Bills
Bought Disney+ Video game purchase,Entertainment
Registered for Coursera Workshop registration,Education
Recharged Pathao Petrol,Transport
Settled Water bill this month,Bills
Used Bike wash airport transfer,Transport
Breakfast at Ramen from restaurant,Food
Used Uber Cab fare,Transport
Physiotherapy session - local clinic,Health
Paid for Amazon Backpack,Shopping
Pancakes for October,Food
Booked InDrive Cab fare,Transport
Settled Internet bill from utility company,Bills
Kitchenware for May,Shopping
Registered for Textbooks from coaching center,Education
Booked Helmet purchase to college,Transport
Went for Dental treatment emergency visit,Health
Spotify YouTube Premium,Entertainment
Settled Mobile recharge quarterly payment,Bills
Booked PlayStation Board game,Entertainment
Paid for Painkillers from local clinic,Health
Vaccination - diagnostic center,Health
Paid for local cinema Spotify subscription,Entertainment
Visited for Health insurance premium emergency visit,Health
Settled Insurance premium from local ISP,Bills
Monthly Monthly rent annual payment,Bills
gas station Pathao ride,Transport
Breakfast at Burger King Fried chicken,Food
Internet bill - local ISP,Bills
Paid for Curtains from local mall,Shopping
Took a Pathao Taxi fare,Transport
Paid for Socks from Daraz,Shopping
Paid University fee annual fee,Education
Settled WiFi payment annual payment,Bills
Watch for birthday gift,Shopping
Monthly utility company Phone bill,Bills
Sneakers for February,Shopping
Bag for office,Shopping
Bought Lab test emergency visit,Health
Gym membership for August,Health
Renewed PlayStation Amazon Prime membership,Entertainment
Paid for Electricity bill this month,Bills
Registered for Coursera Coaching class fee,Education
Got a new Electronics gadget for college,Shopping
Bought College tuition from bookstore,Education
Paid for Insurance premium from telecom provider,Bills
Ordered Juice from Foodmandu,Food
Enrolled in Project materials annual fee,Education
Recharged InDrive Helmet purchase,Transport
Property tax for April,Bills
Amusement park ticket for February,Entertainment
Took a Sajha Yatayat Fuel station,Transport
Video game purchase - Disney+,Entertainment
Purchased Disney+ subscription from local cinema,Entertainment
Dinner at Ice cream from local bakery,Food
Paid for online store Belt,Shopping
Paid College tuition from library,Education
Jacket - local mall,Shopping
Sandwich - Pizza Hut,Food
Wallet from local mall,Shopping
Took a Metro card recharge from Uber,Transport
Project materials - local college,Education
Ordered Wallet for office,Shopping
Insurance premium for January,Bills
Shopping for Sunglasses from Daraz,Shopping
Purchased new Daraz Jeans,Shopping
Purchased Amazon Prime membership family plan,Entertainment
Monthly bank Credit card payment,Bills
local mall Bedsheet,Shopping
Bought Lab test from wellness center,Health
College supplies for February,Education
Ordered Cap from boutique,Shopping
Refueled with Fuel station to college,Transport
Purchased Programming course from coaching center,Education
Arcade tokens for February,Entertainment
Enrolled in Project materials from coaching center,Education
Had Fried chicken,Food
Renewed Netflix Amusement park ticket,Entertainment
Subscribed to Xbox Game Pass E-book purchase,Entertainment
Lunch at Pizza,Food
Ordered Daraz Power bank,Shopping
Momo - McDonald's,Food
Fruits for September,Food
WiFi payment for March,Bills
Blood test - gym,Health
Watch for July,Shopping
Ramen - Bajeko Sekuwa,Food
Programming course for October,Education
Registered for Project materials from coaching center,Education
Booked Movie ticket weekend outing,Entertainment
University fee for December,Education
Power bank from online store,Shopping
Library fine for February,Education
Programming course for August,Education
Breakfast at food court Biryani,Food
Got a new T-shirt seasonal sale,Shopping
Recharged Bike fuel from gas station,Transport
Bought T-shirt online order,Shopping
Paid for Gym membership emergency visit,Health
Physiotherapy session for July,Health
Went for X-ray monthly,Health
Paid for Internet bill for the apartment,Bills
Booked Steam PlayStation Plus,Entertainment
Stationery - Udemy,Education
Bike rental for June,Transport
Bought Streaming service from Disney+,Entertainment
Purchased YouTube YouTube Premium,Entertainment
Subscribed to Concert ticket from Xbox Game Pass,Entertainment
Bought online store Bedsheet,Shopping
Subscribed to Board game from Amazon Prime,Entertainment
Bought shopping center Bedsheet,Shopping
Bread - Pizza Hut,Food
Snack at Burger at college,Food
Purchased Bubble tea,Food
Cinema ticket for June,Entertainment
Purchased Car rental for a trip,Transport
Paid for local mall Sunglasses,Shopping
Bought Curtains from local mall,Shopping
Paid Water tank refill from insurance company,Bills
Purchased university Online course,Education
Paid for local garage Cab fare,Transport
Noodles for November,Food
Paid bookstore Certification exam,Education
Purchased Vehicle insurance downtown,Transport
Purchased coaching center Stationery,Education
Settled Phone bill from utility company,Bills
Paid for Foodmandu Pancakes,Food
Gaming subscription for March,Entertainment
Paid for Makeup kit from boutique,Shopping
Enrolled in Online course from coaching center,Education
Paid for Snacks with family,Food
YouTube Movie ticket,Entertainment
Paid for Netflix subscription from Netflix,Entertainment
Booked Bike rental from Uber,Transport
Disney+ subscription from Amazon Prime,Entertainment
Momo for September,Food
Recharged Tootle Vehicle insurance,Transport
Registered for coaching center College fee,Education
Took out Wow Momo Ice cream,Food
Took out Waffles at office,Food
Shopping for Shoes from shopping center,Shopping
Medicine - hospital,Health
local garage Uber ride,Transport
Ordered Sneakers from online store,Shopping
Booked Uber Petrol,Transport
Visited for Vaccination from hospital,Health
Bought pharmacy Health checkup,Health
Cleared Insurance premium this month,Bills
Paid for Cab fare from Uber,Transport
Medicine - diagnostic center,Health
Bike wash for April,Transport
Subscribed to Movie ticket from PlayStation,Entertainment
Used Scooter rental to office,Transport
local cinema Gaming subscription,Entertainment
Booked Steam purchase monthly plan,Entertainment
Renewed YouTube Comic book,Entertainment
Enrolled in Lab fee from library,Education
Cleared Society fee from insurance company,Bills
Diesel downtown,Transport
Ordered Jacket,Shopping
Paid Workshop registration from university,Education
Enrolled in Certification exam from coaching center,Education
Enrolled in College fee,Education
Bought local clinic Lab test,Health
Paid for pharmacy Medicine,Health
Paid Society fee annual payment,Bills
Visited for Dental treatment from gym,Health
Society fee for October,Bills
Got a new local mall Jeans,Shopping
Paid for shopping center Umbrella,Shopping
Subscribed to Board game monthly plan,Entertainment
Watch from shopping center,Shopping
Purchased new Bag from local mall,Shopping
Cleared Garbage collection fee from insurance company,Bills
Backpack - Daraz,Shopping
Lunch at Milk from Foodmandu,Food
Purchased E-book purchase from Amazon Prime,Entertainment
Paid for Disney+ Amusement park ticket,Entertainment
Monthly telecom provider Property tax,Bills
Enrolled in Software license for study from Coursera,Education
Visited for Lab test from wellness center,Health
Bought wellness center Surgery cost,Health
Necklace - shopping center,Shopping
Monthly Credit card payment from landlord,Bills
Bought online store Shirt,Shopping
Paid for Headphones from boutique,Shopping
Parking fee for February,Transport
Refueled with Bike fuel to college,Transport
Water bill - utility company,Bills
Visited for Lab test from local clinic,Health
E-book purchase for January,Entertainment
Booked Fuel station from Tootle,Transport
Paid for Vegetables takeaway,Food
Purchased new Makeup kit,Shopping
Paid for utility company Garbage collection fee,Bills
Purchased new Necklace from boutique,Shopping
Settled NEA Insurance premium,Bills
Monthly Society fee quarterly payment,Bills
Purchased Netflix Bowling session,Entertainment
Renewed local cinema Steam purchase,Entertainment
Recharged InDrive Bike repair,Transport
College tuition for September,Education
Bought bookstore Lab fee,Education
Purchased library Stationery,Education
Purchased Bike wash from Uber,Transport
Went for Medicine,Health
Amazon Prime membership - Xbox Game Pass,Entertainment
Charger for March,Shopping
Paid Certification exam annual fee,Education
Monthly telecom provider Garbage collection fee,Bills
Refueled with Bike rental from petrol pump,Transport
Snack at Starbucks Falafel,Food
boutique Jacket,Shopping
Booked Video game purchase annual plan,Entertainment
Paid for Health checkup checkup,Health
Bought Thesis printing from library,Education
Settled Cable TV bill from bank,Bills
Sweater from boutique,Shopping
Bought campus canteen Pastry,Food
Shopping for Bag online order,Shopping
Bought local mall Charger,Shopping
Used Auto rickshaw fare from Pathao,Transport
Paid for T-shirt for birthday gift,Shopping
Paid for Sweater for birthday gift,Shopping
Took a Toll fee,Transport
Cleared utility company WiFi payment,Bills
Got a new Daraz T-shirt,Shopping
Subscribed to Netflix Steam purchase,Entertainment
Monthly Credit card payment for the house,Bills
Purchased Amazon Prime Steam purchase,Entertainment
Jacket for January,Shopping
Had Burrito from dhaba,Food
Theatre ticket from Netflix,Entertainment
Booked Gaming subscription from YouTube,Entertainment
Took a Uber ride to home,Transport
Bought Thesis printing from bookstore,Education
Settled insurance company Water tank refill,Bills
Booked Pathao ride,Transport
Noodles - Bajeko Sekuwa,Food
Movie ticket from PlayStation,Entertainment
Bought Streaming service from YouTube,Entertainment
Settled Phone bill from telecom provider,Bills
Enrolled in Programming course for the course,Education
Went for pharmacy Hospital bill,Health
Shopping for Necklace for office,Shopping
Booked Concert ticket,Entertainment
Settled Credit card payment,Bills
Used gas station Cab fare,Transport
Purchased new Jeans from outlet store,Shopping
Bought Health insurance premium follow-up visit,Health
Purchased University fee,Education
Paid for WiFi payment,Bills
Paid for local mall Electronics gadget,Shopping
Purchased new Belt for college,Shopping
Ride share to home,Transport
Gas cylinder - NEA,Bills
Ordered Furniture piece for office,Shopping
Bought Lab fee from local college,Education
Grabbed Falafel with friends,Food
Hospital bill - local clinic,Health
Bought Disney+ PlayStation Plus,Entertainment
Purchased Netflix Music album,Entertainment
Settled Electricity bill this month,Bills
Snack at hotel restaurant Milkshake,Food
Purchased new Sweater from Amazon,Shopping
Paid for Steam Spotify subscription,Entertainment
Paid for Backpack from outlet store,Shopping
Paid for Pizza Hut Biryani,Food
Bought Hospital bill from diagnostic center,Health
Purchased Study materials from bookstore,Education
Burrito - Foodmandu,Food
Bought hospital Painkillers,Health
Bought Coursera Project materials,Education
Painkillers - gym,Health
Paid for Scooter rental from Sajha Yatayat,Transport
Bought Dental treatment,Health
Purchased Bus ticket to the mall,Transport
Paid for Board game from Amazon Prime,Entertainment
Medical bill - pharmacy,Health
Paid for Shoes seasonal sale,Shopping
Ordered Socks from outlet store,Shopping
Paid Society fee from insurance company,Bills
Booked Gym membership follow-up visit,Health
Cooking oil - Foodmandu,Food
Paid for Shoes from local mall,Shopping
Chicken curry - Bajeko Sekuwa,Food
Enrolled in Programming course from university,Education
Ordered Jacket from boutique,Shopping
E-book purchase from local cinema,Entertainment
Recharged Uber Train ticket,Transport
Cleared Maintenance fee,Bills
Bought Programming course from local college,Education
Visited for pharmacy Dental appointment,Health
Registered for bookstore Exam fee,Education
Ordered outlet store Furniture piece,Shopping
YouTube E-book purchase,Entertainment
Shopping for outlet store Phone case,Shopping
Booked PlayStation Theatre ticket,Entertainment
Fuel station - Sajha Yatayat,Transport
WiFi payment for August,Bills
Paid for Pharmacy purchase from local clinic,Health
Hospital bill - gym,Health
Home loan installment for August,Bills
Refueled with Scooter rental,Transport
Booked Uber ride to home,Transport
Ordered Jeans for birthday gift,Shopping
Breakfast at Fried rice,Food
PlayStation Plus family plan,Entertainment
Took a Car rental to college,Transport
Lunch at Coffee from Domino's,Food
Physiotherapy session for May,Health
Took a gas station Helmet purchase,Transport
Kitchenware - outlet store,Shopping
Shopping for Shoes from online store,Shopping
Bought gym Dental treatment,Health
Smoothie - food court,Food
Shopping for Bag,Shopping
Bought Coaching class fee from coaching center,Education
Shopping for Shoes from boutique,Shopping
Paid Coursera Project materials,Education
Paid for Painkillers from diagnostic center,Health
Certification exam for October,Education
Booked Arcade tokens from Steam,Entertainment
Paid Workshop registration from coaching center,Education
Paid for pharmacy Painkillers,Health
Booked Dental treatment follow-up visit,Health
Cleared Monthly rent from telecom provider,Bills
Purchased new shopping center Socks,Shopping
Booked Uber Bus ticket,Transport
Purchased coaching center Study materials,Education
Went for gym Physiotherapy session,Health
Vitamin supplements for September,Health
Insurance premium for May,Bills
Snack at Snacks from Starbucks,Food
Renewed Stand-up comedy show from YouTube,Entertainment
Paid library Lab fee,Education
Had Noodles,Food
Paid for bank House rent,Bills
Booked Stand-up comedy show annual plan,Entertainment
Karaoke night from Spotify,Entertainment
Bought Laptop bag from outlet store,Shopping
Got a new Bedsheet from Daraz,Shopping
French fries - hotel restaurant,Food
Went for Doctor appointment,Health
Paid for Doctor appointment from gym,Health
Visited for Medical bill from pharmacy,Health
Renewed Stand-up comedy show,Entertainment
Ordered Thukpa from Wow Momo,Food
Bought Backpack from outlet store,Shopping
Cleared local ISP Apartment rent,Bills
Renewed Video game purchase from PlayStation,Entertainment
Settled Cable TV bill this month,Bills
Paid for Ramen with family,Food
Ordered Bag for birthday gift,Shopping
Train ticket for April,Transport
T-shirt - outlet store,Shopping
Bought Programming course from Udemy,Education
Flight ticket for November,Transport
Paid College fee from coaching center,Education
Used Uber ride,Transport
Purchased Sushi with friends,Food
Purchased Gaming subscription from local cinema,Entertainment
Surgery cost - local clinic,Health
Credit card payment for May,Bills
Daraz Kitchenware,Shopping
Home loan installment for June,Bills
Groceries - dhaba,Food
Paid for Flight ticket downtown,Transport
Shopping for outlet store Sunglasses,Shopping
Got a new T-shirt from local mall,Shopping
Bought Stand-up comedy show from Netflix,Entertainment
Bike repair from Pathao,Transport
Bought Stand-up comedy show from YouTube,Entertainment
Purchased petrol pump Petrol,Transport
Subscribed to Video game purchase monthly plan,Entertainment
Paid for Home loan installment for the house,Bills
PlayStation Plus from Amazon Prime,Entertainment
Had Bajeko Sekuwa Fried rice,Food
Got a new Curtains online order,Shopping
Sunglasses for office,Shopping
Paid for Steam purchase from local cinema,Entertainment
Disney+ Amazon Prime membership,Entertainment
Purchased Bike fuel from Pathao,Transport
Burger - food court,Food
Flight ticket from Sajha Yatayat,Transport
Got a new Watch from Daraz,Shopping
Gas cylinder for December,Bills
Metro card recharge downtown,Transport
Enrolled in local college Programming course,Education
Ordered Cap,Shopping
Paid Society fee for the house,Bills
Settled telecom provider Monthly rent,Bills
Ordered Jeans seasonal sale,Shopping
Purchased Pathao Tire replacement,Transport
Bubble tea for August,Food
Booked Tire replacement from Pathao,Transport
Bought Cake after work,Food
Taco - hotel restaurant,Food
Booked Concert ticket annual plan,Entertainment
Umbrella for December,Shopping
Had Chicken curry from Subway,Food
Concert ticket for December,Entertainment
Recharged Pathao Vehicle insurance,Transport
Purchased local garage Car service,Transport
Netflix subscription monthly plan,Entertainment
Bought Domino's Samosa,Food
Monthly bank Water tank refill,Bills
Yoga class fee for November,Health
Ordered Curtains from outlet store,Shopping
Renewed Spotify Movie ticket,Entertainment
Booked Car rental from Pathao,Transport
Daraz Perfume,Shopping
Power bank online order,Shopping
Ordered Jeans from online store,Shopping
E-book purchase from Spotify,Entertainment
Subscribed to Spotify subscription from Disney+,Entertainment
Booked Music album monthly plan,Entertainment
Registered for Coursera University fee,Education
Metro card recharge to hospital,Transport
Used Toll fee from local garage,Transport
Medicine - wellness center,Health
Bought Umbrella for office,Shopping
Paid for Wow Momo Fried rice,Food
Snack at Sandwich from street food stall,Food
Bought local mall Electronics gadget,Shopping
Bought Steam Board game,Entertainment
Bought Seminar fee from library,Education
Paid Online course annual fee,Education
Subscribed to local cinema Stand-up comedy show,Entertainment
Enrolled in College fee from local college,Education
Took a Helmet purchase from InDrive,Transport
Cleared Gas cylinder this month,Bills
Hot dog - Foodmandu,Food
Milkshake - food court,Food
Bus ticket from local garage,Transport
Monthly Electricity bill from local ISP,Bills
Got a new local mall Makeup kit,Shopping
Cab fare for October,Transport
Booked Dental appointment from gym,Health
Paid for Electricity bill,Bills
Purchased Study materials annual fee,Education
Dental appointment - hospital,Health
Renewed Bowling session from local cinema,Entertainment
Bought Painkillers routine visit,Health
Bought Waffles delivery order,Food
Enrolled in School books from Coursera,Education
Paid for Vehicle insurance to home,Transport
Paid for Society fee annual payment,Bills
Paid for Medical bill,Health
Hospital bill for April,Health
Paid Textbooks,Education
Cinema ticket - Disney+,Entertainment
Shopping for Bedsheet from Amazon,Shopping
Booked Eye checkup,Health
Paid for Makeup kit from local mall,Shopping
Subscribed to Streaming service from Netflix,Entertainment
Went for Pharmacy purchase from gym,Health
Got a new Perfume from local mall,Shopping
Bought outlet store Charger,Shopping
Paid for Laptop bag for birthday gift,Shopping
Subscribed to Streaming service from Steam,Entertainment
Waffles - Burger King,Food
Booked gym Physiotherapy session,Health
Bought Spotify Cinema ticket,Entertainment
Paid for Apartment rent from insurance company,Bills
Paid for Domino's Sushi,Food
Bedsheet - online store,Shopping
Disney+ subscription for July,Entertainment
Took a petrol pump Petrol,Transport
Bag - outlet store,Shopping
Refueled with Tire replacement to home,Transport
Enrolled in Thesis printing this semester,Education
Settled Home loan installment from landlord,Bills
Recharged Pathao ride to office,Transport
Society fee - bank,Bills
Booked wellness center Dental appointment,Health
Shopping for Kitchenware from local mall,Shopping
Bought Earrings seasonal sale,Shopping
Visited for Blood test from pharmacy,Health
Physiotherapy session - hospital,Health
Booked gym X-ray,Health
Visited for local clinic Eye checkup,Health
Registered for Udemy College tuition,Education
Purchased new Electronics gadget from shopping center,Shopping
Purchased Workshop registration,Education
Purchased Theatre ticket family plan,Entertainment
Took a Flight ticket from local garage,Transport
Bought campus canteen Waffles,Food
Watch for September,Shopping
Used Sajha Yatayat Tire replacement,Transport
Renewed E-book purchase from Steam,Entertainment
Paid for diagnostic center Lab test,Health
Purchased new Cap from online store,Shopping
Recharged gas station Uber ride,Transport
Ordered boutique Sweater,Shopping
Booked Taxi fare,Transport
Had Falafel with friends,Food
Programming course for April,Education
Monthly Cable TV bill,Bills
Paid College fee from Udemy,Education
Booked Parking fee from local garage,Transport
Recharged Bus ticket to college,Transport
Purchased Spotify subscription,Entertainment
Cleared Monthly rent for the house,Bills
Bought Doctor appointment checkup,Health
Got a new Laptop bag from local mall,Shopping
Subscribed to Steam E-book purchase,Entertainment
Paid for Disney+ subscription,Entertainment
Grabbed Pizza Hut Tea,Food
Eye checkup for December,Health
Paid for gym Yoga class fee,Health
Paid Certification exam for the workshop,Education
Registered for library Programming course,Education
Bought food court Eggs,Food
Bought Steam purchase with friends,Entertainment
Purchased new Necklace from Daraz,Shopping
Paid Stationery from university,Education
Paid Coursera College fee,Education
Got a new Jeans for birthday gift,Shopping
Paid Maintenance fee for the house,Bills
Paid for landlord House rent,Bills
Paid for Flight ticket from Pathao,Transport
Recharged Uber Bike fuel,Transport
Recharged Sajha Yatayat Car rental,Transport
Subscribed to Video game purchase weekend outing,Entertainment
Monthly Insurance premium for the house,Bills
Purchased new Power bank from Amazon,Shopping
Used Ride share,Transport
Subscribed to Xbox Game Pass PlayStation Plus,Entertainment
Scooter rental for a trip,Transport
Purchased new Shoes seasonal sale,Shopping
Purchased new Belt from boutique,Shopping
Paid Apartment rent,Bills
Purchased Exam fee,Education
Went for Health checkup routine visit,Health
Purchased Thesis printing from coaching center,Education
Booked Board game family plan,Entertainment
Paid Water bill from utility company,Bills
Paid for Property tax from bank,Bills
Paid for Pancakes with family,Food
Paid Cable TV bill from bank,Bills
Breakfast at Juice,Food
Cleared Loan EMI from local ISP,Bills
Visited for Doctor appointment from gym,Health
Cleared NEA Gas cylinder,Bills
Paid landlord Mobile recharge,Bills
Diesel for August,Transport
Purchased Coursera Certification exam,Education
Groceries - cafe,Food
Booked InDrive Train ticket,Transport
Renewed Amazon Prime Karaoke night,Entertainment
Paid Credit card payment from landlord,Bills
Booked Pathao Bike wash,Transport
Got a new Sunglasses seasonal sale,Shopping
Lunch at Snacks,Food
Bubble tea - Subway,Food
Purchased new Kitchenware for office,Shopping
Bike rental - Sajha Yatayat,Transport
Booked Steam purchase from PlayStation,Entertainment
Paid Coaching class fee from library,Education
Workshop registration for June,Education
Paid for Amazon Prime membership,Entertainment
Cleared Garbage collection fee for the apartment,Bills
Car service for December,Transport
Booked local garage Bike repair,Transport
Bought Netflix Comic book,Entertainment
Bought Health checkup from pharmacy,Health
Settled Home loan installment for the apartment,Bills
Bought T-shirt,Shopping
Paid Exam fee from university,Education
Recharged Taxi fare to hospital,Transport
Booked Spotify subscription from Steam,Entertainment
local cinema Steam purchase,Entertainment
Ordered Daraz Shirt,Shopping
Certification exam for April,Education
Netflix subscription from YouTube,Entertainment
Netflix Amazon Prime membership,Entertainment
Purchased new Perfume for birthday gift,Shopping
Went for Health insurance premium follow-up visit,Health
Took a Auto rickshaw fare from Uber,Transport
Bought Amazon Bag,Shopping
Movie ticket - Steam,Entertainment
Paid bank Phone bill,Bills
Enrolled in Software license for study from coaching center,Education
Paid for Steam purchase from PlayStation,Entertainment
Ordered KFC Dal bhat,Food
Enrolled in Online course for the workshop,Education
Got a new Curtains from local mall,Shopping
Purchased Train ticket to hospital,Transport
Purchased Disney+ Amusement park ticket,Entertainment
Paid for Monthly rent from telecom provider,Bills
Renewed Board game from Spotify,Entertainment
Snack at Burger King Milk,Food
Purchased new Sneakers from local mall,Shopping
Purchased new Electronics gadget from Daraz,Shopping
Paid coaching center Stationery,Education
Purchased Waffles from Wow Momo,Food
Bought gym Painkillers,Health
Monthly Water tank refill from bank,Bills
Booked Movie ticket,Entertainment
Bought Disney+ Stand-up comedy show,Entertainment
Refueled with Ride share airport transfer,Transport
Paid for Amazon Jeans,Shopping
Had Bubble tea from Wow Momo,Food
Socks - Amazon,Shopping
Got a new Sweater online order,Shopping
Paid Library fine annual fee,Education
Refueled with Bike repair for a trip,Transport
Karaoke night for March,Entertainment
Booked Dental appointment,Health
Paid for Cap online order,Shopping
Booked Eye checkup from pharmacy,Health
YouTube Spotify subscription,Entertainment
Purchased Bowling session from Xbox Game Pass,Entertainment
Got a new boutique Kitchenware,Shopping
Paid for Gas cylinder from bank,Bills
Paid for Yoga class fee from local clinic,Health
Paid library Textbooks,Education
Monthly Monthly rent from landlord,Bills
Purchased Movie ticket from YouTube,Entertainment
Enrolled in bookstore University fee,Education
Registered for Textbooks,Education
Pathao Petrol,Transport
Registered for Stationery annual fee,Education
Phone case for college,Shopping
Went for pharmacy Pharmacy purchase,Health
Ordered Charger from boutique,Shopping
Cleared Garbage collection fee from local ISP,Bills
Wallet for college,Shopping
InDrive Cab fare,Transport
Kitchenware for office,Shopping
Booked Painkillers from gym,Health
X-ray for July,Health
Snack at Hot dog from KFC,Food
Registered for coaching center Project materials,Education
Groceries - Domino's,Food
Paid for Painkillers routine visit,Health
Purchased Stationery annual fee,Education
Arcade tokens - local cinema,Entertainment
Society fee for January,Bills
Cleared WiFi payment for the apartment,Bills
Property tax for July,Bills
Ordered Daraz Jeans,Shopping
Paid for Monthly rent for the apartment,Bills
Breakfast at Sandwich from KFC,Food
Paid for Tea from restaurant,Food
Subscribed to YouTube Premium,Entertainment
Visited for Physiotherapy session follow-up visit,Health
Bought Necklace seasonal sale,Shopping
Lunch at Cooking oil from local bakery,Food
Medical bill for March,Health
Purchased Coaching class fee,Education
Bought Karaoke night from Disney+,Entertainment
School books for May,Education
Earrings for March,Shopping
Purchased Thesis printing for the course,Education
Had Pancakes,Food
Netflix PlayStation Plus,Entertainment
Took a Bike repair to the mall,Transport
Ordered Foodmandu Donuts,Food
Monthly bank House rent,Bills
Bought local clinic Vitamin supplements,Health
Took a Train ticket for a trip,Transport
Bus ticket for September,Transport
College supplies for January,Education
Paid Insurance premium annual payment,Bills
Used Car rental to the mall,Transport
Took out Eggs from Wow Momo,Food
Paid for Amazon Prime Concert ticket,Entertainment
Booked PlayStation Plus from Spotify,Entertainment
outlet store Shoes,Shopping
Renewed Disney+ Cinema ticket,Entertainment
outlet store Charger,Shopping
Enrolled in university Online course,Education
Paid College tuition,Education
Bought Wallet from shopping center,Shopping
Got a new Amazon Kitchenware,Shopping
Booked Bike rental to the mall,Transport
French fries for January,Food
Bought Workshop registration from coaching center,Education
Bought Fried rice,Food
Paid for Pathao Auto rickshaw fare,Transport
Breakfast at Biryani from Pizza Hut,Food
Paid for shopping center Charger,Shopping
boutique Backpack,Shopping
Cleared Property tax from utility company,Bills
Ordered Cap seasonal sale,Shopping
Shopping for Sweater online order,Shopping
Donuts for September,Food
Paid for X-ray from diagnostic center,Health
Booked Petrol from petrol pump,Transport
Took a InDrive Flight ticket,Transport
Used Petrol from local garage,Transport
Purchased Disney+ subscription monthly plan,Entertainment
Registered for Coursera Seminar fee,Education
Took a local garage Vehicle insurance,Transport
Paid Electricity bill this month,Bills
Got a new Necklace for college,Shopping
Stand-up comedy show from Steam,Entertainment
Breakfast at Pizza Hut Biryani,Food
Got a new outlet store Perfume,Shopping
Used Uber Metro card recharge,Transport
Purchased Bike fuel from Tootle,Transport
Shopping for Curtains,Shopping
Textbooks - coaching center,Education
Renewed PlayStation Streaming service,Entertainment
Visited for Dental appointment checkup,Health
Lunch at Donuts at office,Food
Grabbed Dumplings during break,Food
Hot dog - restaurant,Food
Lunch at Salad takeaway,Food
Purchased Car service,Transport
Maintenance fee for September,Bills
Purchased Exam fee annual fee,Education
Paid for Car rental airport transfer,Transport
Monthly NEA Insurance premium,Bills
Took a Sajha Yatayat Auto rickshaw fare,Transport
Netflix subscription,Entertainment
Cleared House rent from utility company,Bills
Booked Steam Arcade tokens,Entertainment
Purchased Thesis printing from university,Education
Gym membership,Health
Paid for Cinema ticket from Xbox Game Pass,Entertainment
Smoothie for June,Food
Thesis printing - coaching center,Education
Paid for Vitamin supplements follow-up visit,Health
Visited for Health checkup,Health
Visited for Vitamin supplements from diagnostic center,Health
Bought pharmacy Vaccination,Health
Grabbed Sandwich from Pizza Hut,Food
Booked Pharmacy purchase,Health
Paid for Netflix Spotify subscription,Entertainment
Cap online order,Shopping
Dinner at Starbucks Hot dog,Food
Bought French fries from Pizza Hut,Food
Used Diesel from Pathao,Transport
Purchased gas station Train ticket,Transport
Renewed Spotify subscription from Disney+,Entertainment
Petrol for September,Transport
Paid for Amusement park ticket from local cinema,Entertainment
Purchased Dal bhat from Domino's,Food
Cable TV bill for August,Bills
Jeans for birthday gift,Shopping
Renewed local cinema Cinema ticket,Entertainment
Used Metro card recharge to office,Transport
Uber ride for September,Transport
Took a gas station Bike fuel,Transport
Purchased Dumplings from campus canteen,Food
Umbrella for November,Shopping
Health insurance premium for January,Health
Bought shopping center Belt,Shopping
Paid for Gas cylinder,Bills
House rent for November,Bills
Paid for Wallet from online store,Shopping
Refueled with Car rental to home,Transport
Netflix Netflix subscription,Entertainment
Taco for October,Food
Recharged Tootle Auto rickshaw fare,Transport
Went for Physiotherapy session from hospital,Health
Noodles for August,Food
Took a Diesel to home,Transport
Paid for Sajha Yatayat Bike wash,Transport
Monthly WiFi payment quarterly payment,Bills
Settled Credit card payment quarterly payment,Bills
Ride share for a trip,Transport
Paid university School books,Education
Booked Dental treatment from gym,Health
Renewed Stand-up comedy show family plan,Entertainment
Jacket for April,Shopping
Theatre ticket for October,Entertainment
Bought Bedsheet from online store,Shopping
Bowling session for November,Entertainment
Paid coaching center Textbooks,Education
Bought Laptop bag from online store,Shopping
Gym membership - wellness center,Health
Bought Salad,Food
Software license for study,Education
Purchased Juice,Food
Purchased university School books,Education
Xbox Game Pass PlayStation Plus,Entertainment
Shopping for boutique Makeup kit,Shopping
Bought Xbox Game Pass YouTube Premium,Entertainment
Soup for July,Food
Helmet purchase - Tootle,Transport
Booked Netflix Board game,Entertainment
Refueled with Bike fuel from Pathao,Transport
Stationery for December,Education
Ordered Jacket for birthday gift,Shopping
Settled utility company Mobile recharge,Bills
Salad for January,Food
Bag for August,Shopping
Settled Maintenance fee from NEA,Bills
Took a Scooter rental for weekend trip,Transport
Shopping for Amazon Kitchenware,Shopping
Refueled with Bike repair from Sajha Yatayat,Transport
Settled NEA Monthly rent,Bills
Cleared Insurance premium quarterly payment,Bills
Paid NEA Society fee,Bills
Paid telecom provider Property tax,Bills
Refueled with Flight ticket to hospital,Transport
Cab fare for September,Transport
Bought Amazon Prime Cinema ticket,Entertainment
Snack at Dumplings on the way home,Food
Fried rice - Burger King,Food
Cleared Gas cylinder from landlord,Bills
Lunch at Bubble tea from Domino's,Food
Bought Cinema ticket premium plan,Entertainment
Bought Medicine from local clinic,Health
Shopping for Wallet,Shopping
Renewed PlayStation Plus from Spotify,Entertainment
Paid for Steam YouTube Premium,Entertainment
online store Laptop bag,Shopping
Purchased Seminar fee from university,Education
Lunch at Hot dog at college,Food
Paid for Internet bill,Bills
Bought Dental appointment from wellness center,Health
Subscribed to Video game purchase from Amazon Prime,Entertainment
Fuel station from Pathao,Transport
Bought Stand-up comedy show from Steam,Entertainment
Paid for hospital Health insurance premium,Health
Ordered Sunglasses for college,Shopping
Got a new Watch seasonal sale,Shopping
Seminar fee - local college,Education
Grabbed Sushi with friends,Food
Purchased food court Chicken curry,Food
Cinema ticket from Xbox Game Pass,Entertainment
Purchased Car rental to office,Transport
Subscribed to Amazon Prime YouTube Premium,Entertainment
Health checkup for July,Health
School books for February,Education
Paid for Scooter rental from Uber,Transport
Car rental for weekend trip,Transport
Jacket for college,Shopping
Breakfast at Dumplings during break,Food
Got a new local mall Sweater,Shopping
Credit card payment for October,Bills
Paid Programming course from bookstore,Education
Insurance premium - telecom provider,Bills
Paid for Headphones from Daraz,Shopping
outlet store Perfume,Shopping
Had Rice bag from street food stall,Food
Car rental for April,Transport
Got a new Amazon Charger,Shopping
Monthly Mobile recharge from bank,Bills
College supplies for July,Education
Necklace for May,Shopping
Grabbed Subway Vegetables,Food
Renewed Netflix subscription from Disney+,Entertainment
Cleared landlord Credit card payment,Bills
Exam fee - Coursera,Education
Umbrella for July,Shopping
Renewed local cinema Netflix subscription,Entertainment
Bought Health checkup monthly,Health
local mall Backpack,Shopping
Bought Vitamin supplements checkup,Health
Paid for Amusement park ticket from PlayStation,Entertainment
Paid Udemy University fee,Education
Dental treatment - local clinic,Health
Water tank refill - telecom provider,Bills
Metro card recharge for weekend trip,Transport
Purchased Textbooks,Education
Booked Xbox Game Pass Bowling session,Entertainment
Uber ride from Pathao,Transport
Bought bookstore Project materials,Education
Paid for Headphones from shopping center,Shopping
Booked Streaming service from Amazon Prime,Entertainment
Ordered shopping center Furniture piece,Shopping
Paid Stationery,Education
Petrol for January,Transport
Paid WiFi payment from landlord,Bills
Purchased YouTube Board game,Entertainment
Purchased Board game from Spotify,Entertainment
Taco for June,Food
Got a new Bedsheet from boutique,Shopping
Paid for Music album from Netflix,Entertainment
Paid for Society fee quarterly payment,Bills
Bike repair,Transport
Grabbed Smoothie,Food
Used Bike fuel airport transfer,Transport
Booked local clinic Vitamin supplements,Health
Ordered Falafel at office,Food
Paid for Netflix Amusement park ticket,Entertainment
Enrolled in Software license for study for the course,Education
College tuition - Coursera,Education
Renewed Board game from Xbox Game Pass,Entertainment
Took a Petrol from InDrive,Transport
Ordered outlet store Charger,Shopping
Samosa for January,Food
Ordered Burrito with family,Food
Petrol from local garage,Transport
Paid for Cab fare to office,Transport
Visited for Eye checkup from diagnostic center,Health
Registered for Library fine from coaching center,Education
Used Scooter rental downtown,Transport
Booked Concert ticket from local cinema,Entertainment
Dinner at Chicken curry from Foodmandu,Food
Bought Software license for study,Education
House rent - telecom provider,Bills
Used Pathao Bus ticket,Transport
Visited for wellness center Lab test,Health
Ordered Milkshake delivery order,Food
Coffee - Foodmandu,Food
Got a new Wallet for college,Shopping
Cinema ticket for October,Entertainment
Registered for School books annual fee,Education
Cleared House rent from insurance company,Bills
Cleared landlord House rent,Bills
Dinner at Dumplings from KFC,Food
Amazon Furniture piece,Shopping
Paid Society fee,Bills
Booked YouTube Premium from Amazon Prime,Entertainment
Booked gym Dental appointment,Health
Bought Foodmandu Chicken curry,Food
Fried chicken for November,Food
Booked Hospital bill checkup,Health
Grabbed Soup from Burger King,Food
Purchased new Shoes from local mall,Shopping
Bought Wow Momo Donuts,Food
Electronics gadget for December,Shopping
Paid for X-ray,Health
Purchased Pathao Diesel,Transport
YouTube Premium for February,Entertainment
Cleared insurance company Apartment rent,Bills
Bought Udemy Stationery,Education
Purchased Cooking oil,Food
shopping center Socks,Shopping
Purchased University fee annual fee,Education
Took a Tootle Petrol,Transport
Bowling session - Disney+,Entertainment
Went for Vitamin supplements from wellness center,Health
Noodles for September,Food
Snacks for June,Food
Got a new local mall Phone case,Shopping
Bought Project materials from library,Education
Bought Coaching class fee,Education
Lunch at Foodmandu Ice cream,Food
Subscribed to YouTube Steam purchase,Entertainment
Paid for Loan EMI from utility company,Bills
Recharged Taxi fare for a trip,Transport
Visited for Pharmacy purchase monthly,Health
Bought College tuition from Coursera,Education
Enrolled in Online course from university,Education
Subscribed to PlayStation Board game,Entertainment
Purchased College fee from bookstore,Education
Purchased new Amazon Umbrella,Shopping
Subscribed to Karaoke night monthly plan,Entertainment
House rent - local ISP,Bills
Furniture piece for May,Shopping
Paid for Uber ride from petrol pump,Transport
Shopping for Charger for college,Shopping
Paid for petrol pump Ride share,Transport
Breakfast at food court Soup,Food
Settled Electricity bill quarterly payment,Bills
Renewed Concert ticket weekend outing,Entertainment
Purchased petrol pump Flight ticket,Transport
Paid for Auto rickshaw fare to office,Transport
Ordered boutique Makeup kit,Shopping
Went for X-ray from hospital,Health
Booked Pathao ride from Pathao,Transport
Booked PlayStation Arcade tokens,Entertainment
Grabbed Salad from dhaba,Food
Paid College supplies for the workshop,Education
Snack at Rice bag with family,Food
Paid for Yoga class fee from hospital,Health
Took out Dosa after work,Food
Bike wash for May,Transport
Earrings for office,Shopping
Fried rice - Starbucks,Food
Purchased College fee from Coursera,Education
Shopping for shopping center Earrings,Shopping
Registered for Coaching class fee from university,Education
Got a new Sunglasses from Daraz,Shopping
Bike fuel for August,Transport
Cinema ticket - PlayStation,Entertainment
Thesis printing for June,Education
Stand-up comedy show for April,Entertainment
Got a new shopping center Sunglasses,Shopping
Took a Pathao Parking fee,Transport
Umbrella - boutique,Shopping
Shopping for Wallet from shopping center,Shopping
Bought PlayStation Amazon Prime membership,Entertainment
Paid for WiFi payment for the house,Bills
Bought Software license for study from bookstore,Education
Paid for Cable TV bill for the house,Bills
Settled NEA WiFi payment,Bills
Had Biryani delivery order,Food
Booked gas station Taxi fare,Transport
Bought Hospital bill,Health
Renewed Xbox Game Pass Movie ticket,Entertainment
Vegetables for September,Food
Bought coaching center Coaching class fee,Education
Monthly Insurance premium annual payment,Bills
Paid for Sunglasses from outlet store,Shopping
Purchased Spotify Video game purchase,Entertainment
Took a Cab fare to the mall,Transport
Took out Steak from Foodmandu,Food
Backpack for August,Shopping
French fries - Wow Momo,Food
Paid College fee for the workshop,Education
Booked Tire replacement from Sajha Yatayat,Transport
Paid utility company Maintenance fee,Bills
Bought pharmacy Blood test,Health
Monthly Phone bill from NEA,Bills
Got a new Backpack from online store,Shopping
Recharged Diesel to office,Transport
Ordered Snacks at office,Food
Ordered online store Jeans,Shopping
Grabbed Samosa after work,Food
Dinner at Sandwich after work,Food
Got a new Curtains,Shopping
Recharged Helmet purchase to hospital,Transport
Shopping for outlet store Earrings,Shopping
Paid for Tootle Taxi fare,Transport
Vaccination - local clinic,Health
Purchased Programming course from local college,Education
Ordered Wow Momo Cake,Food
Purchased Streaming service from Disney+,Entertainment
Registered for Coursera Stationery,Education
Amusement park ticket for April,Entertainment
Took out Cake after work,Food
Got a new shopping center Watch,Shopping
Purchased Fried rice from hotel restaurant,Food
Refueled with Petrol to hospital,Transport
Enrolled in Library fine for the course,Education
Enrolled in coaching center Library fine,Education
Ordered Eggs,Food
Purchased Vehicle insurance from Tootle,Transport
Paid for gym Medicine,Health
Purchased Taco after work,Food
Got a new Jacket from Daraz,Shopping
Curtains from Amazon,Shopping
Shopping for Jacket for birthday gift,Shopping
Paid for YouTube Premium from Disney+,Entertainment
Paid for Pathao Car service,Transport
Paid for Amusement park ticket weekend outing,Entertainment
Took a Toll fee from local garage,Transport
Paid Cable TV bill quarterly payment,Bills
Society fee for November,Bills
Furniture piece - online store,Shopping
Settled Monthly rent,Bills
Refueled with Bike wash from Tootle,Transport
Bought Disney+ Netflix subscription,Entertainment
Paid for diagnostic center Painkillers,Health
Paid telecom provider Maintenance fee,Bills
Purchased new Perfume from Daraz,Shopping
Grabbed Cooking oil from Pizza Hut,Food
Movie ticket from Steam,Entertainment
Shopping for Power bank from Daraz,Shopping
Vaccination for February,Health
Snack at KFC Milk,Food
Booked Pharmacy purchase from gym,Health
Purchased Auto rickshaw fare downtown,Transport
Bought Sunglasses from online store,Shopping
Took a Parking fee to office,Transport
Pastry - hotel restaurant,Food
Paid Mobile recharge from NEA,Bills
Bought university Certification exam,Education
Bought Sweater,Shopping
Renewed Netflix Steam purchase,Entertainment
Got a new online store Backpack,Shopping
Enrolled in local college Certification exam,Education
Paid for Concert ticket from Steam,Entertainment
Kebab - Burger King,Food
Garbage collection fee - insurance company,Bills
Bike repair from Tootle,Transport
Internet bill - NEA,Bills
Bought Power bank seasonal sale,Shopping
Doctor appointment for July,Health
Bought Udemy College fee,Education
Paid for Sunglasses from Amazon,Shopping
Monthly local ISP Maintenance fee,Bills
Gas cylinder for June,Bills
Purchased new boutique Earrings,Shopping
Booked wellness center Dental treatment,Health
Renewed Xbox Game Pass Arcade tokens,Entertainment
Registered for Online course from Udemy,Education
Went for X-ray follow-up visit,Health
Gaming subscription for February,Entertainment
Mobile recharge - local ISP,Bills
Registered for Coursera Online course,Education
Paid bank Mobile recharge,Bills
Breakfast at campus canteen Soup,Food
Tootle Helmet purchase,Transport
Bought Software license for study for the course,Education
Dal bhat for October,Food
Paid Study materials from Coursera,Education
Paid for restaurant Donuts,Food
Ordered Jeans from shopping center,Shopping
Paid for Karaoke night from Netflix,Entertainment
Monthly telecom provider Cable TV bill,Bills
Paid for Sunglasses from Daraz,Shopping
Settled House rent for the apartment,Bills
Subscribed to Music album annual plan,Entertainment
Renewed YouTube Cinema ticket,Entertainment
Metro card recharge - local garage,Transport
Cleared Apartment rent,Bills
Settled Credit card payment from telecom provider,Bills
Bought Curtains for birthday gift,Shopping
Bought YouTube Concert ticket,Entertainment
Fried chicken for September,Food
Paid for Petrol for a trip,Transport
Vehicle insurance from Pathao,Transport
Bought wellness center Doctor appointment,Health
Paid Monthly rent from insurance company,Bills
Internet bill - telecom provider,Bills
Monthly Insurance premium from local ISP,Bills
Purchased new boutique Umbrella,Shopping
YouTube Premium annual plan,Entertainment
Bought hospital Health checkup,Health
Booked YouTube Comic book,Entertainment
Ordered dhaba Steak,Food
Netflix subscription family plan,Entertainment
Shopping for Shirt seasonal sale,Shopping
Took a gas station Bus ticket,Transport
Settled WiFi payment,Bills
Had Milk from Wow Momo,Food
Breakfast at Milk from hotel restaurant,Food
Shopping for Belt from boutique,Shopping
Sandwich - McDonald's,Food
Dinner at Grilled fish from KFC,Food
Surgery cost for April,Health
Booked Bus ticket for weekend trip,Transport
Registered for College supplies,Education
Recharged Sajha Yatayat Diesel,Transport
Purchased Uber Ride share,Transport
Subscribed to Karaoke night from Disney+,Entertainment
Purchased Pizza Hut Pancakes,Food
Daraz Umbrella,Shopping
Paid for Steam Gaming subscription,Entertainment
Had dhaba Milk,Food
Enrolled in University fee,Education
Soup - street food stall,Food
Bought Pancakes from restaurant,Food
Flight ticket to college,Transport
Took a Uber Cab fare,Transport
Recharged InDrive Petrol,Transport
Taco - Wow Momo,Food
Cleared bank Insurance premium,Bills
Took out Domino's Salad,Food
Booked Taxi fare from gas station,Transport
Vehicle insurance to home,Transport
Paid Apartment rent annual payment,Bills
Paid for local clinic X-ray,Health
Booked Bike rental to home,Transport
Recharged Vehicle insurance from local garage,Transport
Booked hospital Surgery cost,Health
Sunglasses for September,Shopping
Soup - local bakery,Food
Settled telecom provider Credit card payment,Bills
Got a new Belt from Amazon,Shopping
Shopping for Umbrella online order,Shopping
Paid for boutique Kitchenware,Shopping
Subscribed to Theatre ticket family plan,Entertainment
Electricity bill - bank,Bills
Paid for Tootle Bike rental,Transport
Settled utility company Maintenance fee,Bills
Refueled with gas station Cab fare,Transport
Bought Udemy Library fine,Education
Booked Vaccination,Health
Paid for shopping center Sunglasses,Shopping
Snack at Noodles from Pizza Hut,Food
Cable TV bill - bank,Bills
Settled telecom provider Maintenance fee,Bills
Subscribed to YouTube Video game purchase,Entertainment
Cinema ticket for July,Entertainment
Paid Internet bill from landlord,Bills
Watch from outlet store,Shopping
Renewed Theatre ticket annual plan,Entertainment
Booked Painkillers,Health
Paid for Hospital bill from hospital,Health
Took out Soup from food court,Food
Bought local cinema Cinema ticket,Entertainment
Bought Socks online order,Shopping
Got a new Laptop bag from boutique,Shopping
Cable TV bill - telecom provider,Bills
Purchased Comic book from YouTube,Entertainment
Samosa - Bajeko Sekuwa,Food
Shopping for shopping center T-shirt,Shopping
Tootle Flight ticket,Transport
Grabbed Bread from restaurant,Food
Paid House rent from utility company,Bills
Took out Snacks from Foodmandu,Food
Shopping for online store Socks,Shopping
Paid for Backpack,Shopping
Paid for insurance company Garbage collection fee,Bills
Got a new online store Headphones,Shopping
Monthly Loan EMI for the house,Bills
T-shirt for college,Shopping
Property tax - landlord,Bills
Purchased Streaming service from Steam,Entertainment
Paid for Thukpa from Domino's,Food
Milkshake for December,Food
Necklace for August,Shopping
Purchased new boutique Bag,Shopping
Went for Eye checkup from pharmacy,Health
Dental treatment for November,Health
Ordered Bedsheet from online store,Shopping
Went for diagnostic center Medicine,Health
Eye checkup - gym,Health
Booked Blood test from hospital,Health
Booked Pathao Metro card recharge,Transport
Purchased Study materials for the course,Education
Paid for Sajha Yatayat Petrol,Transport
Bought Spotify Disney+ subscription,Entertainment
outlet store Bedsheet,Shopping
Certification exam - Coursera,Education
Purchased College tuition annual fee,Education
Bought Yoga class fee from wellness center,Health
Breakfast at Domino's Pancakes,Food
Bought local mall Headphones,Shopping
Booked Gym membership from local clinic,Health
Settled NEA Credit card payment,Bills
Paid for Water tank refill from landlord,Bills
Subscribed to Cinema ticket from Xbox Game Pass,Entertainment
Went for Health insurance premium monthly,Health
Cleared insurance company Credit card payment,Bills
Recharged Uber Bike rental,Transport
Used InDrive Taxi fare,Transport
Refueled with Vehicle insurance to hospital,Transport
Booked InDrive Bus ticket,Transport
Paid local ISP Mobile recharge,Bills
Paid Thesis printing from bookstore,Education
Bought Taco from Bajeko Sekuwa,Food
Paid for Gaming subscription from local cinema,Entertainment
Cleared Society fee,Bills
Society fee for February,Bills
Pharmacy purchase for February,Health
Cleared Cable TV bill from local ISP,Bills
Cleared Cable TV bill from NEA,Bills
Lunch at Noodles from food court,Food
Ordered Backpack from Amazon,Shopping
Recharged Tire replacement,Transport
Bought local cinema Board game,Entertainment
Purchased Toll fee to office,Transport
Petrol - InDrive,Transport
Purchased new Kitchenware from Amazon,Shopping
Enrolled in Textbooks from bookstore,Education
Paid for Daraz Charger,Shopping
Renewed Music album with friends,Entertainment
Settled utility company Insurance premium,Bills
Sunglasses,Shopping
Recharged Flight ticket from Tootle,Transport
Paid Udemy Lab fee,Education
Paid for Medical bill from pharmacy,Health
Vehicle insurance to the mall,Transport
Recharged Uber Petrol,Transport
Paid Project materials this semester,Education
Got a new Sneakers for college,Shopping
Monthly Home loan installment from NEA,Bills
Paid for petrol pump Scooter rental,Transport
Paid Maintenance fee from bank,Bills
Booked Medical bill emergency visit,Health
Recharged Bike fuel to home,Transport
Purchased Helmet purchase from gas station,Transport
Bought gym Medical bill,Health
Got a new shopping center Laptop bag,Shopping
Recharged Taxi fare to home,Transport
Went for Physiotherapy session from local clinic,Health
Renewed Arcade tokens weekend outing,Entertainment
Paid for E-book purchase,Entertainment
Paid for NEA House rent,Bills
Paid for Netflix subscription from Amazon Prime,Entertainment
Purchased InDrive Bike wash,Transport
Bought Laptop bag online order,Shopping
Recharged Sajha Yatayat Flight ticket,Transport
Subscribed to Theatre ticket with friends,Entertainment
Settled insurance company Insurance premium,Bills
Ride share from Uber,Transport
Bought Software license for study annual fee,Education
Visited for Dental appointment monthly,Health
Monthly Water bill from insurance company,Bills
Paid for Board game,Entertainment
Monthly Cable TV bill from utility company,Bills
Headphones for January,Shopping
Paid for Uber ride for a trip,Transport
Booked Scooter rental to home,Transport
Recharged local garage Tire replacement,Transport
Got a new Daraz Watch,Shopping
Purchased Bike wash from petrol pump,Transport
Paid for PlayStation Amusement park ticket,Entertainment
Recharged Bus ticket from local garage,Transport
Purchased Library fine for the course,Education
Lab fee - bookstore,Education
Video game purchase,Entertainment
Cleared Water bill,Bills
Paid for Uber Ride share,Transport
Paid for Makeup kit online order,Shopping
Dinner at Vegetables from local bakery,Food
Took a InDrive Train ticket,Transport
Project materials - coaching center,Education
Bought Medical bill from wellness center,Health
Amazon Shirt,Shopping
Bought Concert ticket from YouTube,Entertainment
Paid for Spotify subscription family plan,Entertainment
Snack at Dosa delivery order,Food
College supplies for September,Education
Went for wellness center Dental treatment,Health
Lunch at Smoothie from hotel restaurant,Food
Paid for Hospital bill routine visit,Health
Registered for Thesis printing,Education
Paid for Watch,Shopping
Phone case for June,Shopping
Ordered Laptop bag from online store,Shopping
Bought local mall Watch,Shopping
Donuts - KFC,Food
Painkillers for January,Health
Purchased Cinema ticket weekend outing,Entertainment
Paid for Metro card recharge from Sajha Yatayat,Transport
Paid for Internet bill from bank,Bills
Visited for Blood test checkup,Health
Paid utility company Water bill,Bills
Booked Dental appointment monthly,Health
Belt for March,Shopping
Subscribed to YouTube Premium from Spotify,Entertainment
School books for April,Education
Helmet purchase - Uber,Transport
Bought Foodmandu Pancakes,Food
WiFi payment - utility company,Bills
Cap seasonal sale,Shopping
Concert ticket from PlayStation,Entertainment
Registered for University fee from bookstore,Education
Purchased new local mall Earrings,Shopping
Purchased new local mall Sneakers,Shopping
Purchased Study materials this semester,Education
Bought Pastry from street food stall,Food
Purchased Smoothie from Starbucks,Food
Went for Yoga class fee from hospital,Health
YouTube Comic book,Entertainment
Steam Amazon Prime membership,Entertainment
Paid for Stand-up comedy show from Spotify,Entertainment
Refueled with Scooter rental airport transfer,Transport
Visited for Gym membership from diagnostic center,Health
Booked Flight ticket to hospital,Transport
Paid for gym Health insurance premium,Health
Recharged Train ticket airport transfer,Transport
Paid for Medicine from diagnostic center,Health
Bought Stationery from university,Education
Took a Scooter rental from gas station,Transport
Tea for April,Food
Earrings from boutique,Shopping
Booked Disney+ Amazon Prime membership,Entertainment
Bought Study materials,Education
Scooter rental for August,Transport
Paid for Phone case from boutique,Shopping
Settled landlord Loan EMI,Bills
Paid for Daraz Bedsheet,Shopping
Took a Ride share from petrol pump,Transport
Refueled with Flight ticket from local garage,Transport
Got a new T-shirt from shopping center,Shopping
Shopping for Phone case from online store,Shopping
Paid Programming course from Coursera,Education
Purchased Subway Pizza,Food
Subscribed to Disney+ E-book purchase,Entertainment
Renewed Movie ticket with friends,Entertainment
Snack at Samosa,Food
Subscribed to Amazon Prime Comic book,Entertainment
Ordered Steak from campus canteen,Food
Bought Coffee for the party,Food
Went for Gym membership monthly,Health
College tuition for July,Education
Workshop registration - local college,Education
Paid for Vehicle insurance to college,Transport
Shopping for local mall Belt,Shopping
Grabbed Fried chicken from KFC,Food
Grabbed Wow Momo Pancakes,Food
Used Sajha Yatayat Train ticket,Transport
Monthly insurance company Phone bill,Bills
Shopping for Perfume from local mall,Shopping
Paid Thesis printing from Coursera,Education
Paid for Vegetables with friends,Food
Health insurance premium - hospital,Health
Booked Train ticket from local garage,Transport
Paid for Soup at office,Food
Bought pharmacy Health insurance premium,Health
Shopping for outlet store T-shirt,Shopping
Subscribed to Steam purchase from Steam,Entertainment
Bought coaching center Exam fee,Education
Purchased Pastry from street food stall,Food
Bought Furniture piece online order,Shopping
Paid insurance company Phone bill,Bills
Paid for wellness center Health checkup,Health
Earrings - local mall,Shopping
Movie ticket - Amazon Prime,Entertainment
Monthly Loan EMI this month,Bills
Paid for campus canteen Dosa,Food
Lab fee for April,Education
Paid for Bedsheet,Shopping
Took a Bike wash to hospital,Transport
Paid for Cap from boutique,Shopping
Paid for Vaccination monthly,Health
Used Uber ride to hospital,Transport
Paid for Pharmacy purchase checkup,Health
School books - bookstore,Education
Purchased Music album,Entertainment
Purchased bookstore Exam fee,Education
gas station Tire replacement,Transport
Bought Steam Concert ticket,Entertainment
Ordered Watch from local mall,Shopping
X-ray,Health
Shoes from local mall,Shopping
Took a Bus ticket from Tootle,Transport
Jacket from Daraz,Shopping
Took a Uber Bike fuel,Transport
Bought Programming course this semester,Education
Yoga class fee for April,Health
Paid telecom provider Mobile recharge,Bills
Steam purchase from PlayStation,Entertainment
Disney+ subscription family plan,Entertainment
boutique Belt,Shopping
Internet bill for April,Bills
Purchased Tire replacement from Uber,Transport
Settled bank Society fee,Bills
Had street food stall Fruits,Food
Milk for March,Food
Purchased bookstore Study materials,Education
Renewed Video game purchase with friends,Entertainment
Booked Amazon Prime Video game purchase,Entertainment
Purchased Diesel to the mall,Transport
Thesis printing for April,Education
Purchased Amazon Prime membership with friends,Entertainment
Bought Concert ticket family plan,Entertainment
Bought Bubble tea after work,Food
Momo - food court,Food
Cable TV bill for September,Bills
Wallet seasonal sale,Shopping
Eye checkup - wellness center,Health
Shopping for local mall Curtains,Shopping
Ordered Shirt from Amazon,Shopping
Enrolled in College supplies for the workshop,Education
Purchased Gaming subscription weekend outing,Entertainment
Paid Electricity bill from local ISP,Bills
College fee for August,Education
Purchased Movie ticket weekend outing,Entertainment
Took a Bus ticket from Pathao,Transport
Took a Car rental from InDrive,Transport
Got a new Daraz Phone case,Shopping
Subscribed to Disney+ YouTube Premium,Entertainment
Paid for Pathao Cab fare,Transport
Settled landlord Monthly rent,Bills
Burrito - hotel restaurant,Food
Paid for Taxi fare airport transfer,Transport
Booked Vitamin supplements from gym,Health
Went for Painkillers emergency visit,Health
Visited for Vitamin supplements from gym,Health
Hospital bill for June,Health
Wallet from Daraz,Shopping
Bought Amusement park ticket monthly plan,Entertainment
University fee - Coursera,Education
Took a Vehicle insurance airport transfer,Transport
Ordered Soup from KFC,Food
Painkillers for August,Health
Booked gym Lab test,Health
College supplies - coaching center,Education
Lunch at Biryani delivery order,Food
Bought Daraz Makeup kit,Shopping
Registered for College fee,Education
Dental appointment - diagnostic center,Health
Visited for diagnostic center Blood test,Health
Burger for June,Food
Cleared NEA Water tank refill,Bills
Lunch at Subway Steak,Food
Registered for Exam fee for the workshop,Education
Umbrella - online store,Shopping
Gaming subscription - YouTube,Entertainment
Visited for diagnostic center Physiotherapy session,Health
Petrol - Uber,Transport
Used Pathao Bike repair,Transport
Certification exam for January,Education
Paid for House rent from bank,Bills
Used Sajha Yatayat Parking fee,Transport
Paid for Bike rental from gas station,Transport
Refueled with Car service from Tootle,Transport
Paid coaching center Lab fee,Education
Booked Cab fare from Pathao,Transport
Breakfast at Samosa on the way home,Food
Purchased new shopping center T-shirt,Shopping
Purchased Bubble tea from Wow Momo,Food
Maintenance fee for March,Bills
Pasta - campus canteen,Food
Paid for Credit card payment,Bills
Samosa - local bakery,Food
Paid coaching center Coaching class fee,Education
Monthly Loan EMI from telecom provider,Bills
Booked Ride share downtown,Transport
Tea for May,Food
Paid for Domino's Chowmein,Food
Bought Vitamin supplements monthly,Health
Bike rental for a trip,Transport
Purchased new T-shirt from outlet store,Shopping
Lab test - local clinic,Health
Sushi - McDonald's,Food
Ordered Curtains seasonal sale,Shopping
Cleared Mobile recharge annual payment,Bills
Enrolled in College tuition from bookstore,Education
Physiotherapy session - gym,Health
Renewed PlayStation Comic book,Entertainment
Took out Dumplings from Burger King,Food
Paid for Pharmacy purchase from gym,Health
Bought Disney+ Cinema ticket,Entertainment
Paid for Theatre ticket from Netflix,Entertainment
Lunch at Cake during break,Food
Took out Vegetables,Food
Booked local cinema Spotify subscription,Entertainment
Purchased Uber Car service,Transport
Lunch at Burger King Bubble tea,Food
Renewed Karaoke night from PlayStation,Entertainment
Enrolled in College tuition for the workshop,Education
Bought Sweater from Amazon,Shopping
Purchased Bike repair from gas station,Transport
Took a InDrive Tire replacement,Transport
local cinema Karaoke night,Entertainment
Paid for shopping center Electronics gadget,Shopping
Steak - street food stall,Food
Fuel station - Pathao,Transport
Cleared telecom provider Property tax,Bills
Ordered Salad with family,Food
Used Auto rickshaw fare to college,Transport
Paid for Petrol,Transport
Recharged Car rental,Transport
Took a Flight ticket from Pathao,Transport
Got a new Watch for office,Shopping
Enrolled in local college Seminar fee,Education
Took out Eggs,Food
Cleared Credit card payment from insurance company,Bills
Took out Pancakes from campus canteen,Food
Bought Steam Spotify subscription,Entertainment
Seminar fee for January,Education
Online course for April,Education
Renewed Amusement park ticket from Steam,Entertainment
Used Car rental airport transfer,Transport
Had Momo,Food
Mobile recharge for October,Bills
Enrolled in College supplies from coaching center,Education
Got a new Phone case,Shopping
Paid for WiFi payment from NEA,Bills
Registered for Coaching class fee for the workshop,Education
Registered for bookstore Stationery,Education
Paid Study materials from bookstore,Education
Took a Bike wash from Pathao,Transport
Dental appointment for January,Health
Paid for PlayStation Plus with friends,Entertainment
Enrolled in Thesis printing from local college,Education
Tire replacement - Tootle,Transport
Paid for local cinema Comic book,Entertainment
Purchased Chowmein from dhaba,Food
Breakfast at Pastry from cafe,Food
Textbooks - Coursera,Education
Purchased new Cap from outlet store,Shopping
Paid for restaurant Ramen,Food
Recharged Tire replacement from Pathao,Transport
Took a Car service to office,Transport
Cap for December,Shopping
Ordered Furniture piece,Shopping
Enrolled in Study materials from Udemy,Education
Used Fuel station from Uber,Transport
Had Dumplings with friends,Food
Bought Spotify subscription premium plan,Entertainment
Pathao ride to the mall,Transport
Got a new Bag from Amazon,Shopping
Internet bill for March,Bills
Cleared utility company Society fee,Bills
Metro card recharge for July,Transport
Booked Health insurance premium,Health
Bike rental - Uber,Transport
Monthly utility company Electricity bill,Bills
Pharmacy purchase for September,Health
Breakfast at Ramen from food court,Food
Purchased Bike wash from gas station,Transport
Bought Phone case online order,Shopping
Settled utility company Credit card payment,Bills
Ordered boutique Laptop bag,Shopping
Paid Textbooks from local college,Education
Snack at street food stall Chowmein,Food
Monthly Property tax,Bills
Paid for Amusement park ticket from Spotify,Entertainment
Ordered Jeans from boutique,Shopping
Refueled with Auto rickshaw fare from Uber,Transport
Took out Sushi for the party,Food
Had Pizza with family,Food
Lab test - pharmacy,Health
Monthly WiFi payment this month,Bills
T-shirt for September,Shopping
Paid Exam fee annual fee,Education
Booked Fuel station airport transfer,Transport
Monthly Society fee,Bills
Purchased library Certification exam,Education
Chicken curry - Wow Momo,Food
Bought Health checkup routine visit,Health
Went for Blood test routine visit,Health
Shopping for Power bank from boutique,Shopping
Cleared Apartment rent from bank,Bills
Settled Gas cylinder for the apartment,Bills
Subscribed to YouTube Cinema ticket,Entertainment
Paid for Doctor appointment follow-up visit,Health
Falafel - hotel restaurant,Food
Booked Music album from Steam,Entertainment
Ordered outlet store Backpack,Shopping
Bought local clinic Dental treatment,Health
Paid for Ride share,Transport
Went for Gym membership from gym,Health
Refueled with local garage Car service,Transport
Enrolled in bookstore Certification exam,Education
Purchased Ice cream delivery order,Food
Shopping for Sweater from online store,Shopping
Project materials - bookstore,Education
Purchased Donuts,Food
Paid for Taxi fare from petrol pump,Transport
Monthly insurance company Mobile recharge,Bills
Helmet purchase - gas station,Transport
Gym membership for January,Health
Bought local mall Sneakers,Shopping
Ordered boutique Bedsheet,Shopping
Recharged Uber ride for weekend trip,Transport
School books for March,Education
Purchased Amazon Prime Amazon Prime membership,Entertainment
Got a new Cap from Daraz,Shopping
Booked Gaming subscription from local cinema,Entertainment
Ordered Backpack online order,Shopping
Bought pharmacy Gym membership,Health
Paid for Jacket for college,Shopping
Renewed local cinema Arcade tokens,Entertainment
Bought Makeup kit for office,Shopping
Paid for House rent from telecom provider,Bills
Bought Surgery cost,Health
Visited for Dental appointment,Health
Booked Train ticket from Sajha Yatayat,Transport
Bought Disney+ Bowling session,Entertainment
Booked Stand-up comedy show premium plan,Entertainment
Enrolled in coaching center Workshop registration,Education
Bought Bowling session from PlayStation,Entertainment
Went for Painkillers from local clinic,Health
Snack at Bajeko Sekuwa Tea,Food
Ride share - Uber,Transport
Paid for Uber ride from Sajha Yatayat,Transport
Settled Maintenance fee from local ISP,Bills
Bowling session - PlayStation,Entertainment
Grabbed Burger King Waffles,Food
Booked Scooter rental to hospital,Transport
Paid for Vitamin supplements from gym,Health
Dumplings for November,Food
Settled telecom provider WiFi payment,Bills
Shopping for Necklace from boutique,Shopping
Booked local clinic Blood test,Health
Went for Vitamin supplements monthly,Health
Paid for Pancakes from hotel restaurant,Food
Paid for bank Internet bill,Bills
Refueled with Pathao Bus ticket,Transport
Vehicle insurance - InDrive,Transport
Subscribed to Arcade tokens from local cinema,Entertainment
Purchased Theatre ticket from Steam,Entertainment
Renewed Arcade tokens,Entertainment
Renewed Spotify Karaoke night,Entertainment
Netflix subscription from Steam,Entertainment
Property tax for February,Bills
Paid School books for the workshop,Education
Paid for Charger from boutique,Shopping
Waffles for November,Food
Society fee for July,Bills
Went for Gym membership from wellness center,Health
Cleared telecom provider House rent,Bills
Breakfast at Bread,Food
Paid Lab fee from university,Education
Dental treatment for October,Health
Refueled with Uber Diesel,Transport
local mall Sweater,Shopping
Ordered Makeup kit from shopping center,Shopping
Registered for Library fine from Coursera,Education
Watch - shopping center,Shopping
Paid for Comic book from Netflix,Entertainment
Paid for Metro card recharge for a trip,Transport
Purchased Bike rental to office,Transport
Bought Medicine routine visit,Health
Paid Coursera Online course,Education
Bought Makeup kit from local mall,Shopping
Booked Spotify Bowling session,Entertainment
Bought Workshop registration from university,Education
Xbox Game Pass E-book purchase,Entertainment
Used Helmet purchase to home,Transport
Visited for Physiotherapy session from hospital,Health
Went for diagnostic center Doctor appointment,Health
Paid for gym Pharmacy purchase,Health
Ordered Watch,Shopping
Shopping for Amazon Backpack,Shopping
Bought hospital Lab test,Health
Refueled with Scooter rental to college,Transport
Lab fee for June,Education
Settled Water tank refill from NEA,Bills
Biryani for April,Food
Bought diagnostic center Yoga class fee,Health
Bought Spotify subscription weekend outing,Entertainment
Monthly Garbage collection fee from insurance company,Bills
Bought Electronics gadget online order,Shopping
Recharged Diesel to the mall,Transport
Took a local garage Bike fuel,Transport
Booked Physiotherapy session follow-up visit,Health
School books for August,Education
Enrolled in Stationery from Udemy,Education
Paid Credit card payment from NEA,Bills
Bought Milk from Foodmandu,Food
Bought Spotify subscription from YouTube,Entertainment
Had Burrito,Food
Ordered Tea,Food
Purchased Xbox Game Pass Karaoke night,Entertainment
Purchased local college Lab fee,Education
Monthly Monthly rent for the apartment,Bills
Cleared Electricity bill from NEA,Bills
Bought diagnostic center Gym membership,Health
Went for X-ray routine visit,Health
Furniture piece from outlet store,Shopping
Grabbed Milkshake,Food
Booked Music album family plan,Entertainment
Curtains for September,Shopping
Got a new online store Jacket,Shopping
Paid for Curtains from shopping center,Shopping
Bought Bag from Amazon,Shopping
Bought online store Socks,Shopping
Went for Health checkup,Health
Dinner at food court Thukpa,Food
Settled insurance company Monthly rent,Bills
Registered for School books for the workshop,Education
Lunch at Tea from local bakery,Food
Refueled with Cab fare from Tootle,Transport
Breakfast at KFC Hot dog,Food
Bike wash for September,Transport
Purchased new shopping center Shoes,Shopping
Booked diagnostic center Painkillers,Health
Purchased Arcade tokens,Entertainment
Paid for Sushi,Food
petrol pump Auto rickshaw fare,Transport
Fruits for November,Food
Settled Home loan installment from insurance company,Bills
Used Ride share from Pathao,Transport
Shopping for Jacket from outlet store,Shopping
Went for Lab test monthly,Health
Bought Salad from Wow Momo,Food
Sneakers from boutique,Shopping
Renewed Stand-up comedy show premium plan,Entertainment
Purchased Board game from PlayStation,Entertainment
Purchased Steam Board game,Entertainment
Visited for Health checkup follow-up visit,Health
Train ticket - InDrive,Transport
Visited for Medical bill,Health
Cleared telecom provider Mobile recharge,Bills
Visited for wellness center Painkillers,Health
Ordered Sneakers,Shopping
Got a new Shoes from Daraz,Shopping
Monthly Mobile recharge this month,Bills
Visited for Vaccination monthly,Health
Curtains for office,Shopping
Had Bread from Subway,Food
Water bill - bank,Bills
Paid for Amazon Furniture piece,Shopping
Settled Water tank refill from bank,Bills
Paid for Cab fare for weekend trip,Transport
Purchased Comic book premium plan,Entertainment
Paid for Charger from local mall,Shopping
Purchased Stationery from Udemy,Education
Paid Stationery this semester,Education
Subscribed to Music album from YouTube,Entertainment
Purchased university Exam fee,Education
Paid for food court Rice bag,Food
Monthly Water bill for the apartment,Bills
Grabbed Pastry from KFC,Food
Paid for Umbrella from Daraz,Shopping
Booked YouTube Premium from YouTube,Entertainment
Settled utility company Gas cylinder,Bills
Paid for Property tax annual payment,Bills
Paid Coursera Seminar fee,Education
Bought Seminar fee this semester,Education
Booked Tootle Metro card recharge,Transport
Went for Medicine from diagnostic center,Health
Purchased Auto rickshaw fare from Pathao,Transport
Eye checkup for October,Health
Settled Property tax quarterly payment,Bills
Car rental for October,Transport
Paid for Spotify PlayStation Plus,Entertainment
Paid Project materials for the course,Education
Bought University fee annual fee,Education
Bought Amazon Cap,Shopping
Dosa - Foodmandu,Food
Paid for Pizza Hut Donuts,Food
Purchased Arcade tokens with friends,Entertainment
Netflix subscription for February,Entertainment
Bought Bubble tea from food court,Food
Bought bookstore College supplies,Education
Purchased Concert ticket annual plan,Entertainment
Shopping for Kitchenware seasonal sale,Shopping
Registered for Project materials for the course,Education
Tire replacement for September,Transport
Refueled with Flight ticket from Uber,Transport
Purchased new online store Backpack,Shopping
Dinner at Subway Thukpa,Food
Bought Ice cream from cafe,Food
Paid for Amazon Curtains,Shopping
Shopping for Wallet for office,Shopping
Lunch at McDonald's Biryani,Food
Monthly rent - local ISP,Bills
Paid for Amazon T-shirt,Shopping
Breakfast at Salad from dhaba,Food
Settled Cable TV bill for the house,Bills
Renewed Xbox Game Pass Bowling session,Entertainment
Fried rice - cafe,Food
Enrolled in coaching center University fee,Education
YouTube Premium from local cinema,Entertainment
Monthly utility company Water bill,Bills
Concert ticket family plan,Entertainment
Arcade tokens - Spotify,Entertainment
Settled Mobile recharge annual payment,Bills
Paid for landlord Electricity bill,Bills
Society fee - NEA,Bills
Monthly Mobile recharge from NEA,Bills
Had Juice,Food
Auto rickshaw fare - Pathao,Transport
Booked Metro card recharge to the mall,Transport
Electronics gadget from shopping center,Shopping
Ordered outlet store Electronics gadget,Shopping
Bought College supplies from bookstore,Education
boutique Sneakers,Shopping
Bought Pancakes,Food
Purchased gas station Parking fee,Transport
Cleared Credit card payment for the apartment,Bills
Took out Snacks from Wow Momo,Food
Subscribed to Amusement park ticket from YouTube,Entertainment
Recharged Train ticket for weekend trip,Transport
Purchased Pastry,Food
Took out cafe Kebab,Food
Snack at Fried chicken from dhaba,Food
Recharged Parking fee to the mall,Transport
Monthly House rent quarterly payment,Bills
Dinner at local bakery Waffles,Food
Recharged Uber Bike repair,Transport
Dumplings - campus canteen,Food
Certification exam for July,Education
Bike rental for September,Transport
Paid School books from library,Education
Enrolled in School books,Education
Took a Cab fare,Transport
Ordered shopping center Socks,Shopping
Purchased local cinema Streaming service,Entertainment
Booked Taxi fare from Sajha Yatayat,Transport
Breakfast at Ramen takeaway,Food
Bought Bedsheet from outlet store,Shopping
Subscribed to Spotify Steam purchase,Entertainment
Bought Doctor appointment from pharmacy,Health
Registered for College supplies from Udemy,Education
Booked Steam Steam purchase,Entertainment
Bought Bag from online store,Shopping
Cap - local mall,Shopping
Registered for Exam fee this semester,Education
Booked Streaming service annual plan,Entertainment
Necklace for April,Shopping
Enrolled in Lab fee this semester,Education
Purchased Movie ticket family plan,Entertainment
Lab test,Health
Registered for School books,Education
Paid for House rent from utility company,Bills
YouTube Premium for April,Entertainment
Purchased new Sneakers for office,Shopping
Bought Streaming service from local cinema,Entertainment
Booked Amazon Prime Streaming service,Entertainment
Bike rental from Pathao,Transport
Amusement park ticket - local cinema,Entertainment
Paid for Water bill from bank,Bills
Booked Amazon Prime Amusement park ticket,Entertainment
Cleared Insurance premium for the house,Bills
Monthly Garbage collection fee from utility company,Bills
Perfume - boutique,Shopping
Paid for Bajeko Sekuwa Burrito,Food
Shopping for Bag from shopping center,Shopping
Booked Tire replacement,Transport
Paid local ISP Loan EMI,Bills
Paid for YouTube PlayStation Plus,Entertainment
Cleared insurance company Phone bill,Bills
Video game purchase premium plan,Entertainment
Bought Certification exam from bookstore,Education
Subscribed to local cinema Board game,Entertainment
Paid for Blood test,Health
Vehicle insurance from Uber,Transport
outlet store T-shirt,Shopping
Subscribed to Netflix subscription from PlayStation,Entertainment
Purchased Car rental from local garage,Transport
Tire replacement for April,Transport
Metro card recharge for March,Transport
Bike wash for October,Transport
Grabbed Pastry,Food
Registered for Online course from university,Education
Streaming service annual plan,Entertainment
Snack at Bajeko Sekuwa Ramen,Food
Booked Eye checkup from hospital,Health
Paid Study materials this semester,Education
Refueled with Bike rental airport transfer,Transport
Booked Disney+ Karaoke night,Entertainment
Enrolled in local college Thesis printing,Education
Cable TV bill - NEA,Bills
Toll fee for August,Transport
Refueled with Bike repair to hospital,Transport
Paid for WiFi payment from local ISP,Bills
Water bill for November,Bills
Subscribed to local cinema Amusement park ticket,Entertainment
Pizza - Wow Momo,Food
Used Flight ticket from gas station,Transport
Used Pathao Uber ride,Transport
YouTube Amazon Prime membership,Entertainment
Fried chicken for April,Food
Snack at Chowmein,Food
Karaoke night - Netflix,Entertainment
Refueled with Petrol for weekend trip,Transport
Ordered online store Curtains,Shopping
Registered for university School books,Education
Purchased new T-shirt from shopping center,Shopping
Refueled with Bike rental from Pathao,Transport
University fee - coaching center,Education
Bread - Starbucks,Food
University fee - bookstore,Education
Refueled with Parking fee from InDrive,Transport
Doctor appointment for November,Health
Purchased library Coaching class fee,Education
Purchased new shopping center Cap,Shopping
Took out Noodles from street food stall,Food
Lunch at Dosa from Pizza Hut,Food
Purchased new Shoes from Amazon,Shopping
YouTube Premium from PlayStation,Entertainment
Had Pizza from local bakery,Food
Auto rickshaw fare from Sajha Yatayat,Transport
Took a Helmet purchase to college,Transport
Booked Flight ticket for weekend trip,Transport
Bought School books for the workshop,Education
Enrolled in Online course,Education
Used petrol pump Ride share,Transport
Lab fee for February,Education
Visited for diagnostic center Medical bill,Health
Cleared Monthly rent this month,Bills
Paid for Sneakers,Shopping
Fruits - dhaba,Food
Took a gas station Diesel,Transport
Shopping for Amazon T-shirt,Shopping
Used Train ticket to home,Transport
Enrolled in University fee from bookstore,Education
Bought Textbooks from local college,Education
Jeans - shopping center,Shopping
Refueled with Pathao ride from Pathao,Transport
Movie ticket with friends,Entertainment
Went for Gym membership follow-up visit,Health
Vegetables for March,Food
Purchased Concert ticket with friends,Entertainment
Purchased Stationery from bookstore,Education
Jacket for October,Shopping
Momo for February,Food
Subscribed to Amazon Prime membership from Disney+,Entertainment
Tire replacement - local garage,Transport
Monthly Insurance premium quarterly payment,Bills
Purchased new Socks from boutique,Shopping
Paid for Health insurance premium from local clinic,Health
Subscribed to Spotify subscription,Entertainment
Used Petrol from gas station,Transport
Smoothie - hotel restaurant,Food
Toll fee - gas station,Transport
Ordered Socks from online store,Shopping
Cleared landlord Electricity bill,Bills
Subscribed to Amusement park ticket from Spotify,Entertainment
Recharged Pathao Pathao ride,Transport
Movie ticket premium plan,Entertainment
Took a Cab fare from Tootle,Transport
Purchased Bus ticket from InDrive,Transport
Booked Eye checkup from diagnostic center,Health
Renewed Disney+ Gaming subscription,Entertainment
Recharged Toll fee from local garage,Transport
Purchased local cinema Comic book,Entertainment
Paid Internet bill for the house,Bills
Monthly Electricity bill this month,Bills
Visited for hospital Dental appointment,Health
Cleared bank Internet bill,Bills
Ordered Backpack seasonal sale,Shopping
Purchased Concert ticket premium plan,Entertainment
Monthly Gas cylinder,Bills
Enrolled in Udemy Coaching class fee,Education
Visited for Hospital bill emergency visit,Health
Subscribed to Stand-up comedy show annual plan,Entertainment
Shopping for Shirt from Daraz,Shopping
Ordered street food stall Grilled fish,Food
Monthly insurance company Apartment rent,Bills
Visited for pharmacy Pharmacy purchase,Health
Went for Yoga class fee from local clinic,Health
Enrolled in library Textbooks,Education
Booked local clinic Surgery cost,Health
Paid College fee,Education
Sushi - Domino's,Food
Car rental for July,Transport
Loan EMI,Bills
Went for local clinic Vaccination,Health
Renewed Amusement park ticket from local cinema,Entertainment
Monthly Cable TV bill quarterly payment,Bills
Visited for Health insurance premium,Health
Registered for University fee this semester,Education
Breakfast at Grilled fish,Food
Recharged InDrive Cab fare,Transport
Lunch at Grilled fish with family,Food
Shopping for Laptop bag from shopping center,Shopping
Renewed Disney+ PlayStation Plus,Entertainment
Visited for pharmacy Eye checkup,Health
Monthly House rent from telecom provider,Bills
Ice cream - local bakery,Food
Booked Netflix subscription from Netflix,Entertainment
X-ray for March,Health
Paid for Spotify Gaming subscription,Entertainment
Breakfast at Juice from food court,Food
Visited for Yoga class fee from local clinic,Health
Recharged Toll fee to home,Transport
Recharged Fuel station from local garage,Transport
Paid for Society fee from insurance company,Bills
Programming course - coaching center,Education
Paid for Earrings for birthday gift,Shopping
Cleared Maintenance fee from bank,Bills
Renewed Steam purchase,Entertainment
Paid Loan EMI from insurance company,Bills
Cleared Water bill for the house,Bills
Paid bookstore Exam fee,Education
Medical bill - wellness center,Health
Booked wellness center Gym membership,Health
Enrolled in Library fine,Education
Shopping for Sunglasses online order,Shopping
Bought Dental appointment follow-up visit,Health
Paid for shopping center Furniture piece,Shopping
Dinner at Biryani after work,Food
House rent,Bills
Bought Arcade tokens from YouTube,Entertainment
Registered for Stationery from local college,Education
Dinner at McDonald's Fried chicken,Food
Registered for Textbooks for the workshop,Education
Purchased Vehicle insurance to home,Transport
Took a Taxi fare to hospital,Transport
Paid for bank Water bill,Bills
Renewed Bowling session from Netflix,Entertainment
Booked Concert ticket from Xbox Game Pass,Entertainment
Paid Apartment rent from insurance company,Bills
Ordered Snacks from Subway,Food
Bought Xbox Game Pass Comic book,Entertainment
Grabbed McDonald's Soup,Food
Took a Car service from Tootle,Transport
Car rental for September,Transport
Electricity bill for August,Bills
Furniture piece for August,Shopping
Bought pharmacy Lab test,Health
Ordered Kitchenware from Daraz,Shopping
Recharged Metro card recharge from Sajha Yatayat,Transport
Paid for PlayStation Netflix subscription,Entertainment
Purchased new online store Shoes,Shopping
Cleared Electricity bill,Bills
Purchased new Kitchenware online order,Shopping
Paid for Physiotherapy session,Health
Vehicle insurance for September,Transport
Ordered local mall Laptop bag,Shopping
Got a new shopping center Necklace,Shopping
Dinner at Pizza Hut Dumplings,Food
Purchased Cinema ticket family plan,Entertainment
Kitchenware for birthday gift,Shopping
Bought Makeup kit from Amazon,Shopping
Bought Vaccination follow-up visit,Health
Mobile recharge for November,Bills
Visited for Physiotherapy session from diagnostic center,Health
House rent for October,Bills
Booked Train ticket airport transfer,Transport
Purchased PlayStation Movie ticket,Entertainment
Maintenance fee for June,Bills
Shopping for Laptop bag seasonal sale,Shopping
Purchased Pancakes,Food
Purchased new Jacket online order,Shopping
Subscribed to Comic book from Xbox Game Pass,Entertainment
Paid for Parking fee from local garage,Transport
Renewed Netflix Theatre ticket,Entertainment
Cleared Water tank refill from local ISP,Bills
Booked Medicine follow-up visit,Health
Registered for Workshop registration from Coursera,Education
Enrolled in coaching center School books,Education
Burger for February,Food
Purchased E-book purchase from PlayStation,Entertainment
Took a Taxi fare from InDrive,Transport
Bought College supplies for the course,Education
Insurance premium for July,Bills
Took a petrol pump Auto rickshaw fare,Transport
Bought Dental appointment,Health
Visited for pharmacy Hospital bill,Health
Used Sajha Yatayat Fuel station,Transport
Monthly rent - bank,Bills
Purchased Foodmandu Donuts,Food
Cleared local ISP Society fee,Bills
Ordered Shoes from outlet store,Shopping
X-ray - wellness center,Health
Registered for College tuition for the course,Education
Went for Doctor appointment checkup,Health
Dinner at Falafel from McDonald's,Food
Water tank refill,Bills
Bought online store Belt,Shopping
Bought university Stationery,Education
Enrolled in bookstore College tuition,Education
Shopping for Phone case from local mall,Shopping
Enrolled in university College supplies,Education
Bought Disney+ subscription annual plan,Entertainment
Bought Jacket from shopping center,Shopping
Paid for Loan EMI from local ISP,Bills
Software license for study for June,Education
Purchased hotel restaurant Biryani,Food
Cleared Monthly rent from utility company,Bills
Bought Vaccination from wellness center,Health
Lunch at Taco from hotel restaurant,Food
Registered for Udemy Lab fee,Education
Recharged Car service to home,Transport
Monthly Home loan installment from utility company,Bills
Booked Steam Video game purchase,Entertainment
Purchased Scooter rental from Uber,Transport
Booked diagnostic center Doctor appointment,Health
Renewed Concert ticket from Xbox Game Pass,Entertainment
School books for July,Education
Cleared House rent from NEA,Bills
Paid for Property tax from utility company,Bills
Amazon Prime membership for February,Entertainment
Purchased Dosa from Bajeko Sekuwa,Food
Bought University fee from Udemy,Education
Renewed Bowling session premium plan,Entertainment
Paid for Metro card recharge from gas station,Transport
Used Metro card recharge for a trip,Transport
Daraz Laptop bag,Shopping
Shopping for local mall Furniture piece,Shopping
Had Bubble tea with friends,Food
Ordered Shoes online order,Shopping
Bought Dental treatment from diagnostic center,Health
Booked Parking fee from Sajha Yatayat,Transport
Purchased Uber ride airport transfer,Transport
Taco - Subway,Food
Bubble tea for October,Food
Medicine for April,Health
Concert ticket from YouTube,Entertainment
Shopping for Socks seasonal sale,Shopping
Settled Apartment rent,Bills
Booked diagnostic center Yoga class fee,Health
Recharged Flight ticket,Transport
Paid for bank Insurance premium,Bills
Cleared NEA Monthly rent,Bills
Got a new Cap for birthday gift,Shopping
Paid for insurance company Maintenance fee,Bills
Renewed PlayStation Stand-up comedy show,Entertainment
Booked Amusement park ticket from Steam,Entertainment
Monthly House rent for the apartment,Bills
Monthly Maintenance fee,Bills
Purchased new Shirt from Amazon,Shopping
Registered for Library fine this semester,Education
Dosa for September,Food
Paid for Music album family plan,Entertainment
Had street food stall Biryani,Food
Subscribed to Disney+ Netflix subscription,Entertainment
Bought Hospital bill monthly,Health
Refueled with Bike repair downtown,Transport
Online course - coaching center,Education
Bought School books,Education
Paid for Bike rental to the mall,Transport
Samosa for March,Food
Milkshake - Starbucks,Food
Used Auto rickshaw fare for a trip,Transport
Doctor appointment - pharmacy,Health
Visited for Vaccination emergency visit,Health
Bought street food stall Bread,Food
Breakfast at Dal bhat with friends,Food
Lunch at Pastry,Food
Purchased local cinema Cinema ticket,Entertainment
Milkshake - Pizza Hut,Food
Purchased Video game purchase weekend outing,Entertainment
Grabbed Pizza from Burger King,Food
Refueled with Scooter rental from petrol pump,Transport
Paid for outlet store Earrings,Shopping
Paid Stationery from Udemy,Education
Pancakes - local bakery,Food
Ordered Milkshake from campus canteen,Food
Internet bill for January,Bills
Went for Blood test follow-up visit,Health
Purchased Arcade tokens from Xbox Game Pass,Entertainment
Purchased Seminar fee annual fee,Education
Bought Daraz Perfume,Shopping
Used Parking fee from Uber,Transport
Paid for Sajha Yatayat Uber ride,Transport
Bought College fee from library,Education
Booked Fuel station from Pathao,Transport
Snack at Milkshake from hotel restaurant,Food
Registered for Software license for study for the course,Education
Bought Online course this semester,Education
Pathao ride from local garage,Transport
Paid for Groceries from local bakery,Food
Blood test for April,Health
Software license for study - university,Education
shopping center Sneakers,Shopping
Snack at Milk from street food stall,Food
Video game purchase from Xbox Game Pass,Entertainment
Paid for Streaming service from Disney+,Entertainment
Took a Taxi fare to the mall,Transport
Ordered Amazon Furniture piece,Shopping
Subscribed to Bowling session from PlayStation,Entertainment
Went for pharmacy Yoga class fee,Health
Backpack from shopping center,Shopping
Refueled with Parking fee airport transfer,Transport
Ordered Domino's Eggs,Food
Renewed Disney+ subscription family plan,Entertainment
Ordered Groceries,Food
Purchased YouTube PlayStation Plus,Entertainment
Ordered Socks for college,Shopping
Subscribed to Arcade tokens from Amazon Prime,Entertainment
Enrolled in College supplies,Education
Bought boutique Shirt,Shopping
Seminar fee for December,Education
Gaming subscription annual plan,Entertainment
Disney+ subscription from Steam,Entertainment
Subscribed to Stand-up comedy show from PlayStation,Entertainment
Paid for E-book purchase with friends,Entertainment
Took a Ride share from gas station,Transport
Paid Gas cylinder from telecom provider,Bills
Amazon Prime membership premium plan,Entertainment
Bought PlayStation Plus family plan,Entertainment
X-ray - hospital,Health
Bought Kitchenware from Daraz,Shopping
Makeup kit for January,Shopping
Shopping for outlet store Bag,Shopping
Visited for diagnostic center Doctor appointment,Health
Paid for local garage Flight ticket,Transport
Water tank refill - local ISP,Bills
Jeans - outlet store,Shopping
Watch for June,Shopping
Breakfast at Milkshake at college,Food
Eggs for December,Food
Bought French fries,Food
Used Bike repair from gas station,Transport
Ordered shopping center Wallet,Shopping
Pancakes - Domino's,Food
Paid Exam fee from bookstore,Education
Recharged gas station Metro card recharge,Transport
PlayStation Plus for December,Entertainment
Credit card payment for March,Bills
Purchased new Sunglasses,Shopping
Monthly telecom provider Gas cylinder,Bills
Bus ticket from petrol pump,Transport
Paid for Apartment rent from landlord,Bills
Renewed Spotify Cinema ticket,Entertainment
Had Burger for the party,Food
Recharged petrol pump Cab fare,Transport
Had Grilled fish from Starbucks,Food
Took a Car rental from petrol pump,Transport
Curtains - outlet store,Shopping
Purchased Xbox Game Pass Theatre ticket,Entertainment
Recharged Tire replacement for weekend trip,Transport
Paid for Amazon Prime membership weekend outing,Entertainment
Breakfast at Coffee on the way home,Food
Went for hospital Blood test,Health
Netflix Concert ticket,Entertainment
Registered for Textbooks for the course,Education
Board game from Xbox Game Pass,Entertainment
Bought shopping center Shoes,Shopping
Paid for Monthly rent,Bills
Booked pharmacy Doctor appointment,Health
Shopping for local mall Electronics gadget,Shopping
Purchased Flight ticket from petrol pump,Transport
Kitchenware - online store,Shopping
Paid for KFC Pizza,Food
Booked pharmacy Health checkup,Health
Shoes for college,Shopping
Dinner at Chowmein,Food
Purchased new Bag from Amazon,Shopping
Programming course - local college,Education
Enrolled in Textbooks from university,Education
Used Cab fare to the mall,Transport
Registered for Coaching class fee from coaching center,Education
Registered for library College supplies,Education
Purchased Dumplings from food court,Food
Purchased Sandwich on the way home,Food
Paid for Dental treatment from pharmacy,Health
Paid for Headphones for birthday gift,Shopping
Ordered Belt,Shopping
Purchased Software license for study from library,Education
Paid Coursera Software license for study,Education
Water tank refill for August,Bills
Dinner at Burrito,Food
Monthly WiFi payment from local ISP,Bills
College fee for June,Education
Monthly Mobile recharge,Bills
Recharged Helmet purchase from local garage,Transport
Purchased Study materials from library,Education
Had Donuts delivery order,Food
Snack at Groceries from Subway,Food
Took out dhaba Burger,Food
Textbooks for February,Education
Settled Internet bill quarterly payment,Bills
Bread - campus canteen,Food
Subscribed to Karaoke night from local cinema,Entertainment
Paid for insurance company Water bill,Bills
Bought Amazon Sneakers,Shopping
Bought Library fine from local college,Education
Booked Arcade tokens premium plan,Entertainment
outlet store Sweater,Shopping
Paid for Bowling session from PlayStation,Entertainment
Bought wellness center Yoga class fee,Health
Paid Maintenance fee from local ISP,Bills
Settled Society fee from landlord,Bills
Ordered Burger,Food
online store Headphones,Shopping
Bought Headphones,Shopping
Blood test for December,Health
Refueled with Vehicle insurance from InDrive,Transport
Enrolled in University fee from library,Education
Renewed Netflix E-book purchase,Entertainment
Booked Stand-up comedy show with friends,Entertainment
Bought Bread after work,Food
Booked Xbox Game Pass Board game,Entertainment
Bought Health insurance premium from local clinic,Health
Backpack - shopping center,Shopping
Subscribed to Concert ticket from PlayStation,Entertainment
Paid Online course,Education
Shopping for Watch from outlet store,Shopping
Used Tootle Scooter rental,Transport
Vehicle insurance for weekend trip,Transport
Booked Gym membership from wellness center,Health
Shopping for Charger from local mall,Shopping
Purchased InDrive Car service,Transport
Paid for House rent from NEA,Bills
Cleared NEA Water bill,Bills
Enrolled in coaching center Study materials,Education
Paid for Bike repair to office,Transport
Booked Tootle Car service,Transport
Dinner at street food stall Cooking oil,Food
Purchased Spotify Karaoke night,Entertainment
Paid for Blood test monthly,Health
Bought Pizza from Foodmandu,Food
Health insurance premium - pharmacy,Health
Booked gym Eye checkup,Health
Got a new online store Umbrella,Shopping
Purchased Pathao Pathao ride,Transport
Purchased Taxi fare from Pathao,Transport
Purchased Amusement park ticket family plan,Entertainment
Eye checkup for April,Health
Dinner at Grilled fish on the way home,Food
Refueled with Petrol from InDrive,Transport
Ordered Daraz Shoes,Shopping
Subscribed to Cinema ticket from Disney+,Entertainment
Paid for Jeans from online store,Shopping
Lunch at street food stall Fried rice,Food
Purchased new Shirt online order,Shopping
Paid for wellness center Vaccination,Health
Falafel - Starbucks,Food
Booked Amusement park ticket from local cinema,Entertainment
Went for Doctor appointment emergency visit,Health
Bought online store Shoes,Shopping
Ramen for May,Food
Bought Sunglasses from boutique,Shopping
Used local garage Fuel station,Transport
Paid for Tire replacement airport transfer,Transport
Bought Study materials annual fee,Education
Purchased Bike fuel from local garage,Transport
Paid for local ISP Credit card payment,Bills
Took out Falafel during break,Food
Purchased Thesis printing from local college,Education
Went for Yoga class fee from pharmacy,Health
Got a new local mall Headphones,Shopping
Bought Cinema ticket from Amazon Prime,Entertainment
Enrolled in College supplies from library,Education
Purchased Sajha Yatayat Car rental,Transport
Registered for library Lab fee,Education
Visited for pharmacy Blood test,Health
Enrolled in Online course from Coursera,Education
Bought PlayStation Steam purchase,Entertainment
Had Starbucks Milkshake,Food
Enrolled in Coursera Workshop registration,Education
Purchased Sajha Yatayat Bike rental,Transport
Lunch at Salad from Burger King,Food
Toll fee for February,Transport
Paid Coursera Textbooks,Education
Dumplings for January,Food
Booked Theatre ticket from Steam,Entertainment
Snack at Cake from Subway,Food
Coffee for November,Food
Smoothie - cafe,Food
Purchased new outlet store Furniture piece,Shopping
Got a new Socks from Amazon,Shopping
Shopping for Earrings from local mall,Shopping
Vitamin supplements for July,Health
Backpack for college,Shopping
Registered for Stationery from library,Education
Bought coaching center University fee,Education
Got a new T-shirt for birthday gift,Shopping
Visited for X-ray follow-up visit,Health
Paid for Watch from online store,Shopping
Settled Mobile recharge from insurance company,Bills
Enrolled in Seminar fee from coaching center,Education
Purchased Uber Uber ride,Transport
Purchased YouTube Amazon Prime membership,Entertainment
Bought outlet store Bag,Shopping
Netflix subscription - YouTube,Entertainment
Yoga class fee for June,Health
Textbooks for June,Education
Monthly Phone bill from landlord,Bills
Monthly NEA Water bill,Bills
Got a new Amazon Electronics gadget,Shopping
Bought Smoothie,Food
Purchased new Wallet for office,Shopping
Purchased Lab fee from local college,Education
Bought Coursera Library fine,Education
Booked Bike wash,Transport
Monthly Internet bill from utility company,Bills
Bought Perfume online order,Shopping
Hot dog - Subway,Food
Recharged Sajha Yatayat Helmet purchase,Transport
Purchased Disney+ YouTube Premium,Entertainment
Bought Certification exam from Udemy,Education
Paid for Parking fee from petrol pump,Transport
Paid Garbage collection fee from utility company,Bills
Cinema ticket - Netflix,Entertainment
Paid for PlayStation PlayStation Plus,Entertainment
Refueled with Tootle Metro card recharge,Transport
Visited for wellness center Vitamin supplements,Health
Bag for October,Shopping
Vegetables - Pizza Hut,Food
Bedsheet for December,Shopping
Ordered Shirt for college,Shopping
Paid for Eye checkup follow-up visit,Health
Purchased Ride share to home,Transport
Purchased local bakery Ramen,Food
Paid for Makeup kit,Shopping
outlet store Backpack,Shopping
Music album for June,Entertainment
Backpack for September,Shopping
Snack at Foodmandu Samosa,Food
Booked Dental treatment,Health
Purchased new Bedsheet for birthday gift,Shopping
Renewed Movie ticket from Xbox Game Pass,Entertainment
Booked InDrive Tire replacement,Transport
Paid for Bike fuel downtown,Transport
Monthly Insurance premium from insurance company,Bills
Had street food stall Burger,Food
Bought Amazon Curtains,Shopping
Purchased new Perfume from boutique,Shopping
Paid for Bowling session weekend outing,Entertainment
Gym membership for June,Health
Dinner at Pastry from KFC,Food
Used Pathao ride from InDrive,Transport
Bought Headphones online order,Shopping
Paid for Gym membership routine visit,Health
Recharged Diesel to college,Transport
Registered for Certification exam from local college,Education
Paid for Insurance premium annual payment,Bills
Coaching class fee for October,Education
Paid for Amazon Umbrella,Shopping
Electricity bill - utility company,Bills
Monthly Apartment rent,Bills
Used InDrive Car rental,Transport
Visited for Painkillers from wellness center,Health
Got a new Umbrella seasonal sale,Shopping
Booked gym Health checkup,Health
Registered for Library fine annual fee,Education
Breakfast at Grilled fish from Pizza Hut,Food
Paid for Water tank refill this month,Bills
Recharged Vehicle insurance for weekend trip,Transport
Bought online store Charger,Shopping
Paid local college College tuition,Education
Paid for Phone bill from bank,Bills
Lunch at Pancakes from Bajeko Sekuwa,Food
Paid for NEA Electricity bill,Bills
Purchased Disney+ Comic book,Entertainment
Settled Monthly rent quarterly payment,Bills
Biryani - cafe,Food
Netflix Streaming service,Entertainment
Dinner at Pasta from cafe,Food
Subscribed to Amazon Prime Gaming subscription,Entertainment
Lunch at Vegetables,Food
Society fee - landlord,Bills
Purchased new Shoes online order,Shopping
Apartment rent for February,Bills
Tea - Starbucks,Food
Purchased bookstore College fee,Education
Loan EMI for April,Bills
Ordered Fried rice after work,Food
Booked Board game from Xbox Game Pass,Entertainment
Shopping for T-shirt seasonal sale,Shopping
Subscribed to Disney+ Steam purchase,Entertainment
Paid for Pathao Uber ride,Transport
Bought Certification exam annual fee,Education
Bought Milk from Subway,Food
Coaching class fee for April,Education
Shopping for Jeans from Daraz,Shopping
Purchased School books,Education
Booked diagnostic center Physiotherapy session,Health
Purchased new Curtains from Daraz,Shopping
Registered for College tuition for the workshop,Education
Diesel from petrol pump,Transport
Pancakes - restaurant,Food
Paid for Necklace from online store,Shopping
Subscribed to Spotify subscription monthly plan,Entertainment
Subscribed to Karaoke night from Amazon Prime,Entertainment
Purchased Bus ticket to hospital,Transport
Paid for Medicine from hospital,Health
Paid for Pastry from cafe,Food
Paid for hospital X-ray,Health
Wallet for August,Shopping
Bought local clinic Surgery cost,Health
Subscribed to local cinema Theatre ticket,Entertainment
Dinner at cafe Bubble tea,Food
Purchased Exam fee this semester,Education
Booked PlayStation Plus from Disney+,Entertainment
Visited for pharmacy Vaccination,Health
Bought Painkillers emergency visit,Health
Bought Pizza at college,Food
Bubble tea for May,Food
Monthly NEA Credit card payment,Bills
Bought Spotify subscription from Spotify,Entertainment
Breakfast at Donuts,Food
Registered for Seminar fee from coaching center,Education
Paid for Bike wash from InDrive,Transport
Bike fuel from Pathao,Transport
Fried chicken for February,Food
Subscribed to YouTube Karaoke night,Entertainment
Paid for Auto rickshaw fare from Uber,Transport
Paid for NEA Water tank refill,Bills
Paid for Dental treatment,Health
Went for Yoga class fee follow-up visit,Health
Paid for hospital Medicine,Health
Renewed Disney+ Board game,Entertainment
Bought Board game from local cinema,Entertainment
Amazon Prime Karaoke night,Entertainment
Ordered Phone case for birthday gift,Shopping
Had Fried rice with friends,Food
Settled House rent,Bills
Coaching class fee for May,Education
Pancakes - Wow Momo,Food
Bought PlayStation Arcade tokens,Entertainment
Enrolled in Coursera University fee,Education
Belt,Shopping
Shopping for shopping center Cap,Shopping
Ordered Bag from outlet store,Shopping
Paid for local garage Uber ride,Transport
Lunch at Pizza Hut Noodles,Food
Dinner at Fruits after work,Food
Water tank refill - NEA,Bills
Refueled with gas station Toll fee,Transport
Bread - Wow Momo,Food
Video game purchase from Disney+,Entertainment
Recharged Bike fuel from Pathao,Transport
Certification exam for May,Education
Purchased Bike repair from Uber,Transport
Used Bus ticket from petrol pump,Transport
Purchased Pathao Toll fee,Transport
Booked Spotify subscription from Netflix,Entertainment
Enrolled in Certification exam annual fee,Education
Paid for Disney+ Theatre ticket,Entertainment
Took out Sushi with friends,Food
Bought Socks from outlet store,Shopping
Paid for Salad,Food
Booked YouTube Steam purchase,Entertainment
Movie ticket for December,Entertainment
Registered for College tuition,Education
Got a new Socks from local mall,Shopping
Vaccination for June,Health
Took out McDonald's Noodles,Food
Bought local college School books,Education
Shopping for online store Jeans,Shopping
Ordered local mall Earrings,Shopping
Dumplings - Pizza Hut,Food
Purchased new boutique Electronics gadget,Shopping
Grabbed Groceries after work,Food
Renewed Karaoke night from Netflix,Entertainment
Took a Helmet purchase from Tootle,Transport
Booked E-book purchase monthly plan,Entertainment
Paid for Pathao Metro card recharge,Transport
Purchased Flight ticket for a trip,Transport
Purchased Coaching class fee from Udemy,Education
Settled Loan EMI from bank,Bills
Went for Pharmacy purchase emergency visit,Health
Breakfast at Juice from KFC,Food
Taxi fare - Tootle,Transport
Samosa - Starbucks,Food
Settled Maintenance fee,Bills
Monthly Home loan installment,Bills
Purchased Soup takeaway,Food
Monthly Internet bill,Bills
Bought Exam fee,Education
Flight ticket for September,Transport
Breakfast at Hot dog at office,Food
Loan EMI for May,Bills
Had Taco from KFC,Food
Registered for College tuition this semester,Education
Went for Dental treatment from hospital,Health
Got a new Amazon Headphones,Shopping
Bought Stand-up comedy show with friends,Entertainment
Booked InDrive Bike wash,Transport
Bus ticket to hospital,Transport
Purchased Coursera Workshop registration,Education
Seminar fee for June,Education
Purchased Metro card recharge from gas station,Transport
Booked YouTube Music album,Entertainment
Went for Hospital bill,Health
Paid for Water tank refill quarterly payment,Bills
Subscribed to Xbox Game Pass Stand-up comedy show,Entertainment
Used Diesel to the mall,Transport
Booked Uber ride,Transport
Paid for Stand-up comedy show from Netflix,Entertainment
Bought Headphones from local mall,Shopping
Workshop registration for December,Education
Bike repair airport transfer,Transport
Bought Vaccination from local clinic,Health
Purchased Diesel from Uber,Transport
Ordered T-shirt from shopping center,Shopping
Got a new Cap from local mall,Shopping
Took a Petrol to office,Transport
Paid Mobile recharge from bank,Bills
Library fine for April,Education
Paid Credit card payment from telecom provider,Bills
Shopping for boutique Perfume,Shopping
Software license for study for October,Education
Paid for Steam E-book purchase,Entertainment
Paid for Tire replacement from InDrive,Transport
Purchased new Bedsheet from Daraz,Shopping
Purchased new online store Wallet,Shopping
Juice - restaurant,Food
Bike repair for December,Transport
Paid for Tire replacement to college,Transport
Property tax for January,Bills
Snack at Rice bag,Food
Recharged Metro card recharge to hospital,Transport
Biryani for March,Food
Paid for Cap,Shopping
Subscribed to Spotify PlayStation Plus,Entertainment
E-book purchase from YouTube,Entertainment
Breakfast at Pasta,Food
Paid for Cab fare for a trip,Transport
Paid for Medical bill from diagnostic center,Health
Renewed Steam Gaming subscription,Entertainment
Bought Spotify Movie ticket,Entertainment
Snack at Burger,Food
Cleared Internet bill this month,Bills
Settled Property tax,Bills
Bought Snacks from Domino's,Food
Booked Vaccination from wellness center,Health
Necklace,Shopping
Booked Karaoke night weekend outing,Entertainment
Refueled with Tire replacement to college,Transport
Renewed Comic book family plan,Entertainment
Snack at Fried chicken from Domino's,Food
Recharged Vehicle insurance from gas station,Transport
Bought Music album from Steam,Entertainment
Bought Stationery from Coursera,Education
Paid for Disney+ subscription from Disney+,Entertainment
Electronics gadget for June,Shopping
Dinner at Foodmandu Donuts,Food
Pathao Taxi fare,Transport
Went for Lab test from diagnostic center,Health
Booked Vitamin supplements,Health
Cab fare to hospital,Transport
Hot dog - Domino's,Food
Refueled with Sajha Yatayat Bike repair,Transport
Had local bakery Steak,Food
Took a local garage Train ticket,Transport
local cinema Comic book,Entertainment
Vehicle insurance for July,Transport
Bought Lab fee from library,Education
Shoes for December,Shopping
Used Tootle Car service,Transport
Ordered local mall Makeup kit,Shopping
Got a new Charger for office,Shopping
Wallet - online store,Shopping
Bought local college College fee,Education
Dinner at food court Pizza,Food
Purchased Udemy Online course,Education
Took out Sandwich from Pizza Hut,Food
Booked Sajha Yatayat Train ticket,Transport
Purchased College tuition,Education
Monthly Credit card payment from insurance company,Bills
Purchased YouTube Amusement park ticket,Entertainment
Internet bill for August,Bills
Purchased new Sunglasses seasonal sale,Shopping
Visited for pharmacy Gym membership,Health
Sandwich - cafe,Food
Bought Gym membership from wellness center,Health
Subscribed to Movie ticket from Spotify,Entertainment
Paid for Noodles from campus canteen,Food
Health checkup for June,Health
Paid for Car rental downtown,Transport
Paid for YouTube Streaming service,Entertainment
Took out Ramen for the party,Food
Paid for Board game from PlayStation,Entertainment
Shopping for Laptop bag from boutique,Shopping
Booked Video game purchase,Entertainment
Got a new boutique Sweater,Shopping
Got a new boutique Furniture piece,Shopping
Lunch at French fries from McDonald's,Food
Pancakes - KFC,Food
Purchased School books from bookstore,Education
Visited for X-ray emergency visit,Health
Amazon Prime Comic book,Entertainment
Laptop bag for November,Shopping
Went for Health checkup follow-up visit,Health
Settled landlord House rent,Bills
Ordered Sandwich from Burger King,Food
Used gas station Parking fee,Transport
Booked Spotify Stand-up comedy show,Entertainment
Earrings for October,Shopping
Visited for Medical bill from diagnostic center,Health
Karaoke night for July,Entertainment
Smoothie - Wow Momo,Food
Cleared Water bill from telecom provider,Bills
Booked local clinic Gym membership,Health
Subscribed to Cinema ticket from Netflix,Entertainment
Paid Mobile recharge,Bills
Settled Mobile recharge from NEA,Bills
Monthly Monthly rent from bank,Bills
Booked Streaming service from YouTube,Entertainment
Booked local cinema Disney+ subscription,Entertainment
Booked Board game with friends,Entertainment
Taxi fare for November,Transport
Fried chicken - street food stall,Food
Went for Vaccination emergency visit,Health
Paid Coursera Stationery,Education
House rent for March,Bills
Bought Health checkup emergency visit,Health
Exam fee,Education
Renewed PlayStation Amusement park ticket,Entertainment
Cleared local ISP Property tax,Bills
Bought wellness center Pharmacy purchase,Health
Registered for Seminar fee annual fee,Education
Grabbed Dal bhat during break,Food
Had Cake,Food
Settled Insurance premium quarterly payment,Bills
Insurance premium - insurance company,Bills
Ordered boutique Backpack,Shopping
Shopping for online store Shirt,Shopping
Purchased new Cap for college,Shopping
Went for hospital Health insurance premium,Health
Ordered Belt seasonal sale,Shopping
Paid for Netflix subscription annual plan,Entertainment
Settled House rent this month,Bills
Bought Blood test monthly,Health
Renewed Music album premium plan,Entertainment
Paid Certification exam,Education
Paid for Vaccination from diagnostic center,Health
Used Scooter rental from gas station,Transport
Purchased Momo from Subway,Food
Bought Comic book annual plan,Entertainment
Shopping for outlet store Shirt,Shopping
Paid Udemy Exam fee,Education
Monthly telecom provider WiFi payment,Bills
Had Wow Momo Pasta,Food
Paid for Sweater from shopping center,Shopping
Paid for Society fee for the house,Bills
Paid for Steam Arcade tokens,Entertainment
Paid for Vitamin supplements from wellness center,Health
Settled Home loan installment from bank,Bills
Ordered shopping center Power bank,Shopping
Enrolled in university University fee,Education
Got a new Laptop bag for birthday gift,Shopping
Took out Dumplings from dhaba,Food
Bought Workshop registration for the course,Education
Bedsheet - boutique,Shopping
Bought Project materials annual fee,Education
Used Taxi fare from petrol pump,Transport
Grabbed Cooking oil delivery order,Food
Paid for Bus ticket to the mall,Transport
Enrolled in Study materials from Coursera,Education
Snack at Tea on the way home,Food
Paid for Starbucks Soup,Food
Purchased Sajha Yatayat Helmet purchase,Transport
Pathao ride - gas station,Transport
Bought Arcade tokens monthly plan,Entertainment
Ordered Jacket for college,Shopping
Went for hospital Painkillers,Health
Phone case - outlet store,Shopping
Thesis printing for December,Education
Settled Electricity bill from landlord,Bills
Subscribed to Bowling session from local cinema,Entertainment
Paid for Apartment rent annual payment,Bills
Paid for Bike fuel to college,Transport
Bowling session,Entertainment
Cap,Shopping
Paid for Hospital bill,Health
Flight ticket from Tootle,Transport
Refueled with Bike rental from Tootle,Transport
Donuts - Bajeko Sekuwa,Food
Recharged Car service to hospital,Transport
Took out Cooking oil,Food
Paid for Amazon Electronics gadget,Shopping
Paid bank Garbage collection fee,Bills
Bought Vegetables takeaway,Food
Purchased Library fine from Udemy,Education
Umbrella from online store,Shopping
Monthly Society fee annual payment,Bills
Grabbed Dosa on the way home,Food
YouTube Premium - Spotify,Entertainment
Paid for Salad from Bajeko Sekuwa,Food
Karaoke night from Steam,Entertainment
Bought Cap,Shopping
Coffee - Pizza Hut,Food
Booked Petrol to office,Transport
Snack at Vegetables during break,Food
Subscribed to Amazon Prime Karaoke night,Entertainment
outlet store Jeans,Shopping
Purchased Petrol from petrol pump,Transport
Purchased new shopping center Watch,Shopping
Purchased new T-shirt seasonal sale,Shopping
Breakfast at Tea after work,Food
Grabbed Pastry from Burger King,Food
Used Bike fuel,Transport
Water tank refill - bank,Bills
Settled utility company Loan EMI,Bills
Breakfast at Pizza Hut Sushi,Food
Paid for gas station Car rental,Transport
Seminar fee for April,Education
Bought Coursera Stationery,Education
Purchased Bowling session from PlayStation,Entertainment
Bought Socks for college,Shopping
Settled Internet bill,Bills
College tuition for December,Education
InDrive Bike rental,Transport
Paid for E-book purchase premium plan,Entertainment
Bought Workshop registration,Education
Took out Milk from Domino's,Food
Purchased campus canteen Chicken curry,Food
Pizza for October,Food
Bought YouTube Premium from Amazon Prime,Entertainment
Paid for Apartment rent from telecom provider,Bills
Refueled with Auto rickshaw fare from InDrive,Transport
Took a Tire replacement to college,Transport
Cleared NEA Insurance premium,Bills
Tootle Ride share,Transport
Visited for Health checkup checkup,Health
Power bank from outlet store,Shopping
Renewed Stand-up comedy show from Spotify,Entertainment
Took a Uber Taxi fare,Transport
Paid for Taxi fare,Transport
Booked Hospital bill from pharmacy,Health
Shopping for Jeans for birthday gift,Shopping
Cleared Apartment rent from telecom provider,Bills
Bought Hospital bill follow-up visit,Health
Renewed Disney+ Karaoke night,Entertainment
Enrolled in Workshop registration annual fee,Education
Purchased new outlet store Jeans,Shopping
Shopping for outlet store Cap,Shopping
Paid Maintenance fee annual payment,Bills
Ordered local mall Backpack,Shopping
Programming course - Udemy,Education
Loan EMI for November,Bills
Paid for InDrive Helmet purchase,Transport
Rice bag for May,Food
Enrolled in university Project materials,Education
Curtains from shopping center,Shopping
College fee - coaching center,Education
Paid for gas station Vehicle insurance,Transport
Enrolled in Thesis printing from library,Education
Salad for September,Food
Paid Seminar fee from Udemy,Education
Renewed Arcade tokens annual plan,Entertainment
Enrolled in Udemy Thesis printing,Education
Purchased Diesel to college,Transport
Paid for Lab test,Health
Cake - Starbucks,Food
Purchased Netflix subscription from Netflix,Entertainment
Settled bank Internet bill,Bills
X-ray for May,Health
Bought Bowling session from Amazon Prime,Entertainment
Took out Momo,Food
InDrive Toll fee,Transport
Refueled with Bike fuel to home,Transport
Library fine for October,Education
Bought Amusement park ticket family plan,Entertainment
local garage Petrol,Transport
Doctor appointment for August,Health
Bought library Study materials,Education
Paid Garbage collection fee,Bills
Renewed E-book purchase from Disney+,Entertainment
Steam Video game purchase,Entertainment
Booked Tire replacement to college,Transport
Got a new Phone case seasonal sale,Shopping
Got a new Power bank from online store,Shopping
Purchased new Jacket from local mall,Shopping
Paid for Garbage collection fee from insurance company,Bills
Monthly NEA Property tax,Bills
Paid bookstore Lab fee,Education
Settled Society fee for the house,Bills
Paid for Eye checkup from wellness center,Health
Refueled with Sajha Yatayat Auto rickshaw fare,Transport
Bought Coffee from hotel restaurant,Food
Got a new shopping center Headphones,Shopping
Purchased E-book purchase annual plan,Entertainment
Bus ticket from gas station,Transport
Booked Ride share to office,Transport
Paid local college College fee,Education
Booked Diesel from petrol pump,Transport
Paid for Power bank online order,Shopping
Bought Disney+ Concert ticket,Entertainment
Mobile recharge for July,Bills
Bought hotel restaurant Donuts,Food
Grabbed Domino's Grilled fish,Food
Renewed PlayStation Gaming subscription,Entertainment
Bought library School books,Education
Dinner at Coffee,Food
School books for October,Education
Cleared WiFi payment from landlord,Bills
Subscribed to PlayStation Disney+ subscription,Entertainment
Paid for Bedsheet for college,Shopping
Paid for Flight ticket to hospital,Transport
Booked YouTube Premium from Spotify,Entertainment
Paid bank Maintenance fee,Bills
Went for wellness center Physiotherapy session,Health
Ordered Curtains from online store,Shopping
Paid Study materials from local college,Education
Went for Vaccination from local clinic,Health
Flight ticket - Sajha Yatayat,Transport
Paid for Spotify subscription from Disney+,Entertainment
Booked Uber ride to office,Transport
Went for local clinic Blood test,Health
Bought Chowmein from local bakery,Food
Booked YouTube Theatre ticket,Entertainment
Cooking oil for July,Food
Purchased new Daraz Earrings,Shopping
Paid for local mall Shoes,Shopping
Shopping for Electronics gadget from online store,Shopping
Shopping for Backpack from shopping center,Shopping
Doctor appointment,Health
Settled utility company WiFi payment,Bills
Registered for College supplies for the course,Education
Vitamin supplements - gym,Health
Purchased InDrive Pathao ride,Transport
Lunch at Thukpa delivery order,Food
Paid for Shoes from outlet store,Shopping
Purchased Bike wash from local garage,Transport
Disney+ subscription from Netflix,Entertainment
Cinema ticket for March,Entertainment
Cooking oil for March,Food
Ordered Amazon Power bank,Shopping
Necklace for June,Shopping
Snack at Pizza Hut Ice cream,Food
Purchased Momo from Wow Momo,Food
Bought Shoes from outlet store,Shopping
Ordered Jacket from shopping center,Shopping
Ordered Wallet from shopping center,Shopping
Paid for Pizza Hut Chicken curry,Food
Paid for Board game from Disney+,Entertainment
Used Ride share from Uber,Transport
Paid Property tax from utility company,Bills
Ordered T-shirt,Shopping
Garbage collection fee - NEA,Bills
Got a new Bedsheet from outlet store,Shopping
Karaoke night - Disney+,Entertainment
Grilled fish - McDonald's,Food
Renewed Theatre ticket from PlayStation,Entertainment
Diesel for November,Transport
Paid for Car service from Sajha Yatayat,Transport
Took a Flight ticket,Transport
Booked Comic book,Entertainment
Bus ticket for October,Transport
Booked Yoga class fee from diagnostic center,Health
Amazon Power bank,Shopping
Grabbed Chicken curry with friends,Food
Bought Perfume from outlet store,Shopping
Got a new Watch from shopping center,Shopping
Monthly Loan EMI from bank,Bills
Toll fee - InDrive,Transport
Paid local college Stationery,Education
Ordered Pancakes for the party,Food
Paid insurance company Apartment rent,Bills
Purchased Helmet purchase to hospital,Transport
Booked gas station Toll fee,Transport
Paid for local clinic Dental treatment,Health
Had Snacks at office,Food
Booked Medical bill from hospital,Health
Belt for January,Shopping
Chowmein - local bakery,Food
Booked Bike fuel downtown,Transport
Cleared Home loan installment from bank,Bills
Purchased Falafel,Food
Breakfast at Juice on the way home,Food
Purchased Tootle Bus ticket,Transport
Purchased Taxi fare from gas station,Transport
Registered for bookstore College tuition,Education
Purchased Study materials for the workshop,Education
Purchased Taxi fare for weekend trip,Transport
Purchased new Daraz Furniture piece,Shopping
Bus ticket from Pathao,Transport
Visited for Medicine,Health
Took a petrol pump Tire replacement,Transport
Renewed Streaming service monthly plan,Entertainment
Booked gas station Bike repair,Transport
WiFi payment - insurance company,Bills
Subscribed to Amazon Prime Arcade tokens,Entertainment
Bought Watch from online store,Shopping
Grabbed Falafel from KFC,Food
Cleared Monthly rent from landlord,Bills
Booked Tire replacement from InDrive,Transport
Paid for Vegetables from street food stall,Food
Paid Programming course,Education
Paid for Bike repair from Tootle,Transport
Got a new Watch for college,Shopping
Bought PlayStation Plus from local cinema,Entertainment
Paid for Physiotherapy session from wellness center,Health
Purchased Fuel station to hospital,Transport
Booked Uber Car service,Transport
Monthly House rent from landlord,Bills
Monthly Mobile recharge from local ISP,Bills
Paid for local cinema Stand-up comedy show,Entertainment
Enrolled in Workshop registration for the workshop,Education
Shirt - shopping center,Shopping
Settled Insurance premium for the house,Bills
Bike wash to the mall,Transport
Booked Amazon Prime membership monthly plan,Entertainment
Subscribed to Gaming subscription family plan,Entertainment
shopping center Perfume,Shopping
Paid for outlet store Sunglasses,Shopping
Renewed Steam purchase from PlayStation,Entertainment
Paid for Taxi fare downtown,Transport
Purchased Taxi fare,Transport
Bought College tuition from Udemy,Education
Renewed PlayStation E-book purchase,Entertainment
Enrolled in Lab fee from bookstore,Education
Grabbed Juice after work,Food
Recharged Flight ticket from petrol pump,Transport
Monthly utility company Insurance premium,Bills
Paid for telecom provider Water tank refill,Bills
Ordered Bedsheet for birthday gift,Shopping
Bought Doctor appointment from hospital,Health
Ordered Cake after work,Food
Purchased Car rental from Sajha Yatayat,Transport
Lab test for March,Health
Went for Medical bill emergency visit,Health
Shopping for Watch for birthday gift,Shopping
Monthly Water tank refill from telecom provider,Bills
Purchased Stationery for the course,Education
Booked Netflix Comic book,Entertainment
Spotify Streaming service,Entertainment
Falafel for February,Food
Steak - cafe,Food
Bought Sweater from boutique,Shopping
Paid for Surgery cost from gym,Health
Dal bhat - Starbucks,Food
Paid university College supplies,Education
Settled Internet bill from insurance company,Bills
Used Tire replacement airport transfer,Transport
Groceries - KFC,Food
Used Bike repair to college,Transport
Paid Garbage collection fee from landlord,Bills
Breakfast at Ramen,Food
Ice cream for July,Food
Paid for shopping center Jeans,Shopping
shopping center Watch,Shopping
Subscribed to Amazon Prime membership from Steam,Entertainment
Paid for local mall Wallet,Shopping
Monthly Maintenance fee from local ISP,Bills
Went for hospital Pharmacy purchase,Health
Booked YouTube Board game,Entertainment
Shopping for Belt for office,Shopping
Purchased YouTube Premium family plan,Entertainment
Took a Uber ride,Transport
Booked gym Dental treatment,Health
Paid for Phone bill from landlord,Bills
Booked Video game purchase premium plan,Entertainment
Paid for Tootle Ride share,Transport
Grabbed Sandwich from Wow Momo,Food
Booked InDrive Pathao ride,Transport
Paid for utility company Internet bill,Bills
shopping center Curtains,Shopping
Paid for Property tax for the apartment,Bills
Bought Fried rice from campus canteen,Food
Monthly utility company Monthly rent,Bills
Booked Diesel from gas station,Transport
Shopping for Kitchenware from boutique,Shopping
Paid for Shoes from online store,Shopping
Eggs for February,Food
Purchased Subway Waffles,Food
Cleared Internet bill from telecom provider,Bills
Refueled with Sajha Yatayat Bike rental,Transport
Paid Software license for study annual fee,Education
Purchased new boutique Curtains,Shopping
Had campus canteen Pizza,Food
E-book purchase with friends,Entertainment
Paid for Bowling session from Disney+,Entertainment
Ordered Umbrella for college,Shopping
Coffee for October,Food
Took a Petrol from gas station,Transport
Loan EMI - NEA,Bills
Booked Arcade tokens from Netflix,Entertainment
Ordered Juice after work,Food
Sweater online order,Shopping
Got a new Socks from online store,Shopping
Visited for Eye checkup from wellness center,Health
Paid Property tax from insurance company,Bills
Ordered Headphones from online store,Shopping
Paid for wellness center Physiotherapy session,Health
Shopping for outlet store Necklace,Shopping
Enrolled in College supplies from bookstore,Education
Recharged Sajha Yatayat Bike rental,Transport
Mobile recharge - NEA,Bills
Registered for local college Exam fee,Education
Purchased YouTube Cinema ticket,Entertainment
Soup - KFC,Food
Refueled with Fuel station from Sajha Yatayat,Transport
Purchased Pathao ride downtown,Transport
Took out Soup from Domino's,Food
Physiotherapy session - pharmacy,Health
Visited for Doctor appointment follow-up visit,Health
Went for wellness center Painkillers,Health
Paid for cafe Salad,Food
Visited for Blood test from diagnostic center,Health
Property tax for December,Bills
Used Tootle Parking fee,Transport
boutique Wallet,Shopping
Registered for university Workshop registration,Education
University fee for April,Education
Paid for Domino's Fruits,Food
Project materials for February,Education
Purchased petrol pump Toll fee,Transport
Flight ticket to home,Transport
Paid for PlayStation Plus from Netflix,Entertainment
Took out Hot dog after work,Food
Purchased new online store Charger,Shopping
Cleared Apartment rent for the apartment,Bills
Enrolled in Udemy Study materials,Education
Paid for pharmacy Doctor appointment,Health
Ordered Samosa,Food
Purchased YouTube Premium from PlayStation,Entertainment
Purchased Music album monthly plan,Entertainment
Apartment rent,Bills
Used Car rental from Uber,Transport
Booked Car rental from InDrive,Transport
Paid local college College supplies,Education
Booked Gaming subscription from Amazon Prime,Entertainment
Paid for insurance company Internet bill,Bills
Cleared Maintenance fee from landlord,Bills
Enrolled in Udemy Seminar fee,Education
Curtains from online store,Shopping
Paid for T-shirt from local mall,Shopping
Purchased Steak from Foodmandu,Food
Had Tea with friends,Food
Coffee - McDonald's,Food
Got a new Necklace from boutique,Shopping
Refueled with Ride share to the mall,Transport
PlayStation Netflix subscription,Entertainment
Power bank seasonal sale,Shopping
Subscribed to local cinema Music album,Entertainment
Purchased Helmet purchase from local garage,Transport
Booked Yoga class fee follow-up visit,Health
Purchased College fee for the course,Education
Milk - hotel restaurant,Food
Laptop bag from outlet store,Shopping
Bought Makeup kit seasonal sale,Shopping
Paid for Car service from local garage,Transport
Helmet purchase from local garage,Transport
Lunch at Coffee from Pizza Hut,Food
Paid Programming course annual fee,Education
Had Bread during break,Food
Paid for local clinic Doctor appointment,Health
Breakfast at Soup,Food
Had Milk from McDonald's,Food
Subscribed to Steam Spotify subscription,Entertainment
Waffles - Wow Momo,Food
Bowling session family plan,Entertainment
Bubble tea - Foodmandu,Food
Bought Chicken curry from local bakery,Food
Breakfast at food court Hot dog,Food
Purchased new local mall Sweater,Shopping
Grabbed Foodmandu Bread,Food
Had Snacks for the party,Food
Vehicle insurance downtown,Transport
Loan EMI for January,Bills
Gaming subscription weekend outing,Entertainment
Got a new Daraz Headphones,Shopping
Eggs for April,Food
Lunch at Dumplings with friends,Food
Purchased Udemy College fee,Education
Used Bus ticket from Uber,Transport
Booked Gaming subscription from Xbox Game Pass,Entertainment
Bus ticket - Tootle,Transport
Purchased Metro card recharge to office,Transport
Booked Health checkup from gym,Health
Booked Painkillers monthly,Health
Pharmacy purchase,Health
Subscribed to Netflix Theatre ticket,Entertainment
Purchased new outlet store Phone case,Shopping
Cleared Home loan installment from utility company,Bills
Paid for Comic book,Entertainment
Bought Milk from restaurant,Food
Monthly Maintenance fee for the house,Bills
Monthly landlord Monthly rent,Bills
Study materials - coaching center,Education
Dental appointment for October,Health
Paid for Jacket seasonal sale,Shopping
Took out dhaba Pizza,Food
Paid Property tax this month,Bills
Bought hospital Medicine,Health
Water bill for February,Bills
Ordered outlet store Earrings,Shopping
Booked Theatre ticket from PlayStation,Entertainment
Booked Theatre ticket family plan,Entertainment
Booked gas station Auto rickshaw fare,Transport
Registered for Programming course for the workshop,Education
Purchased Bus ticket from petrol pump,Transport
Laptop bag seasonal sale,Shopping
Shopping for Kitchenware online order,Shopping
Used InDrive Bike rental,Transport
Snack at Sandwich,Food
Bought Xbox Game Pass PlayStation Plus,Entertainment
Snack at Smoothie from street food stall,Food
Purchased Steam Concert ticket,Entertainment
Paid for Vitamin supplements from hospital,Health
Renewed Arcade tokens from Steam,Entertainment
local garage Scooter rental,Transport
Got a new Necklace,Shopping
Went for local clinic Pharmacy purchase,Health
Registered for Workshop registration for the workshop,Education
Paid for landlord Apartment rent,Bills
Refueled with Car service from gas station,Transport
Paid for Bike wash to the mall,Transport
Lunch at Pizza from food court,Food
Dinner at Donuts with friends,Food
Went for Dental treatment from wellness center,Health
Cleared Monthly rent quarterly payment,Bills
Umbrella online order,Shopping
Purchased Momo at office,Food
Took a Tootle Parking fee,Transport
Purchased Soup from hotel restaurant,Food
Sushi for October,Food
Purchased new Sweater from online store,Shopping
Purchased new Necklace from local mall,Shopping
Dal bhat for April,Food
Programming course for November,Education
Visited for Dental appointment routine visit,Health
Paid for local clinic Pharmacy purchase,Health
Ordered Thukpa,Food
Bought College supplies this semester,Education
Enrolled in College supplies for the course,Education
X-ray for December,Health
Went for local clinic Yoga class fee,Health
Subscribed to Cinema ticket,Entertainment
Ordered Headphones for office,Shopping
Paid for bank Gas cylinder,Bills
Bought Xbox Game Pass Spotify subscription,Entertainment
Sajha Yatayat Pathao ride,Transport
Disney+ subscription from YouTube,Entertainment
Purchased Steam purchase from PlayStation,Entertainment
Ice cream - McDonald's,Food
Took a Pathao Helmet purchase,Transport
Went for Surgery cost monthly,Health
Paid for YouTube Premium from YouTube,Entertainment
Paid bookstore Project materials,Education
Booked Fuel station from Sajha Yatayat,Transport
Paid for restaurant Pizza,Food
Bought coaching center Library fine,Education
Used Car service for weekend trip,Transport
Shopping for Amazon Perfume,Shopping
local cinema Streaming service,Entertainment
Purchased Car rental,Transport
Refueled with Petrol for a trip,Transport
X-ray for February,Health
Visited for wellness center Dental appointment,Health
Purchased Board game from Netflix,Entertainment
Purchased Vehicle insurance from Pathao,Transport
Purchased Thesis printing annual fee,Education
Paid for Fuel station from Tootle,Transport
Paid Exam fee from local college,Education
Bought Phone case from Amazon,Shopping
Subscribed to Xbox Game Pass Steam purchase,Entertainment
Paid for Fuel station from petrol pump,Transport
Booked Hospital bill monthly,Health
Purchased new Earrings from Daraz,Shopping
Refueled with Scooter rental to hospital,Transport
Ordered Makeup kit from online store,Shopping
YouTube Premium from Spotify,Entertainment
Bought Amazon Prime Gaming subscription,Entertainment
Enrolled in Coursera College supplies,Education
Paid for Internet bill from utility company,Bills
Shopping for Amazon Electronics gadget,Shopping
Bought Surgery cost from gym,Health
Booked Vaccination emergency visit,Health
Went for Vitamin supplements from local clinic,Health
Snack at local bakery Coffee,Food
Lunch at Dosa for the party,Food
Paid College supplies annual fee,Education
Recharged Car rental downtown,Transport
Booked Lab test emergency visit,Health
Used Auto rickshaw fare to office,Transport
Used Bus ticket from gas station,Transport
Ride share for February,Transport
Shopping for outlet store Backpack,Shopping
Booked Music album from Xbox Game Pass,Entertainment
Diesel,Transport
Bought Video game purchase family plan,Entertainment
Juice - Foodmandu,Food
Stationery - Coursera,Education
Refueled with Pathao ride airport transfer,Transport
Purchased Theatre ticket from Disney+,Entertainment
French fries for December,Food
Enrolled in coaching center Textbooks,Education
Purchased Domino's Milk,Food
Music album for August,Entertainment
Jeans for December,Shopping
Booked YouTube Premium premium plan,Entertainment
Purchased Textbooks for the course,Education
Booked Bike rental downtown,Transport
Bag from outlet store,Shopping
Went for Medicine checkup,Health
Booked Xbox Game Pass Gaming subscription,Entertainment
Renewed Spotify Streaming service,Entertainment
Watch from Amazon,Shopping
Dinner at food court Steak,Food
Uber ride for July,Transport
Earrings from Amazon,Shopping
Settled Home loan installment from NEA,Bills
Pizza - local bakery,Food
Booked Amusement park ticket from PlayStation,Entertainment
Bought Programming course from Coursera,Education
Bought Stationery for the workshop,Education
Purchased Snacks,Food
Concert ticket - PlayStation,Entertainment
Concert ticket - Spotify,Entertainment
Surgery cost for May,Health
Paid Property tax from telecom provider,Bills
Renewed Stand-up comedy show weekend outing,Entertainment
Paid NEA Internet bill,Bills
Bike rental to college,Transport
Shopping for boutique Backpack,Shopping
Booked petrol pump Pathao ride,Transport
Purchased Study materials from coaching center,Education
Paid Monthly rent from bank,Bills
Booked Yoga class fee from pharmacy,Health
Library fine for September,Education
Took out Juice from Foodmandu,Food
Furniture piece from Amazon,Shopping
Lunch at Rice bag from Domino's,Food
Milkshake - KFC,Food
Perfume - local mall,Shopping
Subscribed to Netflix Disney+ subscription,Entertainment
Purchased Ride share to hospital,Transport
Bought Socks,Shopping
Purchased coaching center Software license for study,Education
Workshop registration for February,Education
Enrolled in Study materials for the course,Education
Recharged Sajha Yatayat Vehicle insurance,Transport
Booked Steam purchase from Xbox Game Pass,Entertainment
Used Bike repair from petrol pump,Transport
Bought boutique Sweater,Shopping
Purchased new Bedsheet for college,Shopping
Ordered Makeup kit seasonal sale,Shopping
Ordered Backpack from local mall,Shopping
local mall T-shirt,Shopping
Dinner at French fries with friends,Food
Booked Movie ticket from Amazon Prime,Entertainment
Went for Surgery cost checkup,Health
Maintenance fee for April,Bills
Purchased Bike rental from Tootle,Transport
Subscribed to Amazon Prime Cinema ticket,Entertainment
Breakfast at Milkshake after work,Food
Had Grilled fish from local bakery,Food
Bought dhaba Noodles,Food
Lab fee - Udemy,Education
Wallet for October,Shopping
Disney+ Board game,Entertainment
Paid for Power bank from online store,Shopping
Pathao ride for a trip,Transport
Took a Tire replacement for weekend trip,Transport
Salad - local bakery,Food
Paid Phone bill from landlord,Bills
Got a new boutique Electronics gadget,Shopping
Took a Bike wash to the mall,Transport
Phone bill - bank,Bills
Shopping for Umbrella from Daraz,Shopping
Grabbed local bakery Juice,Food
Used Bike wash from petrol pump,Transport
Enrolled in Textbooks for the course,Education
Visited for gym Eye checkup,Health
Booked Diesel to hospital,Transport
Bought Amazon Laptop bag,Shopping
Renewed Arcade tokens from local cinema,Entertainment
Refueled with Fuel station downtown,Transport
Grabbed Fruits,Food
Makeup kit for February,Shopping
Bought Eye checkup,Health
Fried chicken - campus canteen,Food
Used Metro card recharge to home,Transport
Cleared Electricity bill from local ISP,Bills
X-ray - local clinic,Health
Subscribed to local cinema Video game purchase,Entertainment
Paid for Flight ticket to office,Transport
Used Toll fee from Uber,Transport
Grabbed Chicken curry from local bakery,Food
Ordered Cake from McDonald's,Food
Paid for local garage Bike rental,Transport
Booked Xbox Game Pass Amusement park ticket,Entertainment
Bought Jeans online order,Shopping
Subscribed to Netflix Streaming service,Entertainment
Paid for Umbrella for office,Shopping
Pastry - local bakery,Food
Used Vehicle insurance to office,Transport
Grabbed Smoothie from Pizza Hut,Food
Took out Burger during break,Food
Paid for Painkillers monthly,Health
Cleared Garbage collection fee from bank,Bills
Paid Insurance premium from NEA,Bills
Purchased new boutique Wallet,Shopping
Ordered Amazon Belt,Shopping
Recharged Sajha Yatayat Bike wash,Transport
Paid for Earrings seasonal sale,Shopping
YouTube Premium for July,Entertainment
Settled bank Apartment rent,Bills
Booked Netflix Cinema ticket,Entertainment
shopping center Bag,Shopping
Booked pharmacy Vaccination,Health
Monthly Society fee from NEA,Bills
Took a Uber ride for a trip,Transport
Jacket from shopping center,Shopping
Recharged Helmet purchase to the mall,Transport
Renewed Concert ticket with friends,Entertainment
Comic book with friends,Entertainment
Toll fee - Uber,Transport
Yoga class fee for December,Health
Visited for Yoga class fee routine visit,Health
Phone bill - local ISP,Bills
Bought Subway Chicken curry,Food
Garbage collection fee for June,Bills
Paid for E-book purchase from Amazon Prime,Entertainment
Momo - KFC,Food
Bought Amazon Power bank,Shopping
Health insurance premium for February,Health
Used Sajha Yatayat Cab fare,Transport
Bought Eye checkup checkup,Health
Bought Coursera Workshop registration,Education
Sajha Yatayat Uber ride,Transport
Purchased Subway Groceries,Food
Cinema ticket from Spotify,Entertainment
Booked petrol pump Train ticket,Transport
Bought Movie ticket from Disney+,Entertainment
Doctor appointment for December,Health
Had Kebab during break,Food
Bought PlayStation Bowling session,Entertainment
Samosa for August,Food
Settled Insurance premium from insurance company,Bills
Amazon Prime membership for May,Entertainment
Bought Video game purchase from PlayStation,Entertainment
Breakfast at Pizza Hut Dumplings,Food
Burger - Domino's,Food
Purchased Foodmandu Falafel,Food
Purchased university Study materials,Education
Vitamin supplements for August,Health
Blood test - local clinic,Health
Bought Amusement park ticket from YouTube,Entertainment
Enrolled in Study materials,Education
Theatre ticket from Spotify,Entertainment
Monthly Water tank refill for the house,Bills
Eggs for July,Food
Home loan installment - NEA,Bills
Ride share for May,Transport
Paid Udemy Thesis printing,Education
Water bill,Bills
Bought College tuition for the workshop,Education
Hospital bill for September,Health
Paid for Dental treatment routine visit,Health
Purchased Stand-up comedy show from Spotify,Entertainment
Booked Train ticket,Transport
Bought bookstore Study materials,Education
Purchased new Amazon Headphones,Shopping
Renewed YouTube Premium from Netflix,Entertainment
Flight ticket for January,Transport
Used Tootle Train ticket,Transport
Cab fare from Pathao,Transport
Purchased Xbox Game Pass Stand-up comedy show,Entertainment
Grabbed Juice,Food
Paid for wellness center Medicine,Health
Paid for Furniture piece from Amazon,Shopping
Had Pizza Hut Groceries,Food
Enrolled in Software license for study from university,Education
Dental appointment for August,Health
Registered for bookstore Certification exam,Education
Headphones for March,Shopping
Visited for wellness center Pharmacy purchase,Health
Paid Monthly rent,Bills
Paid for outlet store Phone case,Shopping
Steam purchase from Disney+,Entertainment
Paid for Watch online order,Shopping
Bought gym Yoga class fee,Health
Disney+ Stand-up comedy show,Entertainment
Paid for food court Dosa,Food
Paid for hospital Eye checkup,Health
Vaccination for July,Health
Ordered Makeup kit from boutique,Shopping
Gas cylinder for November,Bills
Visited for Physiotherapy session,Health
Ordered Headphones seasonal sale,Shopping
Took a Helmet purchase,Transport
Amusement park ticket - Netflix,Entertainment
Got a new online store Watch,Shopping
Settled WiFi payment for the house,Bills
Visited for Painkillers from hospital,Health
Paid Programming course from Udemy,Education
Booked Car service from petrol pump,Transport
Paid for Hospital bill from gym,Health
Settled insurance company Credit card payment,Bills
Visited for Hospital bill from wellness center,Health
Registered for College fee from coaching center,Education
Cleared Monthly rent from bank,Bills
Had Burger from Burger King,Food
Paid Apartment rent quarterly payment,Bills
Purchased new Perfume from outlet store,Shopping
Mobile recharge for May,Bills
Bought Disney+ subscription from Spotify,Entertainment
Shopping for Jacket from Amazon,Shopping
Taco - cafe,Food
Renewed Arcade tokens from Amazon Prime,Entertainment
Enrolled in Lab fee,Education
Purchased InDrive Tire replacement,Transport
Snack at Dosa,Food
Paid for local mall Curtains,Shopping
Cleared Loan EMI this month,Bills
Purchased Comic book from Amazon Prime,Entertainment
Belt for September,Shopping
Refueled with petrol pump Metro card recharge,Transport
Furniture piece for June,Shopping
Booked Medicine from diagnostic center,Health
Paid for House rent for the apartment,Bills
InDrive Metro card recharge,Transport
Paid Thesis printing from library,Education
Paid for Credit card payment from NEA,Bills
Booked Sajha Yatayat Toll fee,Transport
Lunch at Vegetables delivery order,Food
Cleared bank Credit card payment,Bills
Booked Dental treatment from hospital,Health
Cleared Water bill from local ISP,Bills
Took a gas station Toll fee,Transport
Arcade tokens from PlayStation,Entertainment
Booked Bowling session from local cinema,Entertainment
Paid for Mobile recharge quarterly payment,Bills
Belt - Daraz,Shopping
Bought Perfume for office,Shopping
Train ticket from gas station,Transport
Purchased Board game annual plan,Entertainment
Paid House rent annual payment,Bills
Took a Vehicle insurance to office,Transport
Dinner at McDonald's Chicken curry,Food
T-shirt from outlet store,Shopping
Music album,Entertainment
Subscribed to Comic book from YouTube,Entertainment
Paid for Karaoke night annual plan,Entertainment
Paid Udemy Project materials,Education
Cleared Water tank refill from utility company,Bills
Took a Pathao ride,Transport
Ice cream - restaurant,Food
Paid for Amusement park ticket from Xbox Game Pass,Entertainment
Exam fee - library,Education
Bike rental for November,Transport
Took out Pancakes from hotel restaurant,Food
Burrito - restaurant,Food
Purchased new Laptop bag from Daraz,Shopping
Board game from Amazon Prime,Entertainment
Bought Biryani from local bakery,Food
Enrolled in bookstore Exam fee,Education
Enrolled in library College supplies,Education
Monthly utility company Water tank refill,Bills
Bag for March,Shopping
local mall Furniture piece,Shopping
Took a Bike repair from InDrive,Transport
Settled NEA Maintenance fee,Bills
Subscribed to Video game purchase from Disney+,Entertainment
Purchased university College fee,Education
Booked Cab fare airport transfer,Transport
Booked PlayStation Concert ticket,Entertainment
Visited for Pharmacy purchase follow-up visit,Health
Auto rickshaw fare for August,Transport
Had campus canteen French fries,Food
Shopping for online store Sunglasses,Shopping
Grabbed Starbucks Milk,Food
Amazon Prime Arcade tokens,Entertainment
Sushi for April,Food
Purchased Study materials from local college,Education
Booked local clinic Health checkup,Health
Paid Programming course for the course,Education
Paid for Video game purchase with friends,Entertainment
Grabbed Cake delivery order,Food
Car service for November,Transport
Visited for Blood test monthly,Health
Took a Vehicle insurance from petrol pump,Transport
Paid for E-book purchase annual plan,Entertainment
Purchased Coaching class fee this semester,Education
Took out Foodmandu Ice cream,Food
Went for Lab test follow-up visit,Health
Subscribed to Stand-up comedy show from local cinema,Entertainment
Paid for Laptop bag seasonal sale,Shopping
online store Kitchenware,Shopping
Used Tootle Tire replacement,Transport
Renewed Bowling session from Disney+,Entertainment
College fee for February,Education
Bought Belt online order,Shopping
Internet bill for October,Bills
Settled telecom provider Home loan installment,Bills
Coaching class fee for January,Education
Had Pizza Hut Tea,Food
Visited for Lab test from gym,Health
Snack at Milk from hotel restaurant,Food
Credit card payment for July,Bills
Paid for Property tax this month,Bills
Went for diagnostic center Hospital bill,Health
Vaccination for December,Health
Dinner at Fried rice from Foodmandu,Food
Ordered Foodmandu Soup,Food
Paid for diagnostic center Hospital bill,Health
Renewed Netflix Spotify subscription,Entertainment
Paid for Arcade tokens from PlayStation,Entertainment
Board game - Disney+,Entertainment
Got a new Socks online order,Shopping
Ice cream for February,Food
Booked Cab fare to college,Transport
Renewed Gaming subscription from local cinema,Entertainment
Bought coaching center Lab fee,Education
Pastry - McDonald's,Food
Recharged Sajha Yatayat Uber ride,Transport
Dinner at Domino's Milk,Food
Purchased Workshop registration from Coursera,Education
Cleared House rent for the apartment,Bills
Recharged Pathao Flight ticket,Transport
Amazon Phone case,Shopping
Bought Software license for study this semester,Education
Refueled with Car service airport transfer,Transport
Booked Toll fee for weekend trip,Transport
Paid for Health insurance premium routine visit,Health
Shopping for Cap from Amazon,Shopping
Renewed Amazon Prime Spotify subscription,Entertainment
Enrolled in university Textbooks,Education
Ordered online store Perfume,Shopping
Paid Loan EMI from telecom provider,Bills
Went for Hospital bill from diagnostic center,Health
Bought Textbooks from university,Education
Paid coaching center Workshop registration,Education
Had Steak,Food
Refueled with Vehicle insurance from Tootle,Transport
Got a new Wallet from local mall,Shopping
Bought Amazon Earrings,Shopping
College supplies for April,Education
Bought College fee for the course,Education
Booked Cinema ticket from local cinema,Entertainment
Monthly landlord Property tax,Bills
Paid for Flight ticket from Sajha Yatayat,Transport
Parking fee for December,Transport
Got a new Watch from outlet store,Shopping
Paid for Xbox Game Pass Arcade tokens,Entertainment
Bought Chowmein,Food
Software license for study for May,Education
Paid for Credit card payment from local ISP,Bills
Purchased new local mall Shoes,Shopping
Paid Study materials from coaching center,Education
Snack at Domino's Salad,Food
Went for Doctor appointment from gym,Health
Ordered outlet store Cap,Shopping
Paid for online store Sweater,Shopping
Bought Coursera Lab fee,Education
Jacket seasonal sale,Shopping
Shopping for Socks from Daraz,Shopping
Settled insurance company Mobile recharge,Bills
Subscribed to Disney+ Movie ticket,Entertainment
Bought Physiotherapy session from wellness center,Health
Bought Doctor appointment routine visit,Health
Refueled with Fuel station from InDrive,Transport
Insurance premium - bank,Bills
Got a new Cap from outlet store,Shopping
Purchased Spotify subscription from Amazon Prime,Entertainment
Paid for Auto rickshaw fare to the mall,Transport
Registered for local college Textbooks,Education
Booked local cinema Concert ticket,Entertainment
Paid for local cinema Gaming subscription,Entertainment
Sneakers for December,Shopping
Paid for Medicine routine visit,Health
Had local bakery Vegetables,Food
Renewed YouTube Premium from YouTube,Entertainment
Bowling session with friends,Entertainment
Ice cream - hotel restaurant,Food
Paid for petrol pump Petrol,Transport
Refueled with Taxi fare from petrol pump,Transport
School books - Coursera,Education
Monthly Internet bill from bank,Bills
Bought outlet store Perfume,Shopping
Visited for Dental treatment,Health
Bought Sushi on the way home,Food
T-shirt for November,Shopping
Grabbed Vegetables during break,Food
Shoes from Amazon,Shopping
Bought local mall Necklace,Shopping
Ordered Grilled fish,Food
Refueled with Bike repair from local garage,Transport
Backpack,Shopping
Bought university College fee,Education
Went for hospital Yoga class fee,Health
Paid for Vaccination routine visit,Health
Ordered Phone case for college,Shopping
Online course for August,Education
Monthly Home loan installment from landlord,Bills
Took a Parking fee from Uber,Transport
Purchased new Charger from Amazon,Shopping
Took a Fuel station from InDrive,Transport
Bought Coaching class fee from library,Education
Registered for Coursera College tuition,Education
Bought online store Power bank,Shopping
Took a Helmet purchase for weekend trip,Transport
Got a new Power bank from Amazon,Shopping
Paid for Disney+ E-book purchase,Entertainment
Eye checkup for May,Health
Booked Vaccination from pharmacy,Health
Purchased new online store Bag,Shopping
Paid for Vegetables from hotel restaurant,Food
Bought E-book purchase from Steam,Entertainment
Gas cylinder for April,Bills
Bought Online course for the workshop,Education
Settled Cable TV bill from telecom provider,Bills
Refueled with Train ticket for a trip,Transport
Cleared Garbage collection fee from telecom provider,Bills
Paid for Fruits from Starbucks,Food
Ice cream - Wow Momo,Food
Ordered Ice cream after work,Food
Registered for Coaching class fee from bookstore,Education
Electricity bill - NEA,Bills
Purchased local college University fee,Education
Booked Pathao Uber ride,Transport
Coffee - Subway,Food
Booked Hospital bill from hospital,Health
Registered for College supplies this semester,Education
Bowling session weekend outing,Entertainment
Paid for Vehicle insurance from Pathao,Transport
Jeans for January,Shopping
Ordered online store Furniture piece,Shopping
Lunch at Sushi on the way home,Food
Garbage collection fee for January,Bills
Cleared House rent from telecom provider,Bills
Paid Gas cylinder for the apartment,Bills
Cinema ticket for February,Entertainment
Visited for Gym membership from gym,Health
Concert ticket for July,Entertainment
Bought Theatre ticket from Spotify,Entertainment
Purchased Petrol from InDrive,Transport
Bought Amazon Prime Spotify subscription,Entertainment
Bought Music album family plan,Entertainment
Paid for Spotify subscription annual plan,Entertainment
Video game purchase - Steam,Entertainment
Jeans for August,Shopping
Lunch at Dal bhat during break,Food
Purchased Chicken curry delivery order,Food
Got a new local mall Shoes,Shopping
Paid for Maintenance fee for the house,Bills
Booked PlayStation Plus from PlayStation,Entertainment
Paid for Taxi fare to home,Transport
Paid for Pharmacy purchase,Health
Project materials for September,Education
Booked Board game from Amazon Prime,Entertainment
Cleared telecom provider Garbage collection fee,Bills
Paid for Hospital bill from diagnostic center,Health
Used Train ticket to college,Transport
Bought Netflix subscription premium plan,Entertainment
Purchased new Amazon Jeans,Shopping
Shopping for local mall Watch,Shopping
Breakfast at Vegetables from hotel restaurant,Food
Monthly Phone bill quarterly payment,Bills
Had Fried chicken from restaurant,Food
Purchased Library fine this semester,Education
Stand-up comedy show for December,Entertainment
Got a new Headphones for birthday gift,Shopping
Settled insurance company Apartment rent,Bills
Bought local cinema Steam purchase,Entertainment
Snack at street food stall Rice bag,Food
Purchased bookstore Textbooks,Education
Booked Diesel to the mall,Transport
Took out campus canteen French fries,Food
Bought Phone case from outlet store,Shopping
Ordered Donuts,Food
Grabbed dhaba Rice bag,Food
Bought university College supplies,Education
Used Uber Bike wash,Transport
Dental treatment for August,Health
Monthly Property tax from utility company,Bills
Bike rental for weekend trip,Transport
Monthly utility company House rent,Bills
Bought Streaming service with friends,Entertainment
Booked Gaming subscription with friends,Entertainment
Bought College fee from local college,Education
Used Toll fee to home,Transport
T-shirt for August,Shopping
Ordered T-shirt from Amazon,Shopping
Purchased Cinema ticket from Disney+,Entertainment
Ordered Fried chicken from Pizza Hut,Food
Purchased new Perfume,Shopping
Took a Bike rental from petrol pump,Transport
Booked Tootle Cab fare,Transport
Monthly telecom provider Monthly rent,Bills
Perfume for December,Shopping
Dinner at Rice bag from Starbucks,Food
Streaming service - PlayStation,Entertainment
Purchased Exam fee for the workshop,Education
Registered for Udemy Software license for study,Education
Curtains for October,Shopping
Renewed Steam Karaoke night,Entertainment
Paid university College fee,Education
Ordered Snacks during break,Food
Salad for February,Food
Purchased Lab fee annual fee,Education
Used Auto rickshaw fare,Transport
Programming course for July,Education
Took a Ride share from Tootle,Transport
Shopping for shopping center Perfume,Shopping
Bread for January,Food
Bought Video game purchase premium plan,Entertainment
Bought Spotify Streaming service,Entertainment
Purchased Fuel station,Transport
Paid for Bus ticket to hospital,Transport
Purchased new Furniture piece from Daraz,Shopping
Bought Surgery cost emergency visit,Health
Steam purchase annual plan,Entertainment
Gas cylinder,Bills
Stationery - coaching center,Education
Bought Sunglasses from Amazon,Shopping
Went for pharmacy X-ray,Health
Registered for Textbooks this semester,Education
Enrolled in Library fine from Coursera,Education
Paid for Internet bill for the house,Bills
Renewed Music album weekend outing,Entertainment
Booked Karaoke night monthly plan,Entertainment
Cleared Credit card payment from landlord,Bills
Amazon Prime Theatre ticket,Entertainment
Purchased coaching center University fee,Education
Shopping for Curtains from shopping center,Shopping
Internet bill for February,Bills
Recharged Car service downtown,Transport
Disney+ subscription from PlayStation,Entertainment
Visited for Painkillers from local clinic,Health
Amazon Jeans,Shopping
Went for gym Vitamin supplements,Health
Monthly Cable TV bill from landlord,Bills
Paid for Amazon Shirt,Shopping
Paid for Car rental from Pathao,Transport
Purchased new Amazon Charger,Shopping
House rent - bank,Bills
Renewed Netflix subscription monthly plan,Entertainment
Visited for Vaccination from diagnostic center,Health
Booked Vitamin supplements routine visit,Health
Purchased InDrive Bike repair,Transport
Umbrella for June,Shopping
Registered for bookstore Study materials,Education
Bought Gaming subscription from YouTube,Entertainment
Monthly telecom provider House rent,Bills
Cleared NEA Home loan installment,Bills
Enrolled in Software license for study from library,Education
Paid for Cable TV bill quarterly payment,Bills
Cleared Phone bill quarterly payment,Bills
Electricity bill for October,Bills
Pharmacy purchase for December,Health
Took a Scooter rental from Tootle,Transport
University fee for November,Education
Lunch at Cooking oil from Domino's,Food
Enrolled in Seminar fee for the course,Education
Paid local ISP Water bill,Bills
Took a petrol pump Bike fuel,Transport
Took out Waffles from hotel restaurant,Food
Bought Yoga class fee emergency visit,Health
Credit card payment - landlord,Bills
Booked Blood test,Health
Refueled with Taxi fare from Sajha Yatayat,Transport
Registered for Study materials annual fee,Education
Got a new Umbrella,Shopping
Took a Train ticket to the mall,Transport
Society fee,Bills
Bought Amazon Prime Streaming service,Entertainment
Booked Flight ticket to office,Transport
Bike repair to college,Transport
Went for Doctor appointment from wellness center,Health
Earrings from shopping center,Shopping
Paid for gym Blood test,Health
Paid for Gym membership from local clinic,Health
Paid for Xbox Game Pass YouTube Premium,Entertainment
Got a new Curtains from online store,Shopping
Took out Subway Noodles,Food
Booked hospital Hospital bill,Health
Doctor appointment - local clinic,Health
Ordered online store Sunglasses,Shopping
Shopping for Belt from Amazon,Shopping
Study materials for March,Education
Recharged Cab fare from gas station,Transport
Booked X-ray,Health
Renewed Video game purchase from local cinema,Entertainment
Karaoke night monthly plan,Entertainment
Ordered Thukpa at office,Food
Bought Dental appointment from pharmacy,Health
Took a local garage Uber ride,Transport
Renewed PlayStation Arcade tokens,Entertainment
Snack at Bajeko Sekuwa Fruits,Food
Cleared local ISP Credit card payment,Bills
Wallet from online store,Shopping
Went for diagnostic center X-ray,Health
Paid for petrol pump Helmet purchase,Transport
Bought Stationery,Education
InDrive Flight ticket,Transport
Milkshake - campus canteen,Food
Purchased Sajha Yatayat Train ticket,Transport
Purchased Lab fee for the workshop,Education
Renewed PlayStation Steam purchase,Entertainment
Snack at Burger during break,Food
Bought School books from library,Education
Lunch at Cooking oil from hotel restaurant,Food
Got a new Daraz Furniture piece,Shopping
Snack at Eggs from dhaba,Food
Ordered Salad delivery order,Food
Electricity bill - telecom provider,Bills
Paid for hospital Dental appointment,Health
Ordered local mall Wallet,Shopping
College supplies for June,Education
Phone case for September,Shopping
Vitamin supplements for November,Health
Bike fuel for February,Transport
Booked hospital Health insurance premium,Health
Bought Spotify subscription monthly plan,Entertainment
Shoes from boutique,Shopping
Stand-up comedy show - Spotify,Entertainment
Shopping for Phone case for office,Shopping
Paid for Health checkup routine visit,Health
Booked Bike repair from Sajha Yatayat,Transport
Bought Spotify Stand-up comedy show,Entertainment
Paid for Home loan installment from landlord,Bills
Subscribed to Netflix E-book purchase,Entertainment
Registered for university Exam fee,Education
Bought Foodmandu Burger,Food
Cleared Home loan installment from landlord,Bills
Bought Dental appointment from local clinic,Health
Subscribed to Movie ticket from Steam,Entertainment
Renewed YouTube Premium from Spotify,Entertainment
Purchased local cinema Theatre ticket,Entertainment
Ordered Milkshake from Wow Momo,Food
Cleared Water bill from NEA,Bills
Ordered Perfume from Daraz,Shopping
Paid for Flight ticket from petrol pump,Transport
Ordered Bedsheet from local mall,Shopping
Purchased new Wallet from Amazon,Shopping
Purchased Theatre ticket annual plan,Entertainment
Bought Bowling session from local cinema,Entertainment
Refueled with Scooter rental from Tootle,Transport
Monthly House rent from utility company,Bills
WiFi payment - local ISP,Bills
Uber ride - gas station,Transport
Watch for February,Shopping
Renewed YouTube Amazon Prime membership,Entertainment
Paid for petrol pump Bike repair,Transport
Bought Movie ticket from Steam,Entertainment
Monthly WiFi payment from insurance company,Bills
Paid local college Programming course,Education
Electricity bill for July,Bills
local mall Belt,Shopping
Registered for Certification exam annual fee,Education
Taxi fare for April,Transport
Purchased gas station Bike rental,Transport
Paid for Taxi fare from Sajha Yatayat,Transport
Scooter rental from Sajha Yatayat,Transport
Paid for Bike wash from Uber,Transport
Dinner at Rice bag from street food stall,Food
Paid for Water tank refill,Bills
Visited for Doctor appointment checkup,Health
Bought diagnostic center Pharmacy purchase,Health
Monthly local ISP Garbage collection fee,Bills
Belt from outlet store,Shopping
Took a Helmet purchase from petrol pump,Transport
Sweater from online store,Shopping
Comic book for July,Entertainment
Shopping for Jacket from Daraz,Shopping
Booked local garage Bike fuel,Transport
Dinner at Wow Momo Soup,Food
Ordered Daraz Charger,Shopping
Booked Streaming service from Spotify,Entertainment
Purchased College supplies from coaching center,Education
Purchased Domino's Dal bhat,Food
Booked Video game purchase from Disney+,Entertainment
Booked Parking fee,Transport
Bought Medical bill,Health
Went for local clinic Doctor appointment,Health
Breakfast at Waffles,Food
Chicken curry for February,Food
Renewed Comic book from Netflix,Entertainment
Bought Backpack for college,Shopping
Electricity bill for April,Bills
Purchased new Electronics gadget from outlet store,Shopping
Booked Netflix subscription from Xbox Game Pass,Entertainment
Got a new Charger from outlet store,Shopping
Amazon Prime Stand-up comedy show,Entertainment
Renewed Amazon Prime membership premium plan,Entertainment
Settled Society fee from insurance company,Bills
Helmet purchase for October,Transport
Purchased Uber Metro card recharge,Transport
Bought Music album,Entertainment
Purchased new Headphones from shopping center,Shopping
Took out Chowmein,Food
Ordered Steak delivery order,Food
Took out Coffee at office,Food
Bought Xbox Game Pass Movie ticket,Entertainment
PlayStation Concert ticket,Entertainment
Monthly Apartment rent for the apartment,Bills
Paid for Bowling session with friends,Entertainment
Used Bike fuel to home,Transport
Had Vegetables,Food
Booked Parking fee for weekend trip,Transport
Paid for Cab fare to college,Transport
Maintenance fee - NEA,Bills
Dal bhat for March,Food
Purchased Salad,Food
Went for Pharmacy purchase from hospital,Health
Got a new Sneakers from boutique,Shopping
Booked Car rental from Uber,Transport
Monthly telecom provider Credit card payment,Bills
Monthly Monthly rent this month,Bills
Subscribed to Comic book premium plan,Entertainment
Bought Study materials from university,Education
Dinner at Fried chicken for the party,Food
Booked Pathao ride airport transfer,Transport
Paid bookstore Stationery,Education
Booked Amazon Prime membership from Netflix,Entertainment
Snack at Rice bag at office,Food
Bought Seminar fee annual fee,Education
Paid for gas station Bike wash,Transport
Purchased local college Software license for study,Education
Renewed Spotify subscription from Steam,Entertainment
Purchased Auto rickshaw fare from local garage,Transport
Purchased new boutique Cap,Shopping
Used Sajha Yatayat Flight ticket,Transport
Went for Dental treatment monthly,Health
Bought Sweater for college,Shopping
Power bank for March,Shopping
Paid local college Lab fee,Education
Used Ride share for a trip,Transport
Had Coffee from street food stall,Food
Shopping for Sweater from shopping center,Shopping
Booked Vehicle insurance for a trip,Transport
Monthly Water bill from NEA,Bills
Ordered Earrings for college,Shopping
Dinner at Wow Momo Juice,Food
Booked Video game purchase from Amazon Prime,Entertainment
Bought Vitamin supplements from gym,Health
Lunch at Foodmandu Noodles,Food
Milkshake for March,Food
Paid for Music album monthly plan,Entertainment
Paid Garbage collection fee quarterly payment,Bills
Ordered Noodles from Pizza Hut,Food
Renewed Amazon Prime membership from Steam,Entertainment
Purchased restaurant Burger,Food
Eye checkup for March,Health
Amazon Prime E-book purchase,Entertainment
WiFi payment for May,Bills
Cap for July,Shopping
Paid for Medical bill follow-up visit,Health
Paid for hospital Vaccination,Health
Maintenance fee,Bills
Monthly landlord Phone bill,Bills
Dinner at Kebab from Foodmandu,Food
Dinner at Dosa at college,Food
Registered for library Exam fee,Education
E-book purchase for March,Entertainment
Visited for Hospital bill checkup,Health
Settled Mobile recharge for the apartment,Bills
Registered for library College fee,Education
Ordered online store Kitchenware,Shopping
Booked Gym membership emergency visit,Health
Used Sajha Yatayat Bike repair,Transport
Renewed Bowling session from PlayStation,Entertainment
Ordered local mall Perfume,Shopping
Registered for Software license for study from Coursera,Education
Refueled with Metro card recharge to home,Transport
Recharged Uber Uber ride,Transport
Monthly Property tax this month,Bills
Booked Movie ticket from Spotify,Entertainment
Refueled with Helmet purchase airport transfer,Transport
Took out Taco at college,Food
Bike rental for October,Transport
Paid for Waffles from restaurant,Food
Had McDonald's Hot dog,Food
Paid Seminar fee from local college,Education
Paid for Netflix subscription from Disney+,Entertainment
Bought Disney+ subscription family plan,Entertainment
Socks for office,Shopping
Fuel station from InDrive,Transport
Breakfast at cafe Fruits,Food
Purchased new Bedsheet from shopping center,Shopping
Steam purchase for December,Entertainment
Booked pharmacy Yoga class fee,Health
Registered for bookstore Seminar fee,Education
Purchased new Kitchenware from online store,Shopping
Subscribed to Steam purchase with friends,Entertainment
Had Bread at office,Food
Purchased Dosa from local bakery,Food
Shopping for Furniture piece from Amazon,Shopping
Stand-up comedy show for June,Entertainment
Visited for Doctor appointment from pharmacy,Health
Purchased Car service from Uber,Transport
Purchased French fries,Food
Booked local clinic Pharmacy purchase,Health
Lunch at Dosa from KFC,Food
Took a Diesel from petrol pump,Transport
Ordered Charger from online store,Shopping
Recharged Uber ride to college,Transport
Bike repair from Uber,Transport
Paid for outlet store Shoes,Shopping
Visited for diagnostic center Gym membership,Health
Enrolled in Project materials for the workshop,Education
Booked Arcade tokens from PlayStation,Entertainment
Bought Textbooks from Coursera,Education
Snack at Bubble tea,Food
Paid for Electronics gadget from shopping center,Shopping
Maintenance fee for January,Bills
Headphones - online store,Shopping
Paid for Bike wash from Tootle,Transport
Vehicle insurance airport transfer,Transport
Got a new Jacket from Amazon,Shopping
Phone bill for November,Bills
Booked Netflix Bowling session,Entertainment
Settled Insurance premium from telecom provider,Bills
Paid for Spotify Bowling session,Entertainment
WiFi payment for December,Bills
Went for Medical bill,Health
Booked Sajha Yatayat Tire replacement,Transport
Paid for Fried rice for the party,Food
Paid for Theatre ticket with friends,Entertainment
Concert ticket from Spotify,Entertainment
Visited for Painkillers from pharmacy,Health
Used Tire replacement downtown,Transport
Paid for insurance company Gas cylinder,Bills
Used local garage Car rental,Transport
Pharmacy purchase for May,Health
Water bill for March,Bills
Seminar fee - Udemy,Education
Bought Seminar fee from coaching center,Education
Registered for coaching center Library fine,Education
Bowling session - YouTube,Entertainment
Dal bhat - dhaba,Food
Paid for diagnostic center Dental appointment,Health
Had Groceries from Pizza Hut,Food
Refueled with Sajha Yatayat Fuel station,Transport
University fee - Udemy,Education
Laptop bag - boutique,Shopping
Bought Board game family plan,Entertainment
Bus ticket for January,Transport
Ordered Fruits,Food
Subscribed to Amazon Prime Amusement park ticket,Entertainment
Purchased new boutique Sunglasses,Shopping
Recharged Bike repair airport transfer,Transport
Ordered Amazon Backpack,Shopping
Registered for local college College fee,Education
Booked Bike fuel to college,Transport
Shopping for Phone case for college,Shopping
Dal bhat - Wow Momo,Food
Got a new Makeup kit,Shopping
Bag - boutique,Shopping
Booked Auto rickshaw fare from Uber,Transport
Paid for Monthly rent from landlord,Bills
Paid Online course from university,Education
Purchased Stationery from library,Education
Bike fuel to hospital,Transport
Lab test - hospital,Health
Purchased Vegetables from Bajeko Sekuwa,Food
Breakfast at dhaba Fruits,Food
Ramen - Wow Momo,Food
Registered for Seminar fee from local college,Education
Bought Noodles for the party,Food
Lunch at Subway Burger,Food
Coaching class fee for February,Education
Paid for Internet bill this month,Bills
Paid for NEA Apartment rent,Bills
Snacks - Starbucks,Food
Dinner at food court Sushi,Food
Refueled with Scooter rental downtown,Transport
Furniture piece seasonal sale,Shopping
Took out dhaba Fried chicken,Food
Booked Bike fuel for a trip,Transport
Paid for Lab test checkup,Health
Took out Burger King Juice,Food
Paid for Movie ticket monthly plan,Entertainment
Snack at Taco during break,Food
Pasta - restaurant,Food
Kebab - local bakery,Food
Lunch at Domino's Sushi,Food
Vitamin supplements for December,Health
Phone case for office,Shopping
Enrolled in bookstore School books,Education
Purchased Amusement park ticket monthly plan,Entertainment
Booked Cinema ticket with friends,Entertainment
Bought Physiotherapy session checkup,Health
Music album from YouTube,Entertainment
Grilled fish for May,Food
Got a new Perfume,Shopping
Shopping for Daraz Power bank,Shopping
Recharged Toll fee from petrol pump,Transport
Renewed Board game from Steam,Entertainment
Paid for Doctor appointment routine visit,Health
Took out Rice bag,Food
Video game purchase for October,Entertainment
Bought College fee from Coursera,Education
Shopping for Charger for office,Shopping
Used Uber ride airport transfer,Transport
Registered for library Study materials,Education
Paid for Daraz Umbrella,Shopping
Subscribed to YouTube Premium monthly plan,Entertainment
Bike rental for February,Transport
Booked Netflix Streaming service,Entertainment
Spotify subscription - Amazon Prime,Entertainment
Ordered Bedsheet from shopping center,Shopping
Registered for Coursera Programming course,Education
Bought Fruits from Foodmandu,Food
Purchased new Curtains for office,Shopping
Settled insurance company House rent,Bills
Visited for Dental appointment follow-up visit,Health
Breakfast at Donuts from Foodmandu,Food
Blood test - pharmacy,Health
Ice cream - cafe,Food
Had Pasta from Subway,Food
Settled local ISP Electricity bill,Bills
Ordered Furniture piece online order,Shopping
online store Socks,Shopping
Movie ticket for September,Entertainment
Garbage collection fee for December,Bills
Renewed Concert ticket from PlayStation,Entertainment
Settled insurance company Gas cylinder,Bills
Lunch at Foodmandu Waffles,Food
Paid Exam fee this semester,Education
Grabbed Vegetables from hotel restaurant,Food
Snack at Pastry from Wow Momo,Food
Purchased Pathao Bike fuel,Transport
Health checkup - local clinic,Health
Took a Tire replacement downtown,Transport
Booked Bike rental to college,Transport
Bought Sushi from KFC,Food
Paid for Flight ticket airport transfer,Transport
Got a new Bedsheet online order,Shopping
Visited for local clinic Blood test,Health
Paid Lab fee for the workshop,Education
Paid for Disney+ Cinema ticket,Entertainment
Pastry for September,Food
Paid for outlet store Cap,Shopping
Purchased Falafel at college,Food
Enrolled in College supplies from Coursera,Education
Purchased bookstore Lab fee,Education
Went for Painkillers from wellness center,Health
Lunch at Pizza Hut Pancakes,Food
Painkillers for December,Health
Monthly Maintenance fee from utility company,Bills
Arcade tokens from Spotify,Entertainment
Exam fee for September,Education
Doctor appointment for April,Health
Paid for local mall Headphones,Shopping
Booked local clinic Painkillers,Health
Cleared Gas cylinder from NEA,Bills
Grabbed Chowmein from Wow Momo,Food
Bought local college Library fine,Education
Paid Insurance premium from landlord,Bills
Paid for Water bill for the apartment,Bills
Paid for local clinic Painkillers,Health
Booked Tootle Auto rickshaw fare,Transport
Booked Toll fee to home,Transport
Purchased Spotify Board game,Entertainment
Ordered Momo takeaway,Food
Paid for Flight ticket to the mall,Transport
Enrolled in Programming course from Coursera,Education
Paid for YouTube Premium monthly plan,Entertainment
Bought Netflix subscription from local cinema,Entertainment
Bought Daraz Power bank,Shopping
Booked Karaoke night from Steam,Entertainment
Subscribed to Music album monthly plan,Entertainment
Refueled with InDrive Toll fee,Transport
Visited for wellness center Gym membership,Health
Rice bag for June,Food
Refueled with Uber Pathao ride,Transport
Cleared telecom provider Monthly rent,Bills
Took a Petrol from Sajha Yatayat,Transport
Bike wash - local garage,Transport
Cleared Mobile recharge from NEA,Bills
Monthly Water bill from bank,Bills
Purchased new Amazon Socks,Shopping
T-shirt for October,Shopping
Paid for Xbox Game Pass Video game purchase,Entertainment
Refueled with Helmet purchase to office,Transport
Paid for Spotify subscription monthly plan,Entertainment
Got a new local mall Kitchenware,Shopping
Booked Diesel to college,Transport
Karaoke night,Entertainment
Bought Udemy Textbooks,Education
Purchased Taxi fare to office,Transport
Fruits for August,Food
Bought Music album monthly plan,Entertainment
Monthly landlord Maintenance fee,Bills
Paid for Bike fuel from Pathao,Transport
Bought Belt for college,Shopping
Breakfast at Dumplings from Wow Momo,Food
Had Snacks on the way home,Food
Lunch at Bread,Food
Paid Water tank refill from bank,Bills
Settled landlord WiFi payment,Bills
Paid for Eye checkup,Health
Stand-up comedy show from PlayStation,Entertainment
Purchased Streaming service premium plan,Entertainment
Registered for Library fine from local college,Education
Recharged Pathao ride,Transport
YouTube Disney+ subscription,Entertainment
Settled Phone bill from bank,Bills
Purchased library Online course,Education
Train ticket for October,Transport
Shopping for Furniture piece seasonal sale,Shopping
Recharged Uber Auto rickshaw fare,Transport
Amazon Kitchenware,Shopping
Purchased new Headphones for office,Shopping
Settled Monthly rent from bank,Bills
Bought E-book purchase family plan,Entertainment
Got a new Amazon Power bank,Shopping
Bought Lab fee this semester,Education
shopping center Necklace,Shopping
Got a new Jeans from Daraz,Shopping
Bought Udemy Study materials,Education
Paid for Fuel station downtown,Transport
Lunch at Eggs for the party,Food
Bought Foodmandu Dosa,Food
Bought Salad from Starbucks,Food
Recharged Petrol for a trip,Transport
Recharged Parking fee from Sajha Yatayat,Transport
Metro card recharge for June,Transport
shopping center Sweater,Shopping
Tire replacement from local garage,Transport
Lunch at Smoothie delivery order,Food
Gaming subscription from local cinema,Entertainment
Purchased Xbox Game Pass YouTube Premium,Entertainment
Paid College tuition for the course,Education
Purchased Textbooks from Coursera,Education
Sunglasses - local mall,Shopping
Refueled with Bike wash from Pathao,Transport
Enrolled in University fee from Coursera,Education
Purchased Scooter rental for weekend trip,Transport
Lab test for July,Health
Charger - online store,Shopping
Ordered boutique T-shirt,Shopping
Jacket for November,Shopping
Steam purchase,Entertainment
Monthly local ISP Insurance premium,Bills
Lunch at Pizza from Wow Momo,Food
Arcade tokens from Netflix,Entertainment
Purchased Spotify Cinema ticket,Entertainment
Purchased new Charger for college,Shopping
Purchased Diesel from gas station,Transport
Bought Jeans seasonal sale,Shopping
Went for gym Health checkup,Health
Bought Power bank from outlet store,Shopping
Amazon Prime membership monthly plan,Entertainment
Booked Medicine from local clinic,Health
Snack at Bubble tea at college,Food
Ordered Sneakers for college,Shopping
Enrolled in Stationery,Education
Ordered Ice cream from local bakery,Food
local mall Shoes,Shopping
Bought Amusement park ticket from Steam,Entertainment
Paid for Earrings from boutique,Shopping
Bought School books from coaching center,Education
Paid bank Property tax,Bills
Taxi fare - InDrive,Transport
Refueled with Flight ticket from petrol pump,Transport
Visited for Physiotherapy session routine visit,Health
Paid for Rice bag with family,Food
Used Pathao Car rental,Transport
Purchased Movie ticket premium plan,Entertainment
Purchased E-book purchase,Entertainment
Biryani for June,Food
Dinner at Chowmein from hotel restaurant,Food
Cleared utility company Monthly rent,Bills
Movie ticket for January,Entertainment
Paid for Taxi fare from gas station,Transport
Paid Gas cylinder from local ISP,Bills
Sweater for January,Shopping
Paid for Diesel from petrol pump,Transport
Booked Vaccination from diagnostic center,Health
Got a new Jacket for birthday gift,Shopping
Paid university Lab fee,Education
Bought Makeup kit for birthday gift,Shopping
Paid for Disney+ Music album,Entertainment
Had Ramen,Food
Hot dog for September,Food
Blood test - diagnostic center,Health
Streaming service from YouTube,Entertainment
Used Diesel from Tootle,Transport
Cooking oil - hotel restaurant,Food
Had Foodmandu Eggs,Food
Purchased Project materials from Udemy,Education
Bought hospital Gym membership,Health
Bought online store Jeans,Shopping
Medicine for August,Health
Took out Ramen from Foodmandu,Food
Purchased Karaoke night from Steam,Entertainment
Bought Xbox Game Pass Steam purchase,Entertainment
Took out Fried chicken from Domino's,Food
Shopping for Cap from outlet store,Shopping
Cleared NEA Loan EMI,Bills
Cleared Phone bill,Bills
Booked pharmacy Medical bill,Health
Coffee - cafe,Food
Bought boutique Watch,Shopping
Smoothie for December,Food
Breakfast at Chicken curry,Food
Taxi fare for September,Transport
Vegetables - hotel restaurant,Food
Refueled with Bike rental,Transport
Cleared House rent this month,Bills
Snack at Cake,Food
Paid for Property tax quarterly payment,Bills
Auto rickshaw fare for January,Transport
Took out Donuts from Starbucks,Food
Booked Karaoke night from Xbox Game Pass,Entertainment
Visited for Vaccination follow-up visit,Health
Furniture piece for December,Shopping
Snacks for November,Food
Paid for Uber Tire replacement,Transport
Subscribed to Amazon Prime membership from Netflix,Entertainment
Used Uber ride from Uber,Transport
Paid for Tire replacement,Transport
Subscribed to Steam Bowling session,Entertainment
Bought YouTube Amazon Prime membership,Entertainment
Jeans from shopping center,Shopping
Paid for Spotify subscription from YouTube,Entertainment
Bought Phone case for birthday gift,Shopping
Shopping for Makeup kit from Amazon,Shopping
Snack at campus canteen Noodles,Food
Purchased new Sunglasses from shopping center,Shopping
Milk for June,Food
Settled Water bill from telecom provider,Bills
Purchased new Socks from Amazon,Shopping
Booked wellness center Vitamin supplements,Health
Subscribed to local cinema Netflix subscription,Entertainment
Dinner at food court Ramen,Food
local mall Wallet,Shopping
Purchased Exam fee from coaching center,Education
Paid for Dosa,Food
Paid for Ride share from petrol pump,Transport
Bought Coaching class fee for the workshop,Education
Enrolled in Project materials from library,Education
Ordered Fried rice for the party,Food
Renewed Xbox Game Pass Video game purchase,Entertainment
Bought Physiotherapy session follow-up visit,Health
Shirt for January,Shopping
Paid for Karaoke night weekend outing,Entertainment
University fee,Education
Disney+ YouTube Premium,Entertainment
Bought YouTube Movie ticket,Entertainment
Recharged Toll fee from Uber,Transport
Refueled with Sajha Yatayat Tire replacement,Transport
Paid for Blood test from wellness center,Health
Went for Doctor appointment from pharmacy,Health
Took a Bike rental from Sajha Yatayat,Transport
Bought local clinic Hospital bill,Health
Got a new Charger from Amazon,Shopping
Bought local mall Backpack,Shopping
Belt for October,Shopping
Lab fee for October,Education
Lunch at Taco with friends,Food
Paid for Cake with family,Food
Subscribed to Amazon Prime membership,Entertainment
Bought Vitamin supplements emergency visit,Health
Bought shopping center Perfume,Shopping
Took a Taxi fare for a trip,Transport
Karaoke night - YouTube,Entertainment
Snack at Ramen from food court,Food
Got a new Umbrella from boutique,Shopping
Toll fee for October,Transport
Subscribed to Streaming service from Spotify,Entertainment
Went for local clinic Dental appointment,Health
Falafel for April,Food
Went for Medical bill from gym,Health
Subscribed to YouTube Amusement park ticket,Entertainment
Subscribed to Disney+ Gaming subscription,Entertainment
Got a new Daraz Bedsheet,Shopping
Settled Garbage collection fee quarterly payment,Bills
Purchased Soup from KFC,Food
Grabbed Sandwich during break,Food
Took a Toll fee from Uber,Transport
Bought Sushi from Pizza Hut,Food
Bought Bag for birthday gift,Shopping
Booked Uber Auto rickshaw fare,Transport
Paid for Metro card recharge downtown,Transport
Settled Internet bill this month,Bills
Booked Karaoke night from YouTube,Entertainment
Paid for boutique T-shirt,Shopping
Had Domino's Smoothie,Food
Subscribed to Video game purchase from local cinema,Entertainment
Subscribed to Concert ticket,Entertainment
Registered for Seminar fee this semester,Education
Got a new boutique Earrings,Shopping
Purchased Flight ticket,Transport
Registered for bookstore Lab fee,Education
Took a Vehicle insurance from Pathao,Transport
Bought Bowling session monthly plan,Entertainment
Cleared utility company Water tank refill,Bills
Paid for Gas cylinder from NEA,Bills
Cleared landlord Maintenance fee,Bills
Used Uber Toll fee,Transport
Booked YouTube Premium from local cinema,Entertainment
Spotify subscription for February,Entertainment
Dinner at Fried chicken from Foodmandu,Food
Went for Gym membership emergency visit,Health
Textbooks,Education
Booked Music album from local cinema,Entertainment
Waffles - Domino's,Food
Refueled with petrol pump Parking fee,Transport
Cinema ticket premium plan,Entertainment
Paid for Sajha Yatayat Toll fee,Transport
Booked Blood test checkup,Health
Bought hospital Yoga class fee,Health
Vehicle insurance for March,Transport
Bought University fee for the course,Education
Vaccination - gym,Health
Enrolled in Exam fee from Coursera,Education
College tuition for April,Education
Took out Samosa from KFC,Food
Paid for Bike repair downtown,Transport
Took out Noodles from campus canteen,Food
Bought Thukpa delivery order,Food
Doctor appointment for September,Health
Rice bag for August,Food
Had Steak delivery order,Food
Ordered Pizza with family,Food
Took a Tootle Toll fee,Transport
Steam purchase family plan,Entertainment
Renewed Karaoke night from Amazon Prime,Entertainment
Paid for Diesel to home,Transport
Took out Wow Momo Tea,Food
Purchased new outlet store Shoes,Shopping
Paid for Garbage collection fee from bank,Bills
Steam purchase - PlayStation,Entertainment
Shopping for shopping center Shoes,Shopping
Paid for utility company Credit card payment,Bills
Purchased new Perfume from Amazon,Shopping
Garbage collection fee - utility company,Bills
Shopping for local mall Socks,Shopping
Took a Pathao Scooter rental,Transport
Bought Belt from shopping center,Shopping
Registered for Lab fee for the course,Education
Got a new Perfume seasonal sale,Shopping
Subscribed to Netflix subscription from Amazon Prime,Entertainment
Paid College supplies this semester,Education
Purchased Pancakes from campus canteen,Food
Bought pharmacy X-ray,Health
Shirt from boutique,Shopping
YouTube Streaming service,Entertainment
Bought Thesis printing from coaching center,Education
T-shirt for June,Shopping
Paid for WiFi payment from utility company,Bills
Bought wellness center Health insurance premium,Health
Paid telecom provider Home loan installment,Bills
Paid for Society fee this month,Bills
Purchased Vegetables from McDonald's,Food
Comic book from Netflix,Entertainment
Paid telecom provider Garbage collection fee,Bills
Cleared bank Apartment rent,Bills
Medical bill - local clinic,Health
University fee - library,Education
Internet bill for November,Bills
Tire replacement - Pathao,Transport
Registered for Lab fee from Coursera,Education
Breakfast at Falafel with friends,Food
Used Car rental from InDrive,Transport
Cleared Loan EMI quarterly payment,Bills
Stationery for February,Education
Subscribed to Theatre ticket annual plan,Entertainment
Grabbed Pizza from Foodmandu,Food
Lunch at Milk from street food stall,Food
Bought Fried chicken during break,Food
Booked Xbox Game Pass Stand-up comedy show,Entertainment
Paid for Apartment rent from local ISP,Bills
Fuel station from gas station,Transport
Shopping for Sneakers from Amazon,Shopping
Paid Cable TV bill this month,Bills
Registered for Exam fee from Udemy,Education
Purchased College tuition from Udemy,Education
School books for December,Education
Booked Tootle Tire replacement,Transport
Paid for Karaoke night from Spotify,Entertainment
Recharged Ride share from gas station,Transport
Paid for Daraz Sweater,Shopping
Refueled with Flight ticket for a trip,Transport
Took a Scooter rental to home,Transport
Renewed Video game purchase from Amazon Prime,Entertainment
Lunch at Ice cream at office,Food
Took out Burger,Food
Paid for pharmacy Vitamin supplements,Health
Got a new Belt from local mall,Shopping
Bought Comic book weekend outing,Entertainment
Had Pizza from cafe,Food
Concert ticket,Entertainment
Home loan installment - telecom provider,Bills
Comic book - Steam,Entertainment
Used Pathao Bike fuel,Transport
Online course - Udemy,Education
Bought PlayStation Plus,Entertainment
Dinner at Dosa from cafe,Food
Settled Monthly rent annual payment,Bills
Bought E-book purchase with friends,Entertainment
Got a new Bag from online store,Shopping
Lab fee for March,Education
Booked E-book purchase from Spotify,Entertainment
Amusement park ticket weekend outing,Entertainment
Bought diagnostic center Health checkup,Health
online store Makeup kit,Shopping
Paid for Metro card recharge from Uber,Transport
Purchased new Earrings from boutique,Shopping
Registered for bookstore Project materials,Education
Monthly local ISP Water bill,Bills
Purchased Theatre ticket from Amazon Prime,Entertainment
Bought Karaoke night from Amazon Prime,Entertainment
Paid for Tea at college,Food
Milk - Bajeko Sekuwa,Food
Shopping for Umbrella from outlet store,Shopping
outlet store Cap,Shopping
Recharged Pathao ride from Uber,Transport
Breakfast at Steak from food court,Food
Went for Eye checkup from gym,Health
Purchased campus canteen French fries,Food
Enrolled in Stationery from bookstore,Education
Monthly NEA Gas cylinder,Bills
Car service - Sajha Yatayat,Transport
Booked Steam Amusement park ticket,Entertainment
Took a Pathao Pathao ride,Transport
Purchased Workshop registration from bookstore,Education
InDrive Diesel,Transport
Electronics gadget - online store,Shopping
Grabbed Coffee for the party,Food
Paid for Board game premium plan,Entertainment
Subscribed to Steam YouTube Premium,Entertainment
Paid Seminar fee for the workshop,Education
Paid for Furniture piece online order,Shopping
Took a Train ticket from Tootle,Transport
Paid for Loan EMI annual payment,Bills
Cleared utility company Home loan installment,Bills
Toll fee - local garage,Transport
Booked gym Painkillers,Health
Coffee - hotel restaurant,Food
Visited for Medicine checkup,Health
Cleared Maintenance fee this month,Bills
Recharged Taxi fare to office,Transport
Snack at Snacks from dhaba,Food
Paid for PlayStation E-book purchase,Entertainment
Booked PlayStation Steam purchase,Entertainment
Went for diagnostic center Gym membership,Health
Booked YouTube Movie ticket,Entertainment
Paid for Blood test from gym,Health
Shopping for local mall Sweater,Shopping
Had Rice bag,Food
Had dhaba Ice cream,Food
Bought Bowling session from Steam,Entertainment
Paid for Fuel station from Pathao,Transport
Sajha Yatayat Helmet purchase,Transport
Visited for gym Blood test,Health
Purchased Amusement park ticket from Steam,Entertainment
Scooter rental - Uber,Transport
Paid for pharmacy Blood test,Health
Car service for weekend trip,Transport
Paid for local cinema Board game,Entertainment
Used Tootle Diesel,Transport
Water bill for September,Bills
Booked Spotify Karaoke night,Entertainment
Phone case - Amazon,Shopping
Enrolled in Coursera Exam fee,Education
Recharged Diesel from Pathao,Transport
Car rental from InDrive,Transport
Ordered Daraz Electronics gadget,Shopping
Noodles - cafe,Food
Shopping for Sneakers from local mall,Shopping
Paid for local mall Charger,Shopping
Used petrol pump Pathao ride,Transport
Purchased Stationery from Coursera,Education
Refueled with Diesel for a trip,Transport
Paid for Dental appointment emergency visit,Health
Paid for Electricity bill quarterly payment,Bills
Disney+ subscription monthly plan,Entertainment
Enrolled in Workshop registration from university,Education
Renewed Video game purchase monthly plan,Entertainment
Purchased Toll fee from Pathao,Transport
Rice bag - Subway,Food
Bought Power bank for birthday gift,Shopping
Booked InDrive Bike rental,Transport
Booked Netflix Disney+ subscription,Entertainment
Paid for Sajha Yatayat Flight ticket,Transport
Bought Power bank from Amazon,Shopping
Had Cake at college,Food
Went for wellness center X-ray,Health
Comic book for March,Entertainment
Juice - Domino's,Food
Paid for hospital Vitamin supplements,Health
Booked Steam purchase,Entertainment
Lunch at Burger King Bread,Food
Ordered Daraz Makeup kit,Shopping
Renewed Xbox Game Pass Streaming service,Entertainment
Visited for Health insurance premium from hospital,Health
Subscribed to Spotify Streaming service,Entertainment
Amazon Prime membership - Disney+,Entertainment
Lunch at French fries with family,Food
Xbox Game Pass Amusement park ticket,Entertainment
Lunch at French fries for the party,Food
Bought Coffee,Food
Paid for Xbox Game Pass Gaming subscription,Entertainment
Purchased Petrol from local garage,Transport
Refueled with Metro card recharge from Sajha Yatayat,Transport
Booked Pathao ride from Uber,Transport
Cleared Society fee from bank,Bills
Phone case from outlet store,Shopping
Went for Eye checkup from diagnostic center,Health
Used Parking fee to the mall,Transport
Bought gym Lab test,Health
Paid for Steak from Pizza Hut,Food
Snack at Groceries from Burger King,Food
Had Noodles from Foodmandu,Food
Visited for Pharmacy purchase from diagnostic center,Health
Paid for PlayStation Karaoke night,Entertainment
Bought Steam PlayStation Plus,Entertainment
Paid library School books,Education
Bought Vaccination routine visit,Health
Got a new Phone case for office,Shopping
Booked gas station Bike fuel,Transport
Purchased Tea from campus canteen,Food
Got a new Bag from boutique,Shopping
Settled Property tax from local ISP,Bills
Paid for X-ray monthly,Health
Enrolled in Certification exam for the course,Education
Curtains for birthday gift,Shopping
Paid for petrol pump Toll fee,Transport
House rent for January,Bills
Momo - cafe,Food
Cleared Credit card payment from telecom provider,Bills
Purchased Video game purchase from Netflix,Entertainment
Subscribed to Xbox Game Pass Streaming service,Entertainment
Blood test - hospital,Health
Renewed Steam Streaming service,Entertainment
Ordered Snacks at college,Food
Visited for Dental treatment monthly,Health
Ordered boutique Electronics gadget,Shopping
Purchased Stationery,Education
Paid for Movie ticket premium plan,Entertainment
E-book purchase monthly plan,Entertainment
Bought KFC Eggs,Food
Netflix subscription - Xbox Game Pass,Entertainment
Booked Auto rickshaw fare,Transport
Monthly rent - utility company,Bills
Disney+ subscription - PlayStation,Entertainment
Took a Train ticket from Uber,Transport
Dinner at Dosa from KFC,Food
Booked diagnostic center Medicine,Health
Took out Coffee,Food
Monthly House rent this month,Bills
Monthly NEA WiFi payment,Bills
Ordered Earrings,Shopping
Uber Tire replacement,Transport
Grabbed food court Sandwich,Food
Software license for study for November,Education
Subscribed to Disney+ subscription annual plan,Entertainment
Took out Chicken curry at office,Food
Purchased new Power bank for birthday gift,Shopping
Bought Video game purchase monthly plan,Entertainment
Paid Electricity bill from insurance company,Bills
Ordered outlet store T-shirt,Shopping
Paid for Garbage collection fee this month,Bills
Purchased Fried rice delivery order,Food
Purchased new Necklace online order,Shopping
Got a new boutique Belt,Shopping
Uber Train ticket,Transport
Cable TV bill for February,Bills
Paid for outlet store Watch,Shopping
Paid for Physiotherapy session routine visit,Health
College tuition for October,Education
College fee - local college,Education
Settled Insurance premium for the apartment,Bills
Donuts - Subway,Food
Paid for Blood test checkup,Health
Subscribed to Spotify subscription from PlayStation,Entertainment
Theatre ticket - Disney+,Entertainment
Dental appointment for December,Health
Booked Toll fee from InDrive,Transport
Purchased Arcade tokens weekend outing,Entertainment
Grabbed Dumplings for the party,Food
Purchased Fruits,Food
Bought shopping center Cap,Shopping
Paid for Board game monthly plan,Entertainment
Visited for Surgery cost,Health
Booked Spotify Arcade tokens,Entertainment
Sandwich for August,Food
Water bill for December,Bills
Enrolled in Thesis printing from Coursera,Education
Health checkup for October,Health
Got a new Umbrella from Amazon,Shopping
Refueled with Petrol from petrol pump,Transport
Groceries - local bakery,Food
Booked YouTube Premium from Netflix,Entertainment
Shirt for October,Shopping
Dinner at Pizza Hut Pasta,Food
Cleared Internet bill for the apartment,Bills
Textbooks for March,Education
Spotify subscription for November,Entertainment
Steam Arcade tokens,Entertainment
Booked Board game from Steam,Entertainment
Paid for Surgery cost from pharmacy,Health
Paid for local garage Bike repair,Transport
Paid Phone bill,Bills
Kitchenware from Daraz,Shopping
Amazon Prime membership with friends,Entertainment
Paid for Stand-up comedy show from Steam,Entertainment
Bought College supplies for the workshop,Education
Paid WiFi payment from telecom provider,Bills
Dinner at Samosa for the party,Food
Paid for Steam Streaming service,Entertainment
Booked pharmacy Gym membership,Health
Bought Bag for office,Shopping
Purchased new T-shirt from boutique,Shopping
Recharged Tire replacement for a trip,Transport
Booked Scooter rental from petrol pump,Transport
Visited for local clinic Vitamin supplements,Health
boutique Sweater,Shopping
Paid for Physiotherapy session from pharmacy,Health
Cleared local ISP Water bill,Bills
Purchased Steam purchase from Amazon Prime,Entertainment
Dal bhat - Domino's,Food
Gaming subscription from YouTube,Entertainment
Settled NEA Loan EMI,Bills
Paid for Eye checkup from diagnostic center,Health
PlayStation Plus premium plan,Entertainment
Enrolled in library College fee,Education
Cleared Water bill quarterly payment,Bills
Taxi fare downtown,Transport
Apartment rent for May,Bills
Ordered Noodles,Food
Paid Library fine from Udemy,Education
Got a new online store Necklace,Shopping
Subscribed to YouTube Arcade tokens,Entertainment
PlayStation Plus - YouTube,Entertainment
Purchased Udemy Textbooks,Education
Refueled with Parking fee,Transport
Lunch at Starbucks Samosa,Food
Bought Steam purchase from YouTube,Entertainment
Visited for Dental appointment from wellness center,Health
Got a new Umbrella from outlet store,Shopping
Booked Flight ticket for a trip,Transport
Ordered Vegetables from Bajeko Sekuwa,Food
Settled bank Gas cylinder,Bills
Settled WiFi payment from local ISP,Bills
Bought Online course from bookstore,Education
Bought YouTube Premium from YouTube,Entertainment
Bought PlayStation YouTube Premium,Entertainment
Subscribed to PlayStation Arcade tokens,Entertainment
Ordered Momo,Food
Bought Watch seasonal sale,Shopping
Amazon Prime Music album,Entertainment
Paid for Belt for college,Shopping
Medicine for March,Health
Paid for Arcade tokens monthly plan,Entertainment
Purchased local cinema Amusement park ticket,Entertainment
Surgery cost for September,Health
Bought Sneakers from Amazon,Shopping
Had Smoothie from Starbucks,Food
Ordered Furniture piece from boutique,Shopping
Refueled with Bike fuel for weekend trip,Transport
Purchased Pathao Train ticket,Transport
Booked local garage Parking fee,Transport
Purchased coaching center Programming course,Education
Breakfast at Pizza from street food stall,Food
Refueled with Pathao Cab fare,Transport
Visited for gym Vitamin supplements,Health
Paid for Maintenance fee annual payment,Bills
Paid Phone bill from local ISP,Bills
Took a local garage Taxi fare,Transport
Purchased new local mall Bag,Shopping
Snack at street food stall Smoothie,Food
Settled House rent from utility company,Bills
Paid for Necklace for birthday gift,Shopping
Bike rental to hospital,Transport
Paid College tuition from university,Education
Samosa - dhaba,Food
Shopping for Wallet from outlet store,Shopping
Loan EMI for June,Bills
Paid for Laptop bag from outlet store,Shopping
Shopping for Shoes for office,Shopping
Took a petrol pump Uber ride,Transport
Booked Netflix Spotify subscription,Entertainment
Paid for Amazon Prime membership from Netflix,Entertainment
Paid for Backpack for college,Shopping
Purchased Metro card recharge to hospital,Transport
Burger for January,Food
Subscribed to Streaming service with friends,Entertainment
Renewed Netflix Music album,Entertainment
Subscribed to E-book purchase weekend outing,Entertainment
Paid for Medical bill from gym,Health
Software license for study - coaching center,Education
Refueled with petrol pump Pathao ride,Transport
Visited for local clinic Dental treatment,Health
Paid for Helmet purchase for weekend trip,Transport
Paid for landlord Gas cylinder,Bills
Booked Disney+ Concert ticket,Entertainment
Bought diagnostic center Vitamin supplements,Health
Cake for September,Food
Paid Stationery from local college,Education
Paid Textbooks from Udemy,Education
Booked Stand-up comedy show from Spotify,Entertainment
Paid for Power bank for birthday gift,Shopping
Renewed Netflix Concert ticket,Entertainment
Recharged Vehicle insurance from Uber,Transport
Settled Monthly rent for the house,Bills
Backpack from outlet store,Shopping
Purchased Milk on the way home,Food
Bought Vegetables with friends,Food
Took a Metro card recharge downtown,Transport
Bought Cap from Daraz,Shopping
Jeans for November,Shopping
Ordered Ice cream,Food
Thukpa for April,Food
Used Parking fee from Sajha Yatayat,Transport
Bought Jeans for office,Shopping
Shopping for Daraz Phone case,Shopping
Breakfast at Donuts delivery order,Food
Paid for Foodmandu Pizza,Food
Took a Bike wash from local garage,Transport
Purchased library Seminar fee,Education
Purchased Bike wash to college,Transport
Renewed Cinema ticket from Steam,Entertainment
Subscribed to Comic book,Entertainment
Library fine for June,Education
Breakfast at hotel restaurant Sandwich,Food
Paid Society fee from bank,Bills
Purchased new local mall Watch,Shopping
Purchased Netflix Disney+ subscription,Entertainment
Visited for Vitamin supplements emergency visit,Health
Had Sushi with family,Food
Had Donuts,Food
Purchased Taco from Wow Momo,Food
Paid for Socks,Shopping
Visited for X-ray from diagnostic center,Health
X-ray for September,Health
Dinner at local bakery Dumplings,Food
Booked Metro card recharge to college,Transport
Grabbed Falafel from Pizza Hut,Food
Bedsheet - shopping center,Shopping
Booked diagnostic center Pharmacy purchase,Health
Bought Stationery from bookstore,Education
Got a new shopping center Perfume,Shopping
Paid for Helmet purchase to the mall,Transport
Cleared Phone bill for the house,Bills
Steak - local bakery,Food
Settled Water bill quarterly payment,Bills
Pizza - cafe,Food
Used gas station Auto rickshaw fare,Transport
Renewed Disney+ Bowling session,Entertainment
Purchased new Headphones from boutique,Shopping
Subscribed to Video game purchase from Steam,Entertainment
Lab fee - coaching center,Education
Booked Netflix Arcade tokens,Entertainment
Bought McDonald's Chowmein,Food
Paid landlord Water bill,Bills
Karaoke night for December,Entertainment
Paid insurance company Electricity bill,Bills
Breakfast at food court Rice bag,Food
Cleared Credit card payment from bank,Bills
Registered for Certification exam from coaching center,Education
Paid for Tire replacement to hospital,Transport
Recharged Fuel station,Transport
Bike rental for January,Transport
Bought Blood test from local clinic,Health
Concert ticket from Amazon Prime,Entertainment
Settled telecom provider Water bill,Bills
Purchased new local mall Bedsheet,Shopping
Paid for Auto rickshaw fare to college,Transport
Booked wellness center Eye checkup,Health
Purchased Exam fee from bookstore,Education
Earrings for birthday gift,Shopping
Bought Medical bill from local clinic,Health
Grabbed Bread from Bajeko Sekuwa,Food
Snack at Dumplings from Burger King,Food
Health checkup - wellness center,Health
Subscribed to Board game from Spotify,Entertainment
Paid for KFC Dal bhat,Food
Cleared Society fee for the house,Bills
Paid for Amazon Prime membership from local cinema,Entertainment
Ordered Salad from McDonald's,Food
Settled bank Water bill,Bills
Took out cafe Dal bhat,Food
Visited for Health insurance premium monthly,Health
Amazon Prime membership,Entertainment
Ordered Shirt for office,Shopping
Ordered Subway Milk,Food
Went for wellness center Medical bill,Health
Paid for E-book purchase monthly plan,Entertainment
Phone bill for October,Bills
Paid College supplies from bookstore,Education
Took out Groceries,Food
Had food court Grilled fish,Food
Booked Bike repair from Pathao,Transport
Paid for Arcade tokens premium plan,Entertainment
Renewed Steam Concert ticket,Entertainment
Took a Bike rental from Tootle,Transport
Booked Bike repair,Transport
Enrolled in university Software license for study,Education
Karaoke night for May,Entertainment
Paid for Credit card payment annual payment,Bills
Dinner at Bubble tea from McDonald's,Food
Went for gym Yoga class fee,Health
Monthly Gas cylinder from local ISP,Bills
Purchased Programming course annual fee,Education
Bought Medical bill monthly,Health
Bought Snacks delivery order,Food
Paid bookstore College fee,Education
Yoga class fee - diagnostic center,Health
Paid Coursera Lab fee,Education
Bike fuel for April,Transport
Paid for Concert ticket from Xbox Game Pass,Entertainment
Paid for Vehicle insurance from Uber,Transport
Exam fee - Udemy,Education
Bought shopping center Sunglasses,Shopping
Bought Curtains for college,Shopping
Registered for Coursera College supplies,Education
Bought Exam fee from Udemy,Education
Grabbed Bread from local bakery,Food
Got a new Earrings from boutique,Shopping
Bought Theatre ticket with friends,Entertainment
YouTube Premium for October,Entertainment
Refueled with petrol pump Taxi fare,Transport
Used Taxi fare airport transfer,Transport
Milkshake for August,Food
Paid for pharmacy Lab test,Health
Renewed YouTube Disney+ subscription,Entertainment
Paid for hotel restaurant Waffles,Food
Booked Netflix subscription premium plan,Entertainment
Breakfast at Fruits from Burger King,Food
Settled bank Insurance premium,Bills
Grabbed Starbucks Pastry,Food
Breakfast at Falafel at college,Food
online store Cap,Shopping
Ordered Steak from Burger King,Food
Eye checkup for August,Health
Purchased Grilled fish from campus canteen,Food
Recharged Flight ticket to home,Transport
College tuition for November,Education
Purchased Cooking oil at college,Food
Paid for local clinic Hospital bill,Health
Settled Electricity bill from telecom provider,Bills
E-book purchase annual plan,Entertainment
Got a new Headphones online order,Shopping
Gas cylinder for September,Bills
Took a Sajha Yatayat Bus ticket,Transport
Renewed Spotify YouTube Premium,Entertainment
Furniture piece for April,Shopping
Booked Spotify Theatre ticket,Entertainment
Got a new Necklace from Daraz,Shopping
Lunch at Wow Momo Burger,Food
Paid for Credit card payment from telecom provider,Bills
Paid for Theatre ticket from Amazon Prime,Entertainment
Purchased new shopping center Jacket,Shopping
Booked hospital Vitamin supplements,Health
Credit card payment for November,Bills
Board game for August,Entertainment
Purchased University fee from Udemy,Education
Theatre ticket from Amazon Prime,Entertainment
Breakfast at Fruits,Food
Grabbed Subway Dal bhat,Food
Hospital bill for May,Health
Went for Dental appointment from wellness center,Health
Purchased local cinema Movie ticket,Entertainment
Shopping for Makeup kit seasonal sale,Shopping
Purchased YouTube Comic book,Entertainment
Purchased Spotify subscription annual plan,Entertainment
Sajha Yatayat Scooter rental,Transport
Snack at Pancakes from KFC,Food
Grabbed Starbucks Thukpa,Food
Got a new shopping center Shirt,Shopping
Purchased Subway Samosa,Food
Renewed Bowling session from Spotify,Entertainment
Booked Bike rental for a trip,Transport
Paid for Tootle Scooter rental,Transport
Bought Stand-up comedy show premium plan,Entertainment
Online course for March,Education
Bought dhaba Thukpa,Food
Dosa for June,Food
Paid for Vehicle insurance from local garage,Transport
Enrolled in Thesis printing for the course,Education
Paid for Sweater from boutique,Shopping
Renewed Disney+ Amazon Prime membership,Entertainment
Settled Society fee this month,Bills
Cleared Water bill for the apartment,Bills
Paid local ISP Apartment rent,Bills
Paid for online store Sneakers,Shopping
Visited for Pharmacy purchase routine visit,Health
Paid telecom provider Credit card payment,Bills
Bike wash from petrol pump,Transport
Project materials for December,Education
Bought Udemy Certification exam,Education
Booked YouTube Stand-up comedy show,Entertainment
Shopping for boutique Sweater,Shopping
Paid for Music album from local cinema,Entertainment
Medical bill for September,Health
Paid for Daraz Makeup kit,Shopping
Dinner at Smoothie from McDonald's,Food
Bought Project materials from university,Education
Sweater for April,Shopping
Car service from InDrive,Transport
Bowling session from Amazon Prime,Entertainment
Got a new Wallet for office,Shopping
Purchased Fried chicken during break,Food
Monthly local ISP Loan EMI,Bills
Snack at Steak from Wow Momo,Food
Purchased Workshop registration annual fee,Education
Renewed Spotify Arcade tokens,Entertainment
Purchased Helmet purchase to the mall,Transport
Headphones from Daraz,Shopping
Certification exam for February,Education
Health insurance premium,Health
Bought Eggs takeaway,Food
Booked gym Health insurance premium,Health
Sandwich - campus canteen,Food
Booked Hospital bill emergency visit,Health
Visited for pharmacy Medical bill,Health
Snack at French fries from Wow Momo,Food
Recharged Parking fee from petrol pump,Transport
Paid Garbage collection fee from insurance company,Bills
Shoes for office,Shopping
Study materials for December,Education
Paid telecom provider Cable TV bill,Bills
Donuts - McDonald's,Food
Purchased Software license for study this semester,Education
Umbrella for August,Shopping
Music album - Spotify,Entertainment
Cleared insurance company Water tank refill,Bills
Paid for Xbox Game Pass Music album,Entertainment
Bought Karaoke night from YouTube,Entertainment
Paid Coaching class fee annual fee,Education
Library fine - university,Education
Momo - dhaba,Food
Purchased Study materials,Education
Paid library Thesis printing,Education
Bought Vitamin supplements from local clinic,Health
Took a Diesel from Uber,Transport
Pathao Fuel station,Transport
Settled Society fee annual payment,Bills
Dinner at Pizza Hut Milkshake,Food
Paid for Auto rickshaw fare to home,Transport
Recharged Pathao ride from gas station,Transport
Used Uber ride from Pathao,Transport
Dumplings for May,Food
Went for Yoga class fee from diagnostic center,Health
Apartment rent for July,Bills
Took out Chicken curry from hotel restaurant,Food
Registered for Coursera Study materials,Education
Shopping for T-shirt for college,Shopping
Paid Garbage collection fee annual payment,Bills
Monthly rent - insurance company,Bills
Purchased Ride share from Uber,Transport
Purchased College tuition this semester,Education
Purchased Dumplings,Food
Paid for Kitchenware from local mall,Shopping
Paid Coaching class fee from Coursera,Education
Juice for March,Food
Had Domino's Hot dog,Food
Settled landlord Electricity bill,Bills
Helmet purchase,Transport
Cleared Property tax from bank,Bills
Paid for restaurant Chowmein,Food
Paid Water bill for the apartment,Bills
Purchased KFC Salad,Food
Renewed Netflix Gaming subscription,Entertainment
Recharged Fuel station from Uber,Transport
Booked Streaming service from Xbox Game Pass,Entertainment
Used Bus ticket for weekend trip,Transport
Car service from Sajha Yatayat,Transport
Bought Health checkup from diagnostic center,Health
Paid Coursera Programming course,Education
Cap from Daraz,Shopping
Renewed Arcade tokens from Disney+,Entertainment
Ordered Pancakes delivery order,Food
Bought Lab test follow-up visit,Health
Purchased Movie ticket,Entertainment
Sweater - boutique,Shopping
Netflix subscription with friends,Entertainment
Paid for Bike fuel from gas station,Transport
Paid for Power bank from Amazon,Shopping
Purchased new Earrings,Shopping
Visited for Yoga class fee follow-up visit,Health
Makeup kit for May,Shopping
Monthly Loan EMI quarterly payment,Bills
Paid for YouTube Premium from Spotify,Entertainment
Booked hospital Doctor appointment,Health
Paid Credit card payment quarterly payment,Bills
Ordered street food stall Groceries,Food
Paid bookstore Coaching class fee,Education
Chowmein for May,Food
Electronics gadget from Amazon,Shopping
PlayStation Comic book,Entertainment
Health checkup for November,Health
Bought Starbucks Cake,Food
Bus ticket from InDrive,Transport
Bought Lab fee for the workshop,Education
School books - university,Education
Used Tire replacement,Transport
Monthly Home loan installment from bank,Bills
Booked Video game purchase with friends,Entertainment
Got a new Headphones for college,Shopping
Lunch at Snacks from McDonald's,Food
Booked Sajha Yatayat Vehicle insurance,Transport
Bought Programming course for the course,Education
Breakfast at Starbucks Pancakes,Food
Bought Physiotherapy session from hospital,Health
Recharged gas station Bike fuel,Transport
Pizza - Foodmandu,Food
Renewed Spotify E-book purchase,Entertainment
Gym membership for February,Health
Ordered boutique Power bank,Shopping
Paid for Jacket from boutique,Shopping
Charger from outlet store,Shopping
Booked Theatre ticket from YouTube,Entertainment
Paid for Bus ticket from Uber,Transport
PlayStation Arcade tokens,Entertainment
Used Parking fee,Transport
Bought Vaccination from hospital,Health
Paid for Apartment rent from NEA,Bills
Spotify Steam purchase,Entertainment
Cleared WiFi payment from insurance company,Bills
Bought Stationery annual fee,Education
Home loan installment - bank,Bills
Home loan installment for May,Bills
Shopping for Curtains from outlet store,Shopping
Xbox Game Pass YouTube Premium,Entertainment
Bought Watch online order,Shopping
Home loan installment - insurance company,Bills
Renewed PlayStation Plus family plan,Entertainment
Karaoke night from Disney+,Entertainment
Spotify Karaoke night,Entertainment
Used Car service,Transport
Paid for Perfume for birthday gift,Shopping
Went for Health insurance premium from wellness center,Health
Renewed Steam purchase from Xbox Game Pass,Entertainment
PlayStation Gaming subscription,Entertainment
Ordered outlet store Watch,Shopping
Went for Pharmacy purchase monthly,Health
Cleared Monthly rent annual payment,Bills
Refueled with Flight ticket to the mall,Transport
Registered for Certification exam from bookstore,Education
Paid for Bike repair from local garage,Transport
Settled Cable TV bill,Bills
Ordered Backpack for college,Shopping
Bought Wallet from online store,Shopping
Cleared Maintenance fee quarterly payment,Bills
Medicine for October,Health
Booked Taxi fare for a trip,Transport
Paid for landlord Insurance premium,Bills
Got a new Daraz Sweater,Shopping
Dinner at Cooking oil from Foodmandu,Food
Paid Loan EMI this month,Bills
Paid for Phone case for college,Shopping
Subscribed to YouTube Premium annual plan,Entertainment
Bought Earrings from Amazon,Shopping
Renewed Disney+ subscription from YouTube,Entertainment
Salad for March,Food
Lunch at Chowmein during break,Food
Purchased E-book purchase from YouTube,Entertainment
Settled House rent from landlord,Bills
Took out Dal bhat from campus canteen,Food
Refueled with Bike repair from gas station,Transport
Lunch at Fruits from Subway,Food
Paid for petrol pump Vehicle insurance,Transport
Subscribed to Concert ticket from local cinema,Entertainment
Stand-up comedy show - Steam,Entertainment
Snack at Cake from Domino's,Food
Bought Stationery from local college,Education
Purchased Parking fee from gas station,Transport
Bought local clinic Health checkup,Health
Bought Electronics gadget from online store,Shopping
Purchased local cinema Disney+ subscription,Entertainment
Booked Spotify Streaming service,Entertainment
E-book purchase for August,Entertainment
Went for Painkillers from diagnostic center,Health
Paid Lab fee this semester,Education
Purchased petrol pump Train ticket,Transport
Gaming subscription - Steam,Entertainment
Paid for Amazon Phone case,Shopping
Purchased Car rental from petrol pump,Transport
Paid for local clinic Blood test,Health
Recharged Train ticket,Transport
Paid for Cake from Wow Momo,Food
Lunch at Foodmandu Momo,Food
Painkillers - pharmacy,Health
Used Petrol from Sajha Yatayat,Transport
Booked Netflix subscription from Amazon Prime,Entertainment
Shopping for Sneakers from Daraz,Shopping
Dinner at Waffles from local bakery,Food
Booked gas station Fuel station,Transport
Paid Udemy College supplies,Education
Paid for Fuel station airport transfer,Transport
Had Vegetables from Pizza Hut,Food
Disney+ Disney+ subscription,Entertainment
Bought Amazon Prime membership with friends,Entertainment
Paid for Property tax from local ISP,Bills
Recharged local garage Vehicle insurance,Transport
Registered for Coaching class fee annual fee,Education
Necklace - Amazon,Shopping
Bought Amazon Necklace,Shopping
Snack at dhaba Thukpa,Food
Paid for Cab fare from gas station,Transport
Registered for Coursera Software license for study,Education
Purchased new online store Umbrella,Shopping
Paid for online store Necklace,Shopping
Got a new Jeans for college,Shopping
Got a new Amazon Makeup kit,Shopping
Took a Train ticket from Sajha Yatayat,Transport
Bought local college University fee,Education
Subscribed to Gaming subscription from PlayStation,Entertainment
X-ray - diagnostic center,Health
Recharged petrol pump Bus ticket,Transport
Bought Spotify subscription from Xbox Game Pass,Entertainment
E-book purchase for February,Entertainment
Amazon Shoes,Shopping
Bought bookstore College tuition,Education
Booked Parking fee to hospital,Transport
Ordered Shirt for birthday gift,Shopping
Purchased new online store Cap,Shopping
Renewed Theatre ticket from Spotify,Entertainment
Shopping for Cap from Daraz,Shopping
Purchased Foodmandu Waffles,Food
Booked Arcade tokens from Xbox Game Pass,Entertainment
Got a new Amazon Sweater,Shopping
Enrolled in Seminar fee from university,Education
Booked Arcade tokens with friends,Entertainment
Lunch at Thukpa from dhaba,Food
Got a new Bedsheet from Amazon,Shopping
Paid for Music album from PlayStation,Entertainment
Monthly Society fee from telecom provider,Bills
Dinner at Burger King Grilled fish,Food
Went for Pharmacy purchase from local clinic,Health
Used Uber ride from Sajha Yatayat,Transport
Paid for Kitchenware from Daraz,Shopping
Settled landlord Mobile recharge,Bills
Registered for College fee from library,Education
Socks for April,Shopping
InDrive Car rental,Transport
Dosa - cafe,Food
Bought Theatre ticket from Steam,Entertainment
Paid School books from local college,Education
Paid for landlord Internet bill,Bills
Bought YouTube Premium from Spotify,Entertainment
T-shirt for December,Shopping
Paid landlord Internet bill,Bills
Purchased Helmet purchase from Tootle,Transport
Purchased new Amazon Sweater,Shopping
Groceries for December,Food
Dumplings - Domino's,Food
Got a new Curtains from Amazon,Shopping
Enrolled in Stationery this semester,Education
Purchased new shopping center Laptop bag,Shopping
Refueled with petrol pump Tire replacement,Transport
Refueled with Pathao Taxi fare,Transport
Purchased Flight ticket from InDrive,Transport
Purchased Udemy Software license for study,Education
Uber ride - InDrive,Transport
Registered for School books from bookstore,Education
Subscribed to Disney+ Karaoke night,Entertainment
Went for local clinic Dental treatment,Health
Booked Amazon Prime Theatre ticket,Entertainment
Lunch at McDonald's Thukpa,Food
Paid for Snacks from McDonald's,Food
Stationery for May,Education
Went for local clinic Lab test,Health
Purchased Xbox Game Pass Bowling session,Entertainment
Purchased Steam E-book purchase,Entertainment
Bought Karaoke night family plan,Entertainment
Biryani - dhaba,Food
Settled Garbage collection fee for the house,Bills
E-book purchase from Amazon Prime,Entertainment
Bought Lab fee from university,Education
Medical bill - diagnostic center,Health
Paid local college School books,Education
Took out Sandwich after work,Food
Juice - KFC,Food
shopping center Headphones,Shopping
Visited for local clinic Painkillers,Health
Concert ticket for September,Entertainment
Used Uber Train ticket,Transport
Purchased PlayStation Board game,Entertainment
Paid WiFi payment from bank,Bills
Paid landlord Loan EMI,Bills
Had Hot dog from Starbucks,Food
Purchased Bike rental from petrol pump,Transport
Used Cab fare from Pathao,Transport
Board game from Disney+,Entertainment
Maintenance fee for November,Bills
Jacket for June,Shopping
Paid for Amazon Prime Spotify subscription,Entertainment
Dal bhat - food court,Food
Shoes for April,Shopping
Shopping for Shirt for office,Shopping
Ordered Laptop bag from boutique,Shopping
Project materials for May,Education
Cleared Cable TV bill from bank,Bills
Lab test for October,Health
Makeup kit seasonal sale,Shopping
Vegetables - McDonald's,Food
Subscribed to Video game purchase from Netflix,Entertainment
Ordered Rice bag with friends,Food
Petrol,Transport
Purchased Pathao ride for a trip,Transport
Dinner at Starbucks Pastry,Food
Got a new local mall Backpack,Shopping
Renewed Netflix subscription from local cinema,Entertainment
Had Snacks takeaway,Food
Paid local ISP Credit card payment,Bills
Paid for Surgery cost from hospital,Health
Bought library Programming course,Education
Took a Cab fare from gas station,Transport
Went for Lab test checkup,Health
Took a Tire replacement from Tootle,Transport
Subscribed to Xbox Game Pass Gaming subscription,Entertainment
Refueled with Sajha Yatayat Scooter rental,Transport
Juice - cafe,Food
Purchased Programming course from Udemy,Education
Paid for Concert ticket,Entertainment
University fee for January,Education
Paid Thesis printing from Udemy,Education
Refueled with Metro card recharge from petrol pump,Transport
Purchased Gaming subscription from Spotify,Entertainment
Breakfast at Pancakes with friends,Food
Refueled with Metro card recharge to the mall,Transport
Recharged Bus ticket from Uber,Transport
Sandwich for February,Food
Purchased Programming course this semester,Education
Enrolled in College fee annual fee,Education
Renewed Steam Theatre ticket,Entertainment
Amusement park ticket from Amazon Prime,Entertainment
Booked Pathao Bike repair,Transport
Purchased new Power bank from boutique,Shopping
Dinner at local bakery Ramen,Food
Bought T-shirt seasonal sale,Shopping
Grabbed Fruits from McDonald's,Food
Cab fare - Tootle,Transport
Society fee for December,Bills
Paid for Surgery cost emergency visit,Health
Registered for Lab fee from local college,Education
Pathao ride to home,Transport
Took out Snacks from restaurant,Food
Recharged Bike wash to college,Transport
Pancakes - dhaba,Food
Booked Bike fuel from local garage,Transport
University fee for October,Education
Purchased Gaming subscription from Steam,Entertainment
Exam fee for December,Education
Purchased Pathao ride for weekend trip,Transport
Registered for university Certification exam,Education
Bought Medical bill checkup,Health
Got a new Amazon Shirt,Shopping
Paid for Diesel for a trip,Transport
Enrolled in Seminar fee from local college,Education
Paid Home loan installment from utility company,Bills
Purchased new Furniture piece for office,Shopping
Visited for diagnostic center Surgery cost,Health
Breakfast at Sandwich,Food
Paid for Property tax from telecom provider,Bills
Society fee - telecom provider,Bills
Paid for InDrive Flight ticket,Transport
Purchased new Amazon T-shirt,Shopping
Purchased new Electronics gadget,Shopping
Took a Toll fee from Sajha Yatayat,Transport
Breakfast at Burger from restaurant,Food
Bought Comic book from Xbox Game Pass,Entertainment
Went for Dental treatment routine visit,Health
Concert ticket weekend outing,Entertainment
Karaoke night from Amazon Prime,Entertainment
Recharged Parking fee from Uber,Transport
Booked Hospital bill follow-up visit,Health
Enrolled in College fee from Udemy,Education
Paid Study materials annual fee,Education
Paid bank Society fee,Bills
Booked E-book purchase from YouTube,Entertainment
Booked PlayStation Spotify subscription,Entertainment
Shopping for boutique Jacket,Shopping
Paid for Scooter rental to home,Transport
Bought Shirt from local mall,Shopping
Purchased Momo from campus canteen,Food
Charger for January,Shopping
Purchased Bus ticket downtown,Transport
Paid for Gym membership from diagnostic center,Health
Recharged petrol pump Train ticket,Transport
Went for Vaccination from wellness center,Health
Paid for WiFi payment quarterly payment,Bills
Subscribed to Spotify Concert ticket,Entertainment
Purchased Exam fee for the course,Education
Settled Water bill from utility company,Bills
Used Tootle Ride share,Transport
Used Uber Vehicle insurance,Transport
Karaoke night for April,Entertainment
Recharged Car rental from Tootle,Transport
Settled Maintenance fee for the house,Bills
Bought Xbox Game Pass Bowling session,Entertainment
Purchased local college Study materials,Education
Subscribed to Netflix subscription premium plan,Entertainment
Booked Movie ticket annual plan,Entertainment
Breakfast at hotel restaurant Salad,Food
Took out Grilled fish,Food
Purchased new Cap from local mall,Shopping
Purchased Arcade tokens from Amazon Prime,Entertainment
Board game from Steam,Entertainment
Breakfast at Biryani,Food
Paid for Maintenance fee from NEA,Bills
Paid for online store Electronics gadget,Shopping
Monthly Monthly rent from NEA,Bills
Purchased Pathao Bike wash,Transport
Purchased new outlet store Watch,Shopping
Metro card recharge airport transfer,Transport
Property tax for September,Bills
Bought boutique Backpack,Shopping
Bought Spotify PlayStation Plus,Entertainment
Bought Daraz Watch,Shopping
Renewed PlayStation Plus premium plan,Entertainment
Visited for Dental treatment from wellness center,Health
Settled landlord Apartment rent,Bills
Paid for PlayStation Amazon Prime membership,Entertainment
Booked Uber Tire replacement,Transport
Paid for Amazon Prime Stand-up comedy show,Entertainment
Paid Mobile recharge from landlord,Bills
Cooking oil - Wow Momo,Food
Paid for Arcade tokens from Xbox Game Pass,Entertainment
Property tax for March,Bills
Registered for Stationery for the course,Education
Paid for E-book purchase weekend outing,Entertainment
Took out Ice cream during break,Food
Vaccination for September,Health
Enrolled in Textbooks from Coursera,Education
Paid for Gym membership checkup,Health
Got a new Kitchenware from outlet store,Shopping
Paid for Fried rice from street food stall,Food
Bought Falafel,Food
Monthly Monthly rent quarterly payment,Bills
Paid for Arcade tokens,Entertainment
Seminar fee,Education
Paid Mobile recharge from local ISP,Bills
Paid Phone bill for the house,Bills
Got a new Bag seasonal sale,Shopping
Monthly bank Garbage collection fee,Bills
Booked Vitamin supplements checkup,Health
Settled Gas cylinder from NEA,Bills
Gym membership - local clinic,Health
Registered for Udemy Stationery,Education
Bowling session for July,Entertainment
T-shirt for July,Shopping
Paid for Pharmacy purchase from wellness center,Health
Registered for College fee from local college,Education
Bubble tea - Bajeko Sekuwa,Food
Visited for pharmacy Doctor appointment,Health
Fried chicken - Foodmandu,Food
Purchased Car service for a trip,Transport
Purchased Pathao ride from gas station,Transport
Used Toll fee from Sajha Yatayat,Transport
Went for Yoga class fee monthly,Health
Fuel station to college,Transport
Paid utility company Cable TV bill,Bills
Grabbed Fruits for the party,Food
Paid for WiFi payment for the apartment,Bills
Theatre ticket for March,Entertainment
Paid for Kebab takeaway,Food
Took a Pathao ride from gas station,Transport
Ordered street food stall Biryani,Food
Bought Arcade tokens from local cinema,Entertainment
Purchased Toll fee from petrol pump,Transport
Settled Water tank refill for the apartment,Bills
Arcade tokens for May,Entertainment
Paid for Insurance premium for the apartment,Bills
Subscribed to YouTube Spotify subscription,Entertainment
Loan EMI - utility company,Bills
Purchased Netflix subscription,Entertainment
Used Pathao ride from petrol pump,Transport
Purchased Fried chicken,Food
Subscribed to Streaming service monthly plan,Entertainment
Paid for Vehicle insurance to office,Transport
Paid library College tuition,Education
Paid for Phone case,Shopping
Got a new Bedsheet for birthday gift,Shopping
Bought diagnostic center Blood test,Health
Refueled with Scooter rental from Pathao,Transport
Subscribed to Netflix subscription weekend outing,Entertainment
Bought Health insurance premium from diagnostic center,Health
Paid for Pathao ride from petrol pump,Transport
Settled Loan EMI annual payment,Bills
Booked YouTube Premium from Disney+,Entertainment
Settled Water tank refill,Bills
Booked E-book purchase from Netflix,Entertainment
Breakfast at Subway Juice,Food
Registered for Udemy Library fine,Education
Purchased YouTube Premium from local cinema,Entertainment
Booked E-book purchase premium plan,Entertainment
Pathao Car rental,Transport
Visited for diagnostic center Vitamin supplements,Health
Got a new Jacket from shopping center,Shopping
Booked Netflix Steam purchase,Entertainment
Purchased coaching center Certification exam,Education
Paid Coursera Library fine,Education
Cleared Internet bill from local ISP,Bills
Refueled with Ride share from InDrive,Transport
Bought local mall Curtains,Shopping
Cap - outlet store,Shopping
Amusement park ticket,Entertainment
Streaming service - Steam,Entertainment
Had Burger King Hot dog,Food
Cake - Subway,Food
Cooking oil for February,Food
Shopping for Belt for birthday gift,Shopping
Paid for Amazon Prime membership from Spotify,Entertainment
Went for Medical bill from pharmacy,Health
Paid Coursera University fee,Education
Booked hospital Dental treatment,Health
Lunch at Fried rice,Food
Steak for March,Food
Bought local clinic Painkillers,Health
Went for Blood test from wellness center,Health
Breakfast at Donuts during break,Food
Paid for Bag from shopping center,Shopping
Paid for Theatre ticket from Disney+,Entertainment
Electronics gadget for February,Shopping
Bought Thesis printing for the workshop,Education
Registered for Stationery from Udemy,Education
Programming course - library,Education
Purchased University fee this semester,Education
Grabbed Domino's Vegetables,Food
Shopping for boutique Sunglasses,Shopping
Purchased bookstore Library fine,Education
Shopping for local mall Earrings,Shopping
Ordered Makeup kit from outlet store,Shopping
Paid for Helmet purchase downtown,Transport
Settled Society fee from NEA,Bills
Recharged Bike repair for a trip,Transport
Parking fee from gas station,Transport
Waffles for June,Food
Xbox Game Pass Netflix subscription,Entertainment
Had Fried rice from Pizza Hut,Food
Booked Pathao ride from local garage,Transport
Refueled with Cab fare from local garage,Transport
Workshop registration for November,Education
Enrolled in Seminar fee this semester,Education
Workshop registration for July,Education
Paid Phone bill quarterly payment,Bills
PlayStation Bowling session,Entertainment
Subscribed to Karaoke night family plan,Entertainment
Certification exam for September,Education
online store Earrings,Shopping
Got a new Backpack,Shopping
Bought Textbooks for the workshop,Education
Subscribed to Amusement park ticket from Amazon Prime,Entertainment
Shopping for Watch for college,Shopping
Went for X-ray emergency visit,Health
Took a Car service to home,Transport
Cleared Electricity bill from insurance company,Bills
Ordered Shoes,Shopping
Bought diagnostic center Hospital bill,Health
Grabbed Snacks at college,Food
Bought Streaming service from Steam,Entertainment
Parking fee from Sajha Yatayat,Transport
Paid for E-book purchase from Spotify,Entertainment
Bought Cinema ticket from PlayStation,Entertainment
Purchased Xbox Game Pass Disney+ subscription,Entertainment
Purchased new Sneakers from online store,Shopping
Enrolled in Lab fee for the workshop,Education
Paid Udemy Certification exam,Education
Went for Pharmacy purchase routine visit,Health
Took a Tootle Ride share,Transport
Paid for online store Backpack,Shopping
Recharged Bike fuel to office,Transport
Went for gym Doctor appointment,Health
Ordered Sweater online order,Shopping
Bought Fruits,Food
E-book purchase for April,Entertainment
Breakfast at Soup from street food stall,Food
Got a new Cap from shopping center,Shopping
Paid for outlet store Makeup kit,Shopping
Purchased new Makeup kit for office,Shopping
Paid bank Water tank refill,Bills
Used local garage Helmet purchase,Transport
Paid for Fried rice after work,Food
Bought Textbooks for the course,Education
Subscribed to Steam PlayStation Plus,Entertainment
outlet store Curtains,Shopping
Recharged InDrive Train ticket,Transport
Paid for Surgery cost from local clinic,Health
Purchased Tootle Fuel station,Transport
Took a Pathao Flight ticket,Transport
Paid College supplies from Coursera,Education
Purchased Gaming subscription from PlayStation,Entertainment
French fries - Domino's,Food
Bought Stand-up comedy show monthly plan,Entertainment
Refueled with Car rental from Tootle,Transport
Dental appointment - pharmacy,Health
Paid Seminar fee this semester,Education
Paid for Society fee for the apartment,Bills
Took a Bike wash downtown,Transport
Paid for Waffles from cafe,Food
Lunch at Steak from Wow Momo,Food
Bought Bowling session weekend outing,Entertainment
Shopping for Furniture piece for office,Shopping
Gaming subscription from Steam,Entertainment
Purchased Seminar fee for the course,Education
Medical bill for June,Health
Recharged Car service from petrol pump,Transport
Cleared utility company Gas cylinder,Bills
Paid for insurance company Apartment rent,Bills
Took a gas station Uber ride,Transport
Registered for Udemy College supplies,Education
Recharged Cab fare to college,Transport
Paid House rent from local ISP,Bills
Monthly bank WiFi payment,Bills
Booked Sajha Yatayat Bike wash,Transport
Booked InDrive Flight ticket,Transport
Registered for Coursera Thesis printing,Education
Bike fuel from petrol pump,Transport
Ride share to hospital,Transport
Bought Lab test from pharmacy,Health
WiFi payment - bank,Bills
Paid for Amazon Prime membership premium plan,Entertainment
Comic book for April,Entertainment
Bought Furniture piece for office,Shopping
Paid for Curtains for office,Shopping
local garage Bike fuel,Transport
Booked hospital Lab test,Health
Bought Seminar fee,Education
Bought Seminar fee from Coursera,Education
Went for Medical bill from wellness center,Health
School books - coaching center,Education
Taco for September,Food
Paid for utility company Maintenance fee,Bills
Purchased new Amazon Phone case,Shopping
Visited for diagnostic center Eye checkup,Health
Took out Dal bhat takeaway,Food
Smoothie - restaurant,Food
Paid for boutique Sneakers,Shopping
Falafel - Bajeko Sekuwa,Food
Amazon Sneakers,Shopping
Booked Taxi fare to the mall,Transport
Lab fee for November,Education
Snack at street food stall Burrito,Food
Subscribed to Streaming service from local cinema,Entertainment
Gym membership for October,Health
Ordered Fruits for the party,Food
Steam purchase - Steam,Entertainment
Settled Internet bill from local ISP,Bills
Refueled with Pathao ride to home,Transport
Paid library Project materials,Education
Auto rickshaw fare to the mall,Transport
Purchased Stationery for the workshop,Education
Ordered Pasta,Food
Yoga class fee for January,Health
Took a local garage Cab fare,Transport
Netflix subscription for July,Entertainment
Ordered outlet store Wallet,Shopping
Ordered Amazon Shoes,Shopping
Purchased Uber ride from gas station,Transport
Comic book from Steam,Entertainment
Breakfast at Pancakes after work,Food
Vegetables - dhaba,Food
Breakfast at French fries,Food
Vaccination - pharmacy,Health
Bought Certification exam for the course,Education
Enrolled in Udemy Stationery,Education
Bought Fried rice for the party,Food
Booked petrol pump Uber ride,Transport
Purchased Uber Helmet purchase,Transport
Sandwich - Starbucks,Food
Perfume from shopping center,Shopping
Enrolled in Programming course from bookstore,Education
Purchased Amazon Prime membership from Steam,Entertainment
Vaccination for March,Health
Ordered Sunglasses seasonal sale,Shopping
Rice bag for April,Food
Registered for Programming course from local college,Education
Car rental - InDrive,Transport
Enrolled in Online course from bookstore,Education
Took a Fuel station to hospital,Transport
Booked X-ray routine visit,Health
Board game weekend outing,Entertainment
Booked Doctor appointment from pharmacy,Health
Movie ticket - PlayStation,Entertainment
Had Burger King Milk,Food
Monthly Gas cylinder quarterly payment,Bills
Paid Monthly rent quarterly payment,Bills
Waffles for October,Food
Shopping for online store Cap,Shopping
Renewed Board game from local cinema,Entertainment
Settled Garbage collection fee from insurance company,Bills
Got a new Headphones for office,Shopping
Renewed Concert ticket from Disney+,Entertainment
Purchased Amusement park ticket from Netflix,Entertainment
Ordered Necklace online order,Shopping
Got a new outlet store Umbrella,Shopping
Paid for pharmacy X-ray,Health
Registered for Study materials for the course,Education
Ramen - dhaba,Food
Booked Auto rickshaw fare from local garage,Transport
Bought university College tuition,Education
Paid Certification exam from university,Education
Ordered Fried chicken for the party,Food
Paid for Uber Car rental,Transport
Purchased Metro card recharge,Transport
Bike repair from petrol pump,Transport
Renewed Concert ticket family plan,Entertainment
Bought outlet store Backpack,Shopping
Purchased new Power bank from local mall,Shopping
Paid for Lab test from gym,Health
Netflix subscription from Disney+,Entertainment
Bought Shirt from boutique,Shopping
Paid NEA Mobile recharge,Bills
Cinema ticket from Steam,Entertainment
Home loan installment - landlord,Bills
Snack at Kebab from Pizza Hut,Food
Soup for September,Food
Paid for food court Thukpa,Food
Paid for Pasta from Pizza Hut,Food
Charger from boutique,Shopping
Bought Earrings,Shopping
Vehicle insurance for June,Transport
Subscribed to Video game purchase from Xbox Game Pass,Entertainment
local garage Bike rental,Transport
Enrolled in Stationery from coaching center,Education
Had Grilled fish,Food
Bought Steam Movie ticket,Entertainment
Donuts for February,Food
Paid Lab fee from Udemy,Education
Paid university University fee,Education
Paid for Theatre ticket annual plan,Entertainment
Dinner at Milkshake at college,Food
Bike wash for March,Transport
Flight ticket - Tootle,Transport
Refueled with gas station Vehicle insurance,Transport
Shopping for Kitchenware from shopping center,Shopping
Breakfast at Juice with friends,Food
Registered for Coursera Textbooks,Education
Smoothie - dhaba,Food
Train ticket for November,Transport
Bought Exam fee annual fee,Education
Renewed Theatre ticket weekend outing,Entertainment
Used Sajha Yatayat Uber ride,Transport
YouTube Premium - Amazon Prime,Entertainment
Renewed Amazon Prime membership annual plan,Entertainment
Dinner at Pasta from street food stall,Food
Settled Garbage collection fee for the apartment,Bills
Paid for Amazon Prime YouTube Premium,Entertainment
Lunch at Hot dog from Pizza Hut,Food
Paid Seminar fee annual fee,Education
Bought Video game purchase weekend outing,Entertainment
Spotify subscription from local cinema,Entertainment
Ordered Necklace from Amazon,Shopping
Helmet purchase for July,Transport
Paid College tuition from local college,Education
Paid for gas station Pathao ride,Transport
Bought Sneakers from local mall,Shopping
Subscribed to PlayStation Bowling session,Entertainment
Paid for Phone bill quarterly payment,Bills
Visited for gym Doctor appointment,Health
Went for local clinic Health insurance premium,Health
Bedsheet for June,Shopping
Sneakers from Amazon,Shopping
Bread for May,Food
Paid local college Exam fee,Education
Grabbed KFC Dosa,Food
Went for wellness center Blood test,Health
Ordered KFC Burger,Food
Gaming subscription for December,Entertainment
Ordered Electronics gadget online order,Shopping
Got a new Amazon Furniture piece,Shopping
Refueled with Tire replacement to office,Transport
Purchased Seminar fee this semester,Education
Settled Electricity bill for the apartment,Bills
Purchased College supplies for the course,Education
Renewed Comic book weekend outing,Entertainment
College fee for July,Education
Registered for Programming course from Udemy,Education
Bought Bowling session premium plan,Entertainment
Settled Gas cylinder from telecom provider,Bills
Booked diagnostic center Dental treatment,Health
Painkillers for November,Health
Booked wellness center Doctor appointment,Health
Recharged Tootle Ride share,Transport
Ordered Burger King French fries,Food
Purchased university University fee,Education
Netflix Bowling session,Entertainment
Paid for InDrive Scooter rental,Transport
Booked hospital Yoga class fee,Health
Garbage collection fee for August,Bills
Lunch at Smoothie from Domino's,Food
Property tax - bank,Bills
Sweater - online store,Shopping
Paid for diagnostic center Health insurance premium,Health
Lunch at street food stall Falafel,Food
Ordered Sweater for college,Shopping
Snack at Sandwich from Pizza Hut,Food
Booked Blood test follow-up visit,Health
Bought Library fine annual fee,Education
Refueled with Petrol downtown,Transport
Purchased Bike repair from InDrive,Transport
Monthly landlord Internet bill,Bills
Purchased Netflix subscription with friends,Entertainment
Monthly Credit card payment,Bills
Renewed Amazon Prime membership from Amazon Prime,Entertainment
Daraz Charger,Shopping
Registered for Thesis printing this semester,Education
Bought Sneakers from boutique,Shopping
Cleared Insurance premium from insurance company,Bills
Bought Daraz Belt,Shopping
Purchased Udemy Programming course,Education
Went for Vaccination,Health
Monthly House rent from NEA,Bills
Stationery for April,Education
Refueled with Bike repair airport transfer,Transport
Purchased Steam purchase from Spotify,Entertainment
Bought boutique Makeup kit,Shopping
Furniture piece for October,Shopping
Registered for Textbooks from Udemy,Education
Paid NEA Credit card payment,Bills
Renewed Movie ticket from Amazon Prime,Entertainment
Amazon Earrings,Shopping
Renewed Music album from local cinema,Entertainment
Paid for Cable TV bill from NEA,Bills
Watch for May,Shopping
Bag - shopping center,Shopping
Paid for Pathao ride,Transport
Paid for Steam Bowling session,Entertainment
Booked Netflix Amazon Prime membership,Entertainment
YouTube Premium family plan,Entertainment
Laptop bag for September,Shopping
Monthly NEA Monthly rent,Bills
Milkshake for June,Food
Shopping for Power bank for college,Shopping
Took a Scooter rental from Uber,Transport
Purchased Steam purchase annual plan,Entertainment
Wallet - local mall,Shopping
Took out Juice from dhaba,Food
Credit card payment - local ISP,Bills
Subscribed to PlayStation Plus weekend outing,Entertainment
Music album for January,Entertainment
Board game for May,Entertainment
Tire replacement for a trip,Transport
Paid Lab fee from coaching center,Education
Refueled with InDrive Parking fee,Transport
Video game purchase for August,Entertainment
Subscribed to Netflix YouTube Premium,Entertainment
Registered for Lab fee from Udemy,Education
Purchased Rice bag delivery order,Food
Bought bookstore School books,Education
Juice - dhaba,Food
Bike wash from Sajha Yatayat,Transport
Recharged Bike wash from InDrive,Transport
Thukpa - Domino's,Food
Textbooks for May,Education
Took a Uber Ride share,Transport
Paid for shopping center Backpack,Shopping
Bought Netflix Arcade tokens,Entertainment
Purchased Video game purchase with friends,Entertainment
Monthly bank Apartment rent,Bills
Fuel station - Tootle,Transport
Pizza - Domino's,Food
Shopping for Charger from outlet store,Shopping
Refueled with gas station Train ticket,Transport
Purchased new Necklace,Shopping
Booked Tire replacement to office,Transport
Snack at Samosa from cafe,Food
Monthly telecom provider Apartment rent,Bills
Got a new shopping center Shoes,Shopping
Used Flight ticket to office,Transport
Shopping for Daraz Electronics gadget,Shopping
Purchased Steak from Pizza Hut,Food
Purchased Project materials for the course,Education
Bought boutique Electronics gadget,Shopping
Purchased Udemy Library fine,Education
Karaoke night premium plan,Entertainment
Recharged Vehicle insurance to the mall,Transport
Cleared House rent,Bills
Visited for gym Surgery cost,Health
Bought YouTube Premium annual plan,Entertainment
Ordered shopping center Sweater,Shopping
Visited for pharmacy Yoga class fee,Health
Cable TV bill for November,Bills
Subscribed to Concert ticket from YouTube,Entertainment
Renewed YouTube Premium from Xbox Game Pass,Entertainment
Paid for Samosa from KFC,Food
Power bank - online store,Shopping
Steak - Bajeko Sekuwa,Food
Ordered Wallet from Amazon,Shopping
Refueled with Taxi fare from gas station,Transport
Comic book - Spotify,Entertainment
Booked Lab test from hospital,Health
Shopping for Daraz Backpack,Shopping
Recharged Bike fuel,Transport
Booked Toll fee from Pathao,Transport
Recharged gas station Tire replacement,Transport
Purchased Flight ticket from Sajha Yatayat,Transport
Refueled with petrol pump Petrol,Transport
Refueled with Pathao Scooter rental,Transport
Renewed Amazon Prime membership with friends,Entertainment
Refueled with Diesel to college,Transport
Took a Car rental from gas station,Transport
Purchased Library fine from bookstore,Education
Got a new Shoes from Amazon,Shopping
Had Cooking oil from Subway,Food
Subscribed to Movie ticket weekend outing,Entertainment
Arcade tokens with friends,Entertainment
Got a new Electronics gadget,Shopping
Paid for telecom provider Phone bill,Bills
Bought Video game purchase from YouTube,Entertainment
Parking fee - local garage,Transport
Internet bill - insurance company,Bills
Paid for Juice during break,Food
YouTube Premium for November,Entertainment
Booked Streaming service premium plan,Entertainment
Refueled with Toll fee downtown,Transport
Purchased university Textbooks,Education
Socks for February,Shopping
Had Cooking oil from local bakery,Food
Electronics gadget - Amazon,Shopping
Bought Foodmandu Donuts,Food
Vehicle insurance,Transport
French fries for November,Food
Vitamin supplements for March,Health
Got a new Sweater from outlet store,Shopping
Settled Mobile recharge this month,Bills
Cleared NEA Mobile recharge,Bills
Purchased new Electronics gadget seasonal sale,Shopping
Enrolled in College tuition for the course,Education
Paid for E-book purchase from Disney+,Entertainment
Purchased new Umbrella from outlet store,Shopping
Lunch at Eggs,Food
Bought Wallet for birthday gift,Shopping
Breakfast at Cake during break,Food
Fried chicken - local bakery,Food
Purchased Momo from Pizza Hut,Food
Purchased Udemy Workshop registration,Education
Bought Gym membership follow-up visit,Health
Paid for Karaoke night from YouTube,Entertainment
Dinner at Vegetables,Food
online store Jacket,Shopping
Purchased new Watch online order,Shopping
Paid local college Workshop registration,Education
Ordered Sushi from food court,Food
Purchased local garage Bike repair,Transport
Purchased new Jeans from online store,Shopping
Shopping for Makeup kit for college,Shopping
Settled Internet bill for the apartment,Bills
Shopping for boutique Wallet,Shopping
Refueled with Vehicle insurance to the mall,Transport
Cleared bank Loan EMI,Bills
Had Biryani from food court,Food
Bowling session monthly plan,Entertainment
Phone case seasonal sale,Shopping
Fuel station for March,Transport
Car service for April,Transport
Breakfast at Thukpa from campus canteen,Food
Ordered Hot dog takeaway,Food
Recharged InDrive Auto rickshaw fare,Transport
Bought Yoga class fee from gym,Health
Paid for Perfume,Shopping
Earrings - outlet store,Shopping
Paid for Sajha Yatayat Fuel station,Transport
Ordered Samosa from Starbucks,Food
Booked Steam Board game,Entertainment
Paid for Daraz Laptop bag,Shopping
Fried chicken - Subway,Food
Purchased Project materials from library,Education
Bought YouTube Theatre ticket,Entertainment
Purchased gas station Diesel,Transport
Purchased Burrito for the party,Food
Purchased Fruits at office,Food
Went for wellness center Dental appointment,Health
Used Bike wash to office,Transport
Paid for Belt online order,Shopping
Subscribed to local cinema Gaming subscription,Entertainment
Booked X-ray from diagnostic center,Health
Paid for Doctor appointment from pharmacy,Health
Bought Ice cream with friends,Food
Breakfast at Fried chicken takeaway,Food
Cleared Home loan installment for the apartment,Bills
Took a InDrive Petrol,Transport
Grabbed Donuts from McDonald's,Food
Groceries - food court,Food
Renewed E-book purchase,Entertainment
Monthly Electricity bill from telecom provider,Bills
Went for hospital Vaccination,Health
Paid School books from Coursera,Education
Settled insurance company Maintenance fee,Bills
Cleared Garbage collection fee quarterly payment,Bills
Bought Perfume from Daraz,Shopping
Subscribed to Amazon Prime membership from local cinema,Entertainment
Registered for university Thesis printing,Education
Went for local clinic Hospital bill,Health
Umbrella from local mall,Shopping
Visited for hospital Health checkup,Health
Took out hotel restaurant Groceries,Food
Purchased Netflix subscription monthly plan,Entertainment
Bought coaching center Stationery,Education
Purchased Spotify subscription from YouTube,Entertainment
Bought Dental appointment from diagnostic center,Health
Paid for Garbage collection fee annual payment,Bills
gas station Auto rickshaw fare,Transport
Cleared local ISP House rent,Bills
Monthly Mobile recharge for the house,Bills
Health insurance premium - wellness center,Health
Subscribed to PlayStation Plus with friends,Entertainment
Dal bhat - local bakery,Food
Bought local mall Phone case,Shopping
Booked gym Pharmacy purchase,Health
Subscribed to Bowling session from Spotify,Entertainment
Booked pharmacy Dental treatment,Health
Rice bag - campus canteen,Food
Had street food stall Bread,Food
Apartment rent - telecom provider,Bills
Dinner at Pancakes delivery order,Food
Purchased university Coaching class fee,Education
Grabbed Sandwich from KFC,Food
Paid library College supplies,Education
Purchased local cinema PlayStation Plus,Entertainment
Booked Music album with friends,Entertainment
Bought wellness center Painkillers,Health
Registered for coaching center Textbooks,Education
Got a new T-shirt,Shopping
Purchased Amazon Prime membership annual plan,Entertainment
Purchased local college College tuition,Education
Purchased Textbooks from coaching center,Education
Paid for Dental appointment,Health
Loan EMI - telecom provider,Bills
Recharged Toll fee from Sajha Yatayat,Transport
Took a Auto rickshaw fare to the mall,Transport
Used Helmet purchase from InDrive,Transport
Went for hospital Medicine,Health
Got a new Socks from Daraz,Shopping
Shopping for Belt seasonal sale,Shopping
Refueled with Pathao ride to office,Transport
Car rental - local garage,Transport
Paid for Dental appointment monthly,Health
Rice bag - dhaba,Food
Cleared WiFi payment from telecom provider,Bills
Took a Bus ticket from Uber,Transport
Paid university Project materials,Education
Ordered Juice,Food
Bought Bag from shopping center,Shopping
Registered for Udemy Exam fee,Education
Textbooks for October,Education
Purchased Momo at college,Food
Purchased Spotify Music album,Entertainment
Settled Electricity bill from bank,Bills
Umbrella,Shopping
Had Milkshake with family,Food
Booked Xbox Game Pass Movie ticket,Entertainment
Music album for October,Entertainment
Refueled with Helmet purchase from Tootle,Transport
Kebab for November,Food
Paid for Phone bill for the house,Bills
Booked Spotify subscription annual plan,Entertainment
Purchased French fries from KFC,Food
Bought Video game purchase from Steam,Entertainment
Purchased new Amazon Curtains,Shopping
Renewed YouTube YouTube Premium,Entertainment
Booked gym Yoga class fee,Health
Paid for Bus ticket from petrol pump,Transport
gas station Car service,Transport
Paid for online store Cap,Shopping
Paid for Ride share to office,Transport
Booked Cab fare to the mall,Transport
Bus ticket for August,Transport
Booked Health checkup follow-up visit,Health
Booked diagnostic center Eye checkup,Health
Purchased Bike wash airport transfer,Transport
Purchased Uber ride,Transport
Paid for Uber Metro card recharge,Transport
Paid for Xbox Game Pass Theatre ticket,Entertainment
Streaming service from Xbox Game Pass,Entertainment
Settled Credit card payment from bank,Bills
Took a Uber Tire replacement,Transport
Furniture piece for February,Shopping
Spotify subscription for December,Entertainment
Purchased new Bag from Daraz,Shopping
Ordered Socks seasonal sale,Shopping
Snack at Groceries,Food
Bought outlet store Watch,Shopping
Purchased Steak from Domino's,Food
Booked Physiotherapy session from gym,Health
Salad for November,Food
Visited for wellness center Health insurance premium,Health
Headphones from outlet store,Shopping
Grabbed cafe Noodles,Food
Shopping for boutique Furniture piece,Shopping
Bought Backpack from online store,Shopping
Shirt,Shopping
Train ticket,Transport
Booked Health checkup from hospital,Health
Bought Steam purchase from Netflix,Entertainment
Bought Jeans for college,Shopping
Ordered Phone case from boutique,Shopping
Amusement park ticket premium plan,Entertainment
Registered for Programming course,Education
Sweater seasonal sale,Shopping
Refueled with petrol pump Scooter rental,Transport
Registered for Project materials from university,Education
Lunch at Bread from food court,Food
Bought Certification exam from Coursera,Education
Ordered Socks,Shopping
Purchased Pathao ride from Pathao,Transport
Took out Smoothie at college,Food
Booked Gaming subscription annual plan,Entertainment
Booked wellness center Health insurance premium,Health
Took a Taxi fare,Transport
Ordered Bag online order,Shopping
PlayStation Disney+ subscription,Entertainment
Grabbed Sushi from Domino's,Food
Cable TV bill - local ISP,Bills
Paid for Jeans from outlet store,Shopping
Ordered Shoes for birthday gift,Shopping
Booked Stand-up comedy show from YouTube,Entertainment
Took a local garage Car service,Transport
Recharged Flight ticket from Sajha Yatayat,Transport
French fries - dhaba,Food
Purchased PlayStation Plus with friends,Entertainment
Paid for Electricity bill from telecom provider,Bills
Lab test for February,Health
College supplies - Udemy,Education
Booked Doctor appointment follow-up visit,Health
Ice cream - street food stall,Food
Registered for Lab fee from library,Education
Purchased petrol pump Pathao ride,Transport
Booked Bus ticket from Pathao,Transport
Recharged Uber Flight ticket,Transport
Cinema ticket from Amazon Prime,Entertainment
Took a Tire replacement,Transport
Paid for Amazon Jacket,Shopping
Registered for University fee from Coursera,Education
Bought local college Software license for study,Education
Grabbed Dal bhat from street food stall,Food
Paid for Power bank for office,Shopping
Hospital bill,Health
Purchased coaching center Project materials,Education
Stationery - university,Education
Got a new Bedsheet for college,Shopping
Took a Helmet purchase to the mall,Transport
Grabbed Milk from street food stall,Food
Streaming service from Steam,Entertainment
Bought Certification exam this semester,Education
Refueled with Tootle Diesel,Transport
Cleared Property tax from local ISP,Bills
Vitamin supplements - diagnostic center,Health
Renewed Netflix Movie ticket,Entertainment
E-book purchase - Spotify,Entertainment
Registered for Project materials from library,Education
Paid for Bike repair for weekend trip,Transport
T-shirt online order,Shopping
Monthly landlord Apartment rent,Bills
Monthly Mobile recharge annual payment,Bills
Dinner at Milk,Food
Cab fare to college,Transport
Took a Bike wash from Tootle,Transport
Settled telecom provider Internet bill,Bills
Yoga class fee - local clinic,Health
Visited for hospital Gym membership,Health
Enrolled in library Coaching class fee,Education
Paid for bank Garbage collection fee,Bills
Bought Eye checkup from pharmacy,Health
Shopping for Furniture piece,Shopping
Cleared Society fee this month,Bills
Ordered Laptop bag,Shopping
Thukpa for March,Food
Monthly NEA Apartment rent,Bills
Bought Amazon Prime membership from Netflix,Entertainment
Breakfast at local bakery Dosa,Food
Subscribed to Disney+ Amusement park ticket,Entertainment
Xbox Game Pass Theatre ticket,Entertainment
Bought Music album weekend outing,Entertainment
Registered for Project materials for the workshop,Education
Rice bag - Domino's,Food
boutique Bedsheet,Shopping
Breakfast at Thukpa from Domino's,Food
Took out Samosa,Food
Paid for telecom provider Home loan installment,Bills
Purchased new outlet store Backpack,Shopping
Breakfast at Dal bhat on the way home,Food
Registered for Project materials this semester,Education
Refueled with Uber Cab fare,Transport
Cooking oil for June,Food
Painkillers,Health
Eggs - Foodmandu,Food
Paid university Study materials,Education
Monthly Internet bill for the house,Bills
Visited for Gym membership routine visit,Health
Subscribed to Video game purchase from YouTube,Entertainment
Falafel - dhaba,Food
Ordered Electronics gadget from online store,Shopping
Paid for Headphones for office,Shopping
Bike rental - InDrive,Transport
Paid for local ISP Garbage collection fee,Bills
Bought gym X-ray,Health
Used Cab fare to office,Transport
Bag for December,Shopping
Paid for Hospital bill checkup,Health
Purchased Stand-up comedy show with friends,Entertainment
Purchased Parking fee downtown,Transport
Registered for Thesis printing annual fee,Education
Water tank refill for October,Bills
Lunch at Dosa from Domino's,Food
Bought Coursera Online course,Education
Paid insurance company House rent,Bills
Got a new shopping center Umbrella,Shopping
Purchased Salad from dhaba,Food
Shopping for Shoes from local mall,Shopping
Paid for utility company Mobile recharge,Bills
Lunch at Tea from McDonald's,Food
Spotify Movie ticket,Entertainment
Bought Painkillers from wellness center,Health
Paid for Sandwich with friends,Food
Shopping for boutique Belt,Shopping
Had Thukpa from Burger King,Food
Visited for Medical bill checkup,Health
Purchased Salad delivery order,Food
Paid Property tax for the apartment,Bills
Shirt for June,Shopping
Subscribed to Cinema ticket from local cinema,Entertainment
Booked gym Vitamin supplements,Health
Bought Surgery cost monthly,Health
Paid for Stand-up comedy show with friends,Entertainment
Booked Surgery cost from diagnostic center,Health
Stand-up comedy show from Spotify,Entertainment
Paid for diagnostic center Dental treatment,Health
Purchased InDrive Bike rental,Transport
Recharged local garage Taxi fare,Transport
WiFi payment - landlord,Bills
Bought Certification exam from coaching center,Education
Bought Blood test checkup,Health
Shopping for Bag from outlet store,Shopping
Lunch at Cake from Foodmandu,Food
Bought boutique Phone case,Shopping
Ordered online store Phone case,Shopping
Recharged Petrol to office,Transport
Blood test for September,Health
Refueled with Sajha Yatayat Bike fuel,Transport
Phone case - Daraz,Shopping
Paid for online store Sunglasses,Shopping
Lunch at French fries,Food
Settled NEA Water tank refill,Bills
Grabbed local bakery Milkshake,Food
Enrolled in bookstore Study materials,Education
Bought Gym membership monthly,Health
Took out Dumplings at office,Food
Paid for Sajha Yatayat Bike repair,Transport
Diesel for May,Transport
Eye checkup for February,Health
Breakfast at Subway Dumplings,Food
Amusement park ticket for December,Entertainment
Got a new Shoes from shopping center,Shopping
Dosa - Burger King,Food
T-shirt for March,Shopping
Paid for E-book purchase from YouTube,Entertainment
Paid for insurance company Home loan installment,Bills
Registered for library College tuition,Education
Used Uber Taxi fare,Transport
Took a Parking fee from petrol pump,Transport
Breakfast at Juice from restaurant,Food
Shopping for Cap for college,Shopping
Home loan installment for October,Bills
Booked Petrol airport transfer,Transport
Recharged Tootle Bike rental,Transport
Registered for College supplies for the workshop,Education
Paid for Electricity bill for the apartment,Bills
Recharged Diesel airport transfer,Transport
Breakfast at Pasta takeaway,Food
Board game - local cinema,Entertainment
Paid Credit card payment this month,Bills
Parking fee for March,Transport
Hot dog for December,Food
Booked Diesel from InDrive,Transport
Parking fee airport transfer,Transport
Breakfast at French fries from Subway,Food
Monthly NEA Society fee,Bills
Visited for pharmacy Dental treatment,Health
Paid for bank Monthly rent,Bills
Paid local ISP Home loan installment,Bills
Purchased new Backpack from shopping center,Shopping
Booked YouTube Karaoke night,Entertainment
Parking fee for August,Transport
Bought Snacks on the way home,Food
Took out Dosa from Pizza Hut,Food
Renewed PlayStation Plus monthly plan,Entertainment
Booked Netflix Netflix subscription,Entertainment
Bought Shirt from shopping center,Shopping
Paid for Shirt from online store,Shopping
Visited for Health insurance premium from pharmacy,Health
Disney+ subscription for March,Entertainment
Paid for Cable TV bill from telecom provider,Bills
Ordered Furniture piece for birthday gift,Shopping
Registered for Online course from library,Education
Workshop registration for January,Education
Lunch at Fried chicken from local bakery,Food
Ordered Necklace for birthday gift,Shopping
Subscribed to Gaming subscription premium plan,Entertainment
Renewed PlayStation Theatre ticket,Entertainment
Noodles - Foodmandu,Food
Bought gym Eye checkup,Health
School books - local college,Education
Ordered Headphones from boutique,Shopping
Ordered Biryani for the party,Food
Paid landlord Garbage collection fee,Bills
Paid NEA Cable TV bill,Bills
Booked Bowling session from Netflix,Entertainment
Jacket from boutique,Shopping
Booked Spotify Gaming subscription,Entertainment
Purchased YouTube Bowling session,Entertainment
Refueled with Diesel from petrol pump,Transport
Took out Burrito,Food
Renewed YouTube Amusement park ticket,Entertainment
Bought Charger from boutique,Shopping
Paid Lab fee,Education
Had Fried rice from McDonald's,Food
Purchased Bike repair from Pathao,Transport
Purchased new Cap from Amazon,Shopping
Lab test for June,Health
Shopping for Sweater from outlet store,Shopping
Ordered McDonald's Dumplings,Food
Ordered Donuts at office,Food
Booked Pathao ride from petrol pump,Transport
Paid for Samosa for the party,Food
Ordered Juice with family,Food
Amazon Belt,Shopping
Visited for Dental treatment from hospital,Health
Settled local ISP Loan EMI,Bills
Monthly Maintenance fee from NEA,Bills
Bought Amazon Prime Concert ticket,Entertainment
Purchased Diesel downtown,Transport
Lunch at Ramen for the party,Food
Thesis printing for September,Education
Settled bank Home loan installment,Bills
Pathao Vehicle insurance,Transport
Purchased local cinema Board game,Entertainment
Got a new local mall Sneakers,Shopping
Subscribed to Steam purchase,Entertainment
Mobile recharge,Bills
Bought Medical bill routine visit,Health
Purchased Video game purchase from local cinema,Entertainment
Grabbed Soup,Food
Waffles - Bajeko Sekuwa,Food
Recharged Bus ticket airport transfer,Transport
Purchased petrol pump Scooter rental,Transport
Booked Amazon Prime membership weekend outing,Entertainment
Ordered Wow Momo Bread,Food
Used Flight ticket from Pathao,Transport
Paid for Sweater,Shopping
Registered for local college Library fine,Education
Paid for Cap for office,Shopping
Paid for Laptop bag from boutique,Shopping
Visited for Lab test checkup,Health
Took a Uber Parking fee,Transport
Purchased new Jeans from local mall,Shopping
Painkillers for October,Health
Registered for School books from coaching center,Education
Spotify subscription - Netflix,Entertainment
Bought Fried rice from Burger King,Food
Got a new Socks from boutique,Shopping
Recharged Pathao Bike fuel,Transport
Booked wellness center Blood test,Health
Lunch at Pancakes from Pizza Hut,Food
Booked Gym membership from diagnostic center,Health
Purchased Xbox Game Pass Amusement park ticket,Entertainment
Bought local college Thesis printing,Education
Certification exam,Education
Vitamin supplements for January,Health
PlayStation Plus - PlayStation,Entertainment
Paid for local mall Watch,Shopping
Grabbed Fried rice,Food
Board game for April,Entertainment
Grabbed Bubble tea,Food
Dinner at Bread with friends,Food
Paid for Auto rickshaw fare downtown,Transport
Got a new Watch from boutique,Shopping
Used Car rental from Pathao,Transport
Renewed PlayStation Board game,Entertainment
Purchased Bike repair to home,Transport
Chicken curry - campus canteen,Food
Had Chowmein from McDonald's,Food
Auto rickshaw fare from local garage,Transport
Snack at Waffles during break,Food
Breakfast at Pancakes,Food
Renewed Disney+ Concert ticket,Entertainment
Subscribed to Amazon Prime Movie ticket,Entertainment
Bought bookstore Stationery,Education
Paid for Dosa takeaway,Food
Ordered Watch from shopping center,Shopping
Paid for wellness center Medical bill,Health
Subscribed to Disney+ Video game purchase,Entertainment
Bought Bedsheet from Amazon,Shopping
Took a Uber Fuel station,Transport
Tootle Metro card recharge,Transport
Cleared bank Phone bill,Bills
Went for Dental appointment from diagnostic center,Health
Paid for online store Jacket,Shopping
Paid for landlord Maintenance fee,Bills
Got a new Sneakers from online store,Shopping
Programming course for May,Education
Purchased Disney+ Steam purchase,Entertainment
Booked Surgery cost from gym,Health
Registered for library Seminar fee,Education
Breakfast at local bakery Hot dog,Food
Shopping for Curtains for college,Shopping
Bowling session from YouTube,Entertainment
Software license for study for July,Education
Subscribed to PlayStation Plus from Amazon Prime,Entertainment
Watch seasonal sale,Shopping
Grabbed Smoothie with family,Food
Used Pathao Metro card recharge,Transport
Coaching class fee for June,Education
Bought campus canteen Milk,Food
College supplies for March,Education
Recharged Flight ticket from Pathao,Transport
Bought Amazon Prime Karaoke night,Entertainment
Shopping for Daraz Wallet,Shopping
Used Car rental,Transport
Dinner at KFC Ice cream,Food
Went for Hospital bill from local clinic,Health
E-book purchase - Xbox Game Pass,Entertainment
Paid for local cinema Bowling session,Entertainment
Cinema ticket for April,Entertainment
Went for gym Medicine,Health
Paid for Amazon Prime membership from Amazon Prime,Entertainment
shopping center Shoes,Shopping
Charger for December,Shopping
Monthly local ISP Phone bill,Bills
Paid for Doctor appointment from hospital,Health
Subscribed to YouTube Premium from Xbox Game Pass,Entertainment
Took a Pathao Diesel,Transport
Spotify subscription,Entertainment
Bubble tea - street food stall,Food
Booked Spotify subscription from Xbox Game Pass,Entertainment
Shopping for Headphones from Amazon,Shopping
Cleared insurance company Internet bill,Bills
Had food court Kebab,Food
Paid for Credit card payment from utility company,Bills
Dinner at Noodles from restaurant,Food
Purchased Bread from McDonald's,Food
Breakfast at Ramen from cafe,Food
Paid NEA Water tank refill,Bills
Salad for October,Food
Lunch at Subway Tea,Food
Settled Monthly rent this month,Bills
Cleared local ISP Garbage collection fee,Bills
Monthly Garbage collection fee from local ISP,Bills
Purchased new Shoes from shopping center,Shopping
Refueled with Metro card recharge from Uber,Transport
Netflix Spotify subscription,Entertainment
Cleared Cable TV bill from insurance company,Bills
Snack at Pastry,Food
Recharged Fuel station from petrol pump,Transport
Registered for coaching center Thesis printing,Education
Earrings for August,Shopping
Snack at Dumplings from Subway,Food
Uber ride for April,Transport
Paid for InDrive Bike fuel,Transport
Paid for Vitamin supplements routine visit,Health
Smoothie - Foodmandu,Food
local mall Watch,Shopping
Bought Spotify Karaoke night,Entertainment
Enrolled in Coursera Programming course,Education
Electricity bill,Bills
Paid for Falafel,Food
Kebab - Subway,Food
Bought Steam Netflix subscription,Entertainment
Recharged Cab fare to home,Transport
Earrings - boutique,Shopping
Shoes for May,Shopping
Society fee for April,Bills
Paid for Vehicle insurance downtown,Transport
Visited for Physiotherapy session from gym,Health
Paid for Streaming service weekend outing,Entertainment
Paid for Monthly rent annual payment,Bills
Purchased Uber ride from petrol pump,Transport
Refueled with petrol pump Flight ticket,Transport
Grabbed Pastry after work,Food
Diesel for June,Transport
Purchased Gaming subscription with friends,Entertainment
Recharged Ride share from Tootle,Transport
Fried chicken for December,Food
Paid for Blood test from diagnostic center,Health
Bought Furniture piece from boutique,Shopping
Breakfast at KFC Rice bag,Food
Used local garage Petrol,Transport
Went for Dental treatment from pharmacy,Health
Lunch at Domino's Taco,Food
Used local garage Cab fare,Transport
Paid for Arcade tokens family plan,Entertainment
Burger - Starbucks,Food
Purchased Uber ride to hospital,Transport
Socks for January,Shopping
Purchased Concert ticket weekend outing,Entertainment
Paid for Cab fare from local garage,Transport
Paid for boutique Electronics gadget,Shopping
Had Biryani from cafe,Food
Paid for Toll fee to home,Transport
Paid for Cinema ticket from Steam,Entertainment
Registered for Project materials annual fee,Education
Power bank for June,Shopping
Visited for diagnostic center Medicine,Health
Booked Netflix subscription annual plan,Entertainment
Purchased Amazon Prime membership monthly plan,Entertainment
Refueled with Bike repair,Transport
Chicken curry - food court,Food
Purchased new shopping center Shirt,Shopping
Subscribed to Netflix Music album,Entertainment
Monthly landlord Society fee,Bills
Paid for Vaccination from wellness center,Health
Bought Spotify Music album,Entertainment
Health insurance premium for March,Health
Purchased Disney+ subscription from Steam,Entertainment
Medicine - pharmacy,Health
Taco for August,Food
Dinner at Rice bag from hotel restaurant,Food
Dinner at Rice bag,Food
Purchased new Sunglasses from local mall,Shopping
Concert ticket annual plan,Entertainment
Bought local mall Laptop bag,Shopping
Booked Movie ticket from PlayStation,Entertainment
Breakfast at McDonald's Fried chicken,Food
Cleared Cable TV bill for the house,Bills
Visited for Gym membership checkup,Health
Purchased bookstore College tuition,Education
Bought Amusement park ticket from PlayStation,Entertainment
Booked Uber Bike repair,Transport
Bought Medical bill from hospital,Health
Purchased Video game purchase,Entertainment
Steam purchase - Spotify,Entertainment
Purchased new boutique Socks,Shopping
Bedsheet from shopping center,Shopping
Visited for X-ray monthly,Health
Paid bookstore Programming course,Education
Sweater for college,Shopping
Booked PlayStation Plus,Entertainment
Sunglasses from local mall,Shopping
Bought Movie ticket from Xbox Game Pass,Entertainment
Paid for Scooter rental to college,Transport
Paid for Society fee from landlord,Bills
Grabbed Fruits from hotel restaurant,Food
Bought Backpack,Shopping
Purchased Bike fuel from Uber,Transport
Recharged Tootle Diesel,Transport
Flight ticket for February,Transport
Paid for Phone case from online store,Shopping
Went for Surgery cost from wellness center,Health
Got a new Sunglasses from outlet store,Shopping
Dinner at Subway Taco,Food
Petrol for November,Transport
Took a Taxi fare for weekend trip,Transport
Waffles - McDonald's,Food
Grabbed Coffee takeaway,Food
Bought Sneakers for college,Shopping
Got a new Furniture piece for office,Shopping
Visited for Medicine from local clinic,Health
Booked Blood test monthly,Health
Had Waffles,Food
Theatre ticket monthly plan,Entertainment
Refueled with Scooter rental to the mall,Transport
Subscribed to Music album from Spotify,Entertainment
House rent - insurance company,Bills
Purchased Bike repair for weekend trip,Transport
Pharmacy purchase - gym,Health
Shopping for Electronics gadget for birthday gift,Shopping
Got a new Cap for college,Shopping
Bought Medical bill from diagnostic center,Health
Shopping for Umbrella,Shopping
Booked local garage Bus ticket,Transport
Bought university Software license for study,Education
Renewed E-book purchase from local cinema,Entertainment
Breakfast at Samosa,Food
Ordered hotel restaurant Groceries,Food
Had Sushi,Food
Shopping for Socks from online store,Shopping
Sweater for May,Shopping
Took out Hot dog from Subway,Food
Shopping for Makeup kit from outlet store,Shopping
Got a new Shoes for office,Shopping
Snack at Dal bhat,Food
Paid for Pharmacy purchase routine visit,Health
Booked Steam purchase from Netflix,Entertainment
Purchased Tire replacement to the mall,Transport
Subscribed to Steam purchase from PlayStation,Entertainment
Diesel - local garage,Transport
Scooter rental to home,Transport
Paid for Movie ticket from Spotify,Entertainment
Paid for Smoothie on the way home,Food
Toll fee from petrol pump,Transport
local cinema Amazon Prime membership,Entertainment
Had Fruits,Food
Ordered Fried rice from Foodmandu,Food
Went for diagnostic center Lab test,Health
Paid for Dumplings,Food
Charger - outlet store,Shopping
Paid for Chicken curry,Food
Ordered Curtains from Amazon,Shopping
Booked local cinema Netflix subscription,Entertainment
Used Taxi fare from Sajha Yatayat,Transport
Snack at Ice cream from McDonald's,Food
Bought Surgery cost from pharmacy,Health
Biryani for September,Food
Subscribed to Steam Arcade tokens,Entertainment
Necklace seasonal sale,Shopping
Booked Sajha Yatayat Car rental,Transport
Software license for study for April,Education
Paid for Grilled fish from Wow Momo,Food
Purchased gas station Bike repair,Transport
Power bank,Shopping
Stand-up comedy show for May,Entertainment
Snack at Tea after work,Food
Ordered Sneakers seasonal sale,Shopping
Subscribed to Amazon Prime membership monthly plan,Entertainment
Took a Petrol from petrol pump,Transport
Used Parking fee from local garage,Transport
Enrolled in School books from local college,Education
Monthly utility company Home loan installment,Bills
Auto rickshaw fare for May,Transport
Settled NEA Property tax,Bills
Settled local ISP Internet bill,Bills
Renewed Board game premium plan,Entertainment
College supplies - library,Education
Purchased new Phone case for college,Shopping
Movie ticket for November,Entertainment
Bought Online course from university,Education
Got a new Belt for birthday gift,Shopping
Subscribed to Music album from Disney+,Entertainment
Shopping for Backpack from local mall,Shopping
Purchased new Curtains from outlet store,Shopping
Medical bill for November,Health
Bought Spotify subscription annual plan,Entertainment
Purchased Train ticket from Uber,Transport
Sunglasses - shopping center,Shopping
Purchased Pathao Parking fee,Transport
Gas cylinder for March,Bills
Bought Video game purchase from Spotify,Entertainment
Paid for boutique Jacket,Shopping
Sandwich for October,Food
Paid Cable TV bill annual payment,Bills
Programming course for December,Education
Online course - local college,Education
Dinner at Bread from Domino's,Food
Thesis printing for July,Education
Toll fee downtown,Transport
Bought Textbooks from coaching center,Education
Paid for Tootle Car rental,Transport
Bought Chowmein from KFC,Food
Got a new outlet store Curtains,Shopping
Paid for Train ticket from InDrive,Transport
Paid for utility company Water tank refill,Bills
Paid for Bag from boutique,Shopping
Cleared Electricity bill from utility company,Bills
Ordered dhaba Waffles,Food
Paid for Daraz Sneakers,Shopping
French fries - campus canteen,Food
Purchased new Laptop bag from Amazon,Shopping
Cleared Credit card payment from NEA,Bills
Went for Yoga class fee checkup,Health
Paid for bank Society fee,Bills
Kitchenware seasonal sale,Shopping
Enrolled in College fee from library,Education
Bought Amazon Prime YouTube Premium,Entertainment
Paid for Foodmandu Thukpa,Food
Uber Metro card recharge,Transport
Bought Pharmacy purchase from pharmacy,Health
Went for Medicine from local clinic,Health
Breakfast at Starbucks Milkshake,Food
Paid for Disney+ subscription weekend outing,Entertainment
Bought Coursera School books,Education
Cleared Internet bill from bank,Bills
Took out Ice cream,Food
Car service - local garage,Transport
Paid utility company Electricity bill,Bills
Cleared insurance company House rent,Bills
Shopping for Necklace online order,Shopping
Cleared Internet bill from utility company,Bills
Paid for Yoga class fee emergency visit,Health
Purchased Parking fee from Tootle,Transport
Paid for WiFi payment from bank,Bills
Bought Electronics gadget seasonal sale,Shopping
Bought Health insurance premium from pharmacy,Health
Purchased new Watch from outlet store,Shopping
Purchased new Sweater from shopping center,Shopping
Spotify subscription for September,Entertainment
Ordered Shoes from Amazon,Shopping
Bought Waffles for the party,Food
Ordered Cake from restaurant,Food
Ordered Sunglasses from shopping center,Shopping
Bought Doctor appointment emergency visit,Health
gas station Bus ticket,Transport
Paid for Hospital bill from wellness center,Health
Bought Amusement park ticket from Spotify,Entertainment
Used Bike wash downtown,Transport
Went for Blood test checkup,Health
Paid for outlet store Backpack,Shopping
Bought KFC Thukpa,Food
Lunch at Pizza from Starbucks,Food
Paid for Streaming service monthly plan,Entertainment
Textbooks for April,Education
Paid for Garbage collection fee,Bills
Subscribed to Theatre ticket from local cinema,Entertainment
Paid for Sneakers for birthday gift,Shopping
Settled Apartment rent this month,Bills
Dal bhat for May,Food
YouTube Arcade tokens,Entertainment
Paid for street food stall French fries,Food
Settled Water tank refill quarterly payment,Bills
Spotify subscription for August,Entertainment
Bought Perfume from Amazon,Shopping
Paid Udemy Seminar fee,Education
Booked wellness center Health checkup,Health
Subscribed to Disney+ Stand-up comedy show,Entertainment
Bought Medicine from pharmacy,Health
Burger for April,Food
Enrolled in School books from bookstore,Education
Paid for Cake at office,Food
Went for hospital Medical bill,Health
Monthly landlord Garbage collection fee,Bills
Perfume for March,Shopping
Booked Taxi fare to home,Transport
Purchased Samosa from Foodmandu,Food
Registered for Udemy Programming course,Education
Snacks for October,Food
Purchased new Makeup kit seasonal sale,Shopping
Paid Maintenance fee,Bills
Shopping for Kitchenware for birthday gift,Shopping
Steam purchase for June,Entertainment
Used Ride share to hospital,Transport
Vegetables - KFC,Food
Got a new Furniture piece for birthday gift,Shopping
Bought Xbox Game Pass Video game purchase,Entertainment
Lunch at Rice bag,Food
Refueled with Uber ride to office,Transport
Subscribed to Theatre ticket from PlayStation,Entertainment
Bought Belt from Daraz,Shopping
Paid for Theatre ticket family plan,Entertainment
Paid for PlayStation Movie ticket,Entertainment
Shopping for Backpack,Shopping
Power bank for April,Shopping
Water tank refill for March,Bills
Paid for Mobile recharge for the house,Bills
Visited for pharmacy Lab test,Health
Monthly insurance company Maintenance fee,Bills
Subscribed to PlayStation Plus from PlayStation,Entertainment
Subscribed to Comic book with friends,Entertainment
Paid for Netflix PlayStation Plus,Entertainment
Paid for Mobile recharge from utility company,Bills
Renewed Netflix subscription from Spotify,Entertainment
Dinner at Smoothie from Subway,Food
Bought PlayStation Plus weekend outing,Entertainment
Purchased Vegetables on the way home,Food
Vegetables for November,Food
Purchased coaching center Library fine,Education
Subscribed to PlayStation Video game purchase,Entertainment
Perfume for June,Shopping
Paid University fee from Udemy,Education
Bag from local mall,Shopping
Paid for pharmacy Medical bill,Health
Purchased new Daraz Makeup kit,Shopping
Gaming subscription from Disney+,Entertainment
Took out Dal bhat,Food
Grabbed Subway Falafel,Food
Ride share - Tootle,Transport
Subscribed to Netflix Netflix subscription,Entertainment
Electricity bill for September,Bills
Perfume for office,Shopping
Painkillers - local clinic,Health
Booked Health insurance premium routine visit,Health
Exam fee for February,Education
Paid for local garage Ride share,Transport
Grabbed Cooking oil from Foodmandu,Food
Netflix subscription for October,Entertainment
Purchased Cake after work,Food
Booked Streaming service from Netflix,Entertainment
Stationery - library,Education
Ordered shopping center Jacket,Shopping
Paid local ISP Garbage collection fee,Bills
Purchased Steam purchase from Xbox Game Pass,Entertainment
Got a new Shoes seasonal sale,Shopping
Booked Lab test from diagnostic center,Health
Purchased Music album from Spotify,Entertainment
Got a new Curtains seasonal sale,Shopping
Booked Medicine emergency visit,Health
Purchased Tea from Foodmandu,Food
Cable TV bill,Bills
Pathao ride - Tootle,Transport
Paid for Medicine emergency visit,Health
Settled Loan EMI this month,Bills
Went for Hospital bill routine visit,Health
Paid for Health checkup from wellness center,Health
Renewed Bowling session from Steam,Entertainment
Ordered Kitchenware for college,Shopping
Comic book monthly plan,Entertainment
Lunch at Domino's French fries,Food
Purchased KFC Ramen,Food
Purchased Milkshake from McDonald's,Food
Booked PlayStation Plus from Netflix,Entertainment
Bought College tuition annual fee,Education
Refueled with Sajha Yatayat Ride share,Transport
Monthly NEA Maintenance fee,Bills
Subscribed to Cinema ticket from Amazon Prime,Entertainment
Ordered Sneakers for office,Shopping
Purchased InDrive Vehicle insurance,Transport
Bought Hospital bill from gym,Health
Took a Sajha Yatayat Bike fuel,Transport
Renewed Amusement park ticket from Disney+,Entertainment
Paid for Bike repair for a trip,Transport
Purchased Fuel station from Sajha Yatayat,Transport
Lab test for January,Health
Subscribed to Xbox Game Pass Music album,Entertainment
Dinner at Cooking oil,Food
Seminar fee for November,Education
Monthly Property tax from local ISP,Bills
Booked Medical bill from pharmacy,Health
Bought Pancakes during break,Food
Shopping for Shirt from boutique,Shopping
Bought Bread,Food
Grabbed Smoothie from local bakery,Food
Shopping for Laptop bag from Daraz,Shopping
Bought Xbox Game Pass Theatre ticket,Entertainment
Paid for Socks from online store,Shopping
Paid for Steam purchase from YouTube,Entertainment
Study materials,Education
Phone bill for September,Bills
Renewed E-book purchase monthly plan,Entertainment
Paid for boutique Shoes,Shopping
Video game purchase from Spotify,Entertainment
Paid for Bedsheet from outlet store,Shopping
Pathao ride airport transfer,Transport
Paid for Dal bhat on the way home,Food
Bought Disney+ subscription from YouTube,Entertainment
Purchased Video game purchase from Disney+,Entertainment
Recharged Car service for weekend trip,Transport
Recharged Helmet purchase from Pathao,Transport
Used Diesel for weekend trip,Transport
Bought Gym membership checkup,Health
Renewed YouTube Board game,Entertainment
Bought restaurant Momo,Food
Enrolled in Coursera Textbooks,Education
Paid Project materials annual fee,Education
Ordered online store Umbrella,Shopping
Went for pharmacy Physiotherapy session,Health
Bus ticket - Pathao,Transport
Enrolled in Programming course for the workshop,Education
Breakfast at Dosa after work,Food
Bought Sunglasses from outlet store,Shopping
Took out Wow Momo Waffles,Food
Had Tea from KFC,Food
Took a Diesel airport transfer,Transport
Got a new shopping center Curtains,Shopping
Cleared Water bill this month,Bills
Monthly Phone bill this month,Bills
Bubble tea for January,Food
Xbox Game Pass Cinema ticket,Entertainment
Bought Stationery from Udemy,Education
Monthly Water tank refill from NEA,Bills
Breakfast at Milkshake,Food
Library fine for January,Education
Ordered campus canteen Groceries,Food
Painkillers - wellness center,Health
Bought Headphones from shopping center,Shopping
Shopping for Kitchenware,Shopping
Paid for Grilled fish at office,Food
Amusement park ticket from Steam,Entertainment
Got a new online store Perfume,Shopping
Bought diagnostic center Dental treatment,Health
Board game annual plan,Entertainment
Paid for Spotify Amusement park ticket,Entertainment
Paid for Tire replacement to home,Transport
Bought Jeans from outlet store,Shopping
Monthly Garbage collection fee this month,Bills
Lunch at KFC French fries,Food
Paid for Helmet purchase from petrol pump,Transport
Dinner at Ramen delivery order,Food
Dinner at Fried chicken,Food
Cleared Loan EMI from landlord,Bills
Visited for pharmacy Physiotherapy session,Health
Booked pharmacy X-ray,Health
Subscribed to Karaoke night with friends,Entertainment
Booked Amusement park ticket annual plan,Entertainment
Booked Uber Pathao ride,Transport
Paid NEA Insurance premium,Bills
Parking fee for May,Transport
Refueled with Taxi fare to the mall,Transport
Arcade tokens - Disney+,Entertainment
Renewed Steam purchase from Spotify,Entertainment
Snack at Dumplings from Foodmandu,Food
Recharged Diesel from Uber,Transport
Grabbed Ice cream after work,Food
Enrolled in library Seminar fee,Education
Paid local college University fee,Education
Subscribed to Music album from local cinema,Entertainment
Refueled with local garage Auto rickshaw fare,Transport
Steak - food court,Food
Bought Thesis printing for the course,Education
Booked Amusement park ticket,Entertainment
Got a new Bag online order,Shopping
Lunch at Sandwich,Food
Snack at Starbucks Rice bag,Food
Went for Painkillers follow-up visit,Health
Lunch at Burger from Foodmandu,Food
Enrolled in bookstore Lab fee,Education
Registered for Udemy Workshop registration,Education
Booked local cinema Bowling session,Entertainment
Electronics gadget for birthday gift,Shopping
Paid for Netflix subscription from PlayStation,Entertainment
Breakfast at Vegetables at office,Food
Snack at campus canteen Burger,Food
Purchased gas station Cab fare,Transport
Booked Ride share to college,Transport
Paid for Phone bill from insurance company,Bills
Pathao ride for September,Transport
Online course for December,Education
Paid for Chowmein with friends,Food
Purchased College supplies from Udemy,Education
Visited for hospital Medicine,Health
Paid for petrol pump Car service,Transport
Paid bank Gas cylinder,Bills
Makeup kit from Amazon,Shopping
Visited for X-ray from hospital,Health
Settled Property tax from insurance company,Bills
Purchased Steam purchase from YouTube,Entertainment
Used Taxi fare downtown,Transport
Breakfast at Dumplings,Food
Booked Bike rental to hospital,Transport
Got a new Necklace from shopping center,Shopping
Enrolled in Certification exam from Udemy,Education
Visited for Physiotherapy session from wellness center,Health
Paid for Petrol downtown,Transport
Visited for Surgery cost from local clinic,Health
Bought Power bank from online store,Shopping
Health insurance premium - diagnostic center,Health
PlayStation Plus for June,Entertainment
Refueled with InDrive Flight ticket,Transport
Paid for Gym membership,Health
Paid for Furniture piece,Shopping
Enrolled in bookstore Project materials,Education
Got a new Necklace from outlet store,Shopping
Pathao ride downtown,Transport
French fries for September,Food
Subscribed to Netflix subscription from Steam,Entertainment
Purchased Bike fuel to hospital,Transport
Shopping for online store Furniture piece,Shopping
Monthly NEA Mobile recharge,Bills
Bought T-shirt from local mall,Shopping
Paid Study materials from Udemy,Education
Study materials - local college,Education
Renewed Theatre ticket from YouTube,Entertainment
Bought local college Study materials,Education
Monthly Home loan installment from insurance company,Bills
Ordered Amazon Headphones,Shopping
Dental treatment for June,Health
Helmet purchase - Sajha Yatayat,Transport
Cab fare airport transfer,Transport
Bought Netflix YouTube Premium,Entertainment
Paid for Petrol from Pathao,Transport
Milk for December,Food
Paid utility company Monthly rent,Bills
Paid for Daraz Jeans,Shopping
Paid for Amusement park ticket annual plan,Entertainment
Workshop registration - bookstore,Education
Renewed Disney+ subscription with friends,Entertainment
Purchased petrol pump Helmet purchase,Transport
InDrive Train ticket,Transport
Jacket,Shopping
Refueled with Bike wash,Transport
Paid Thesis printing for the workshop,Education
Kitchenware from boutique,Shopping
Registered for College tuition from bookstore,Education
Recharged InDrive Flight ticket,Transport
Breakfast at Starbucks Steak,Food
Taxi fare from InDrive,Transport
local cinema Amusement park ticket,Entertainment
Enrolled in College fee from bookstore,Education
Lunch at Soup from street food stall,Food
Paid Loan EMI from NEA,Bills
Shopping for Socks online order,Shopping
online store Electronics gadget,Shopping
Purchased Seminar fee,Education
Bought Udemy Software license for study,Education
Had Vegetables at college,Food
Paid for landlord Society fee,Bills
Pathao ride - petrol pump,Transport
Shopping for Daraz Curtains,Shopping
Snack at Burrito from Wow Momo,Food
Chowmein - food court,Food
Health checkup for February,Health
Ordered Donuts from hotel restaurant,Food
Salad - dhaba,Food
Ordered Power bank online order,Shopping
Purchased Tire replacement to home,Transport
Bread for August,Food
Breakfast at Kebab,Food
Paid Coursera College supplies,Education
Paid for Steam Movie ticket,Entertainment
Booked Arcade tokens from YouTube,Entertainment
Refueled with Uber Bike repair,Transport
Bought Bowling session from YouTube,Entertainment
Bag for September,Shopping
Bought Jacket,Shopping
Dosa - Domino's,Food
Shopping for Makeup kit for birthday gift,Shopping
Bought Online course from local college,Education
Ordered Sunglasses from online store,Shopping
Dinner at Pizza delivery order,Food
Bike repair for September,Transport
Used Cab fare from petrol pump,Transport
Amazon Prime Steam purchase,Entertainment
Power bank for January,Shopping
Paid for utility company Gas cylinder,Bills
Purchased YouTube Premium from Steam,Entertainment
Streaming service family plan,Entertainment
Took a Pathao Uber ride,Transport
Subscribed to Disney+ subscription with friends,Entertainment
Purchased PlayStation YouTube Premium,Entertainment
Paid for Theatre ticket monthly plan,Entertainment
Paid for Cooking oil from Wow Momo,Food
Paid for local clinic Eye checkup,Health
Renewed Spotify Bowling session,Entertainment
Socks for college,Shopping
Dumplings for August,Food
Biryani - street food stall,Food
Painkillers for July,Health
Got a new Phone case from local mall,Shopping
Went for hospital Gym membership,Health
Purchased Dal bhat for the party,Food
Had Tea during break,Food
Booked Bus ticket from InDrive,Transport
Cleared Water bill from bank,Bills
Paid WiFi payment from utility company,Bills
Ordered Sandwich during break,Food
Registered for bookstore College supplies,Education
Ordered Shoes for office,Shopping
Grabbed cafe Smoothie,Food
Medical bill for October,Health
Bought Library fine from coaching center,Education
Purchased Certification exam from library,Education
Cap for January,Shopping
Earrings from local mall,Shopping
Went for wellness center Yoga class fee,Health
Settled Gas cylinder,Bills
Subscribed to Stand-up comedy show with friends,Entertainment
Went for gym Lab test,Health
Paid for local ISP WiFi payment,Bills
Took out Burger from Wow Momo,Food
Had Fried rice,Food
Renewed Karaoke night annual plan,Entertainment
Took out Ramen with family,Food
Paid for Uber ride from Uber,Transport
Got a new online store Jeans,Shopping
Paid for YouTube Comic book,Entertainment
Diesel for December,Transport
Paid for Sajha Yatayat Metro card recharge,Transport
Physiotherapy session,Health
Socks for July,Shopping
Paid Software license for study for the workshop,Education
Lunch at KFC Taco,Food
Belt - boutique,Shopping
gas station Scooter rental,Transport
Paid Water bill from insurance company,Bills
Steam purchase from Amazon Prime,Entertainment
Booked Xbox Game Pass Comic book,Entertainment
Paid for Surgery cost from diagnostic center,Health
Spotify Spotify subscription,Entertainment
Earrings seasonal sale,Shopping
Refueled with Train ticket,Transport
Paid utility company Internet bill,Bills
Went for diagnostic center Vitamin supplements,Health
Subscribed to PlayStation Plus from Disney+,Entertainment
Cinema ticket - Xbox Game Pass,Entertainment
Salad for June,Food
Enrolled in Workshop registration from library,Education
Thesis printing,Education
Headphones for August,Shopping
Got a new Kitchenware online order,Shopping
Biryani for February,Food
Went for diagnostic center Dental treatment,Health
Booked Eye checkup from wellness center,Health
Monthly rent for November,Bills
Purchased Sandwich from Domino's,Food
Subscribed to E-book purchase from Amazon Prime,Entertainment
Took a Sajha Yatayat Metro card recharge,Transport
Eggs - hotel restaurant,Food
Doctor appointment - wellness center,Health
Booked Health insurance premium checkup,Health
Arcade tokens for November,Entertainment
Lunch at campus canteen Ice cream,Food
Purchased new Wallet from local mall,Shopping
Diesel from Sajha Yatayat,Transport
Settled Credit card payment from utility company,Bills
Purchased Amazon Prime PlayStation Plus,Entertainment
Snack at Pizza Hut Dosa,Food
Dinner at Fried chicken from hotel restaurant,Food
Paid for Backpack from shopping center,Shopping
Paid for Electronics gadget seasonal sale,Shopping
Paid for Home loan installment from local ISP,Bills
Bought Blood test from hospital,Health
Purchased Karaoke night premium plan,Entertainment
Bought Netflix Gaming subscription,Entertainment
Renewed Music album,Entertainment
Paid for Steam purchase with friends,Entertainment
Paid for Necklace for office,Shopping
Had McDonald's Milkshake,Food
Paid for insurance company Cable TV bill,Bills
Paid for Xbox Game Pass Netflix subscription,Entertainment
Belt for November,Shopping
Purchased Udemy Coaching class fee,Education
Bought gym Hospital bill,Health
Renewed Streaming service from YouTube,Entertainment
Purchased new Bedsheet from Amazon,Shopping
Booked Pathao Auto rickshaw fare,Transport
Bought Jeans from local mall,Shopping
Registered for local college University fee,Education
Booked Disney+ Comic book,Entertainment
Took a Uber Pathao ride,Transport
Bread for October,Food
Purchased library Textbooks,Education
Dinner at campus canteen Taco,Food
Refueled with Cab fare from Sajha Yatayat,Transport
Ordered shopping center Curtains,Shopping
Purchased new Umbrella for office,Shopping
Jacket - Daraz,Shopping
Bought Sunglasses for birthday gift,Shopping
Booked Bike fuel to home,Transport
Flight ticket - gas station,Transport
Paid for Cable TV bill this month,Bills
Paid for Electronics gadget for office,Shopping
Paid Loan EMI for the house,Bills
Juice for December,Food
Visited for Doctor appointment from local clinic,Health
Enrolled in Thesis printing from bookstore,Education
Renewed PlayStation Plus from Netflix,Entertainment
Bought Watch from local mall,Shopping
Flight ticket - Uber,Transport
Auto rickshaw fare from Uber,Transport
Cooking oil for August,Food
Waffles - street food stall,Food
Paid for Bowling session family plan,Entertainment
Refueled with Diesel to the mall,Transport
Thesis printing for November,Education
Paid for Health checkup emergency visit,Health
Bought Udemy College supplies,Education
Refueled with gas station Bike fuel,Transport
PlayStation Plus - local cinema,Entertainment
Paid Property tax from NEA,Bills
Bought Stand-up comedy show,Entertainment
Grabbed Domino's Pastry,Food
Bought X-ray follow-up visit,Health
Went for Medical bill from local clinic,Health
Purchased Vegetables,Food
Got a new outlet store Sweater,Shopping
Took out Dal bhat from restaurant,Food
Recharged Car service from Pathao,Transport
Ordered McDonald's Sandwich,Food
Toll fee to college,Transport
Paid for Bowling session from Amazon Prime,Entertainment
Booked Amazon Prime Board game,Entertainment
Enrolled in Project materials,Education
Toll fee for September,Transport
Purchased new Watch from local mall,Shopping
Enrolled in local college College tuition,Education
Renewed local cinema Movie ticket,Entertainment
Used Cab fare,Transport
Lunch at Tea after work,Food
Bag for November,Shopping
Bag for college,Shopping
Visited for Vitamin supplements monthly,Health
Purchased Ride share from petrol pump,Transport
Cleared utility company Mobile recharge,Bills
Bike wash to hospital,Transport
Booked Vehicle insurance from Tootle,Transport
Fried chicken - food court,Food
Ordered local mall Electronics gadget,Shopping
Spotify subscription - PlayStation,Entertainment
Movie ticket for April,Entertainment
Bought Cap from online store,Shopping
Parking fee - Tootle,Transport
Subscribed to Disney+ subscription,Entertainment
Renewed Xbox Game Pass Comic book,Entertainment
Visited for Yoga class fee from gym,Health
Amusement park ticket from Spotify,Entertainment
Makeup kit for July,Shopping
Booked Stand-up comedy show from Steam,Entertainment
Ordered Cap for office,Shopping
Paid for Scooter rental from Tootle,Transport
Got a new Necklace for birthday gift,Shopping
Phone case for April,Shopping
Recharged Ride share to the mall,Transport
Breakfast at Pizza with family,Food
Subscribed to Music album weekend outing,Entertainment
Breakfast at Momo from Starbucks,Food
Ordered Makeup kit for birthday gift,Shopping
Settled Monthly rent from telecom provider,Bills
Paid Coaching class fee for the workshop,Education
Dinner at Pancakes takeaway,Food
Refueled with Fuel station from petrol pump,Transport
Paid utility company Phone bill,Bills
Booked Surgery cost routine visit,Health
Cleared landlord Monthly rent,Bills
Study materials - library,Education
Flight ticket for weekend trip,Transport
Purchased new Laptop bag from boutique,Shopping
Purchased library College supplies,Education
Ordered Sunglasses for birthday gift,Shopping
Water tank refill - landlord,Bills
Took a Parking fee to home,Transport
Paid for Daraz Wallet,Shopping
Taxi fare - Sajha Yatayat,Transport
Refueled with Auto rickshaw fare from local garage,Transport
Vegetables - cafe,Food
Purchased Amazon Prime YouTube Premium,Entertainment
Auto rickshaw fare for September,Transport
Dinner at hotel restaurant Chicken curry,Food
Online course for October,Education
Got a new Shoes from online store,Shopping
Bought Vaccination from diagnostic center,Health
Paid for Tootle Bus ticket,Transport
Bought Foodmandu Pizza,Food
Gaming subscription for May,Entertainment
Breakfast at Momo after work,Food
Purchased Dosa,Food
Maintenance fee - utility company,Bills
boutique Charger,Shopping
Laptop bag - Daraz,Shopping
Dinner at Bajeko Sekuwa Fried rice,Food
Paid for Charger for office,Shopping
Visited for gym Dental treatment,Health
Subscribed to YouTube Comic book,Entertainment
Got a new Necklace online order,Shopping
Renewed Disney+ subscription from Steam,Entertainment
Booked Toll fee from Sajha Yatayat,Transport
Recharged Pathao ride from Sajha Yatayat,Transport
Shopping for shopping center Sweater,Shopping
Bought YouTube Music album,Entertainment
Registered for College fee from university,Education
Paid for Amazon Prime Bowling session,Entertainment
Booked Concert ticket from Netflix,Entertainment
Snacks - dhaba,Food
Monthly bank Insurance premium,Bills
Vehicle insurance from Sajha Yatayat,Transport
Paid for Home loan installment from utility company,Bills
Ordered online store Electronics gadget,Shopping
Phone bill for April,Bills
Had Starbucks Salad,Food
Renewed Netflix Disney+ subscription,Entertainment
outlet store Watch,Shopping
Went for Pharmacy purchase follow-up visit,Health
Refueled with Bike rental downtown,Transport
Registered for Coursera Library fine,Education
Grabbed Chicken curry,Food
PlayStation Plus monthly plan,Entertainment
Went for local clinic Vitamin supplements,Health
Refueled with Car service from petrol pump,Transport
Took a Sajha Yatayat Toll fee,Transport
Paid for Bedsheet from Daraz,Shopping
Got a new Socks for office,Shopping
Shirt from Amazon,Shopping
Lunch at Salad,Food
Renewed Xbox Game Pass Spotify subscription,Entertainment
Bought Health insurance premium emergency visit,Health
Snack at Ramen from Burger King,Food
Earrings - Amazon,Shopping
Registered for local college School books,Education
Booked YouTube Premium monthly plan,Entertainment
College supplies,Education
Taxi fare - gas station,Transport
Purchased Pathao Scooter rental,Transport
Booked Lab test from pharmacy,Health
Ordered boutique Belt,Shopping
Booked Pathao ride to college,Transport
Renewed E-book purchase from Spotify,Entertainment
Bought Blood test from gym,Health
Car service - Tootle,Transport
Took out Chicken curry,Food
Purchased Scooter rental from gas station,Transport
Visited for Hospital bill monthly,Health
Visited for Yoga class fee emergency visit,Health
Karaoke night - Steam,Entertainment
Shopping for outlet store Laptop bag,Shopping
Samosa - street food stall,Food
Had hotel restaurant Grilled fish,Food
Settled Internet bill for the house,Bills
Got a new Furniture piece from Amazon,Shopping
Grabbed Taco from Starbucks,Food
Ordered Daraz Sweater,Shopping
Got a new boutique Necklace,Shopping
Snack at Pasta,Food
Purchased Parking fee for weekend trip,Transport
Ordered Shirt from online store,Shopping
Shoes - outlet store,Shopping
Paid for Sunglasses for office,Shopping
Bowling session from Disney+,Entertainment
Purchased Parking fee from local garage,Transport
Ordered Cooking oil from street food stall,Food
PlayStation Plus for July,Entertainment
Bought Umbrella for birthday gift,Shopping
Grabbed Grilled fish from Pizza Hut,Food
Took a gas station Flight ticket,Transport
Amazon Sunglasses,Shopping
Comic book from YouTube,Entertainment
Took a local garage Toll fee,Transport
Took a Bike repair from Pathao,Transport
Paid for Eye checkup from gym,Health
Purchased Parking fee airport transfer,Transport
Booked Disney+ Netflix subscription,Entertainment
Ordered French fries from campus canteen,Food
Bread - Bajeko Sekuwa,Food
Paid for Mobile recharge from landlord,Bills
Paid for Amazon Wallet,Shopping
Medical bill for December,Health
Music album - local cinema,Entertainment
Paid for Amazon Cap,Shopping
Snack at Cooking oil after work,Food
Cooking oil - KFC,Food
Renewed PlayStation Music album,Entertainment
Cleared utility company Garbage collection fee,Bills
Netflix subscription from Amazon Prime,Entertainment
Flight ticket from petrol pump,Transport
Visited for wellness center Physiotherapy session,Health
Scooter rental for January,Transport
Breakfast at Tea with friends,Food
Booked gas station Vehicle insurance,Transport
Paid for Flight ticket from Uber,Transport
Renewed Steam purchase family plan,Entertainment
Refueled with Train ticket airport transfer,Transport
Ride share to college,Transport
Bike fuel - local garage,Transport
Uber ride for August,Transport
Purchased Steak from McDonald's,Food
Purchased Theatre ticket from local cinema,Entertainment
Took out Salad,Food
Bought wellness center Gym membership,Health
Visited for Physiotherapy session from local clinic,Health
Booked Tootle Pathao ride,Transport
Library fine - library,Education
Got a new Daraz Jeans,Shopping
Took out McDonald's Waffles,Food
Took a Car rental from Uber,Transport
Bedsheet - local mall,Shopping
Gym membership for April,Health
Renewed Amusement park ticket from PlayStation,Entertainment
Momo for August,Food
Registered for Workshop registration for the course,Education
Pastry - dhaba,Food
Paid for Parking fee from Pathao,Transport
Paid House rent for the house,Bills
Paid for Disney+ Bowling session,Entertainment
Sushi - street food stall,Food
Ordered Coffee delivery order,Food
Ordered Tea for the party,Food
Settled Monthly rent from insurance company,Bills
Breakfast at restaurant Ramen,Food
Took a Bus ticket,Transport
Helmet purchase airport transfer,Transport
Bought PlayStation E-book purchase,Entertainment
Jacket from local mall,Shopping
Purchased Noodles,Food
Purchased new Amazon Watch,Shopping
Went for X-ray from gym,Health
Ordered Waffles from street food stall,Food
Coaching class fee - library,Education
Bag online order,Shopping
Ride share from Tootle,Transport
Monthly Mobile recharge from telecom provider,Bills
Paid Home loan installment quarterly payment,Bills
Paid Lab fee from library,Education
Settled local ISP Water bill,Bills
Shopping for Amazon Jeans,Shopping
Visited for wellness center Yoga class fee,Health
Monthly bank Electricity bill,Bills
Got a new Perfume from shopping center,Shopping
Netflix subscription from Xbox Game Pass,Entertainment
Paid for Credit card payment for the apartment,Bills
Enrolled in Seminar fee annual fee,Education
Cleared Mobile recharge this month,Bills
Coffee for May,Food
Booked Video game purchase from local cinema,Entertainment
Booked Parking fee from Pathao,Transport
Bought Bubble tea from dhaba,Food
Ramen - Domino's,Food
Renewed Amusement park ticket monthly plan,Entertainment
Paid for hospital Pharmacy purchase,Health
Paid local ISP Electricity bill,Bills
Registered for Online course from local college,Education
Charger for April,Shopping
Used Auto rickshaw fare from Sajha Yatayat,Transport
Paid for Physiotherapy session from hospital,Health
Used Tire replacement from petrol pump,Transport
Paid for YouTube Premium from Xbox Game Pass,Entertainment
Monthly Water bill quarterly payment,Bills
Booked Pharmacy purchase from diagnostic center,Health
Paid library Workshop registration,Education
Phone case for January,Shopping
Recharged Scooter rental to college,Transport
Went for Blood test,Health
Paid for Toll fee from gas station,Transport
Booked Steam purchase from Steam,Entertainment
Purchased Ice cream during break,Food
Shirt online order,Shopping
Used Scooter rental,Transport
Shopping for Laptop bag for birthday gift,Shopping
Electricity bill for June,Bills
Visited for gym Hospital bill,Health
Metro card recharge to office,Transport
Shopping for boutique Jeans,Shopping
Paid Stationery for the course,Education
Booked Karaoke night from Netflix,Entertainment
Renewed Disney+ subscription monthly plan,Entertainment
Took out Eggs from cafe,Food
Bought pharmacy Doctor appointment,Health
Got a new Power bank,Shopping
Registered for Study materials,Education
Perfume - shopping center,Shopping
Purchased Theatre ticket with friends,Entertainment
Grabbed Sushi delivery order,Food
Bread - Domino's,Food
Purchased Groceries,Food
Paid for wellness center Vitamin supplements,Health
Subscribed to E-book purchase,Entertainment
Went for Hospital bill from wellness center,Health
Purchased Pizza Hut Dumplings,Food
Went for Vaccination from gym,Health
Took out Chowmein during break,Food
Samosa - Burger King,Food
PlayStation Plus for January,Entertainment
Purchased Auto rickshaw fare from petrol pump,Transport
local mall Jacket,Shopping
Got a new outlet store Cap,Shopping
Cleared bank Water tank refill,Bills
Ordered Earrings from boutique,Shopping
Purchased library Library fine,Education
Makeup kit for April,Shopping
Paid for Board game weekend outing,Entertainment
Theatre ticket - local cinema,Entertainment
Purchased new Earrings for college,Shopping
Salad - Starbucks,Food
Paid for Jacket for office,Shopping
Netflix Karaoke night,Entertainment
Phone case for birthday gift,Shopping
Booked Karaoke night from local cinema,Entertainment
Renewed Spotify subscription from Xbox Game Pass,Entertainment
Used Helmet purchase from Tootle,Transport
Parking fee - InDrive,Transport
Train ticket to office,Transport
Got a new outlet store Socks,Shopping
Purchased new boutique Shoes,Shopping
Booked Netflix subscription weekend outing,Entertainment
Enrolled in Coaching class fee this semester,Education
Painkillers - hospital,Health
Purchased petrol pump Bike rental,Transport
Paid for boutique Watch,Shopping
Music album - Xbox Game Pass,Entertainment
Shopping for Bag for birthday gift,Shopping
Monthly WiFi payment from utility company,Bills
Subscribed to Amazon Prime membership annual plan,Entertainment
Stand-up comedy show for October,Entertainment
Took a Tootle Uber ride,Transport
Bought Gym membership emergency visit,Health
Pastry for November,Food
Bought shopping center Electronics gadget,Shopping
Paid for Bag from Amazon,Shopping
Subscribed to Spotify Netflix subscription,Entertainment
Jeans from Amazon,Shopping
Bought Pharmacy purchase emergency visit,Health
Pizza - Burger King,Food
Enrolled in Workshop registration from coaching center,Education
Had cafe Smoothie,Food
Cleared Cable TV bill annual payment,Bills
Hospital bill for August,Health
Paid for Amazon Prime Karaoke night,Entertainment
Ordered Cap from outlet store,Shopping
Recharged Tootle Uber ride,Transport
Booked Disney+ Video game purchase,Entertainment
Electronics gadget - Daraz,Shopping
Got a new Perfume from boutique,Shopping
Paid for Bajeko Sekuwa Pastry,Food
Purchased Fried rice takeaway,Food
Toll fee - Tootle,Transport
Breakfast at Wow Momo Tea,Food
Purchased Wow Momo Pasta,Food
Property tax for October,Bills
Used Flight ticket to home,Transport
Refueled with Uber ride from Sajha Yatayat,Transport
Visited for Dental appointment from diagnostic center,Health
Took a Auto rickshaw fare to hospital,Transport
Scooter rental for weekend trip,Transport
Got a new Sunglasses for office,Shopping
Had Pastry with family,Food
Dumplings - Wow Momo,Food
Sandwich for January,Food
Booked PlayStation Amusement park ticket,Entertainment
Paid Garbage collection fee from bank,Bills
Paid for Ice cream from street food stall,Food
Online course for November,Education
Noodles - dhaba,Food
Paid for gym Dental treatment,Health
Took a petrol pump Bus ticket,Transport
Paid for NEA Phone bill,Bills
Paid bookstore Thesis printing,Education
Electronics gadget for March,Shopping
Dinner at Coffee at office,Food
Fried rice for January,Food
Settled landlord Gas cylinder,Bills
Paid for boutique Makeup kit,Shopping
Board game - Spotify,Entertainment
Cleared WiFi payment from bank,Bills
Comic book from PlayStation,Entertainment
Monthly local ISP Internet bill,Bills
Disney+ subscription from local cinema,Entertainment
Bought Online course for the course,Education
Shirt for March,Shopping
Took a InDrive Helmet purchase,Transport
Paid Online course for the workshop,Education
Paid for Headphones from local mall,Shopping
Took out street food stall Burger,Food
Paid Cable TV bill from insurance company,Bills
Ordered Donuts from Burger King,Food
Bought diagnostic center Dental appointment,Health
Sushi for December,Food
Loan EMI for March,Bills
Toll fee to hospital,Transport
Certification exam - bookstore,Education
Rice bag for September,Food
Visited for wellness center Surgery cost,Health
Bought local cinema Music album,Entertainment
Paid WiFi payment from insurance company,Bills
Diesel to college,Transport
Renewed Spotify Gaming subscription,Entertainment
Bought boutique Sunglasses,Shopping
Shopping for boutique Power bank,Shopping
Settled Property tax for the house,Bills
Samosa - Pizza Hut,Food
Shoes for September,Shopping
Purchased coaching center College supplies,Education
Ordered local mall Shirt,Shopping
Booked Blood test from local clinic,Health
Got a new Makeup kit from boutique,Shopping
Ordered Perfume from online store,Shopping
Renewed Netflix subscription,Entertainment
Visited for Dental treatment emergency visit,Health
Paid for online store Makeup kit,Shopping
Paid for diagnostic center Pharmacy purchase,Health
Ordered Umbrella from Amazon,Shopping
Purchased Library fine from coaching center,Education
Used Flight ticket from Uber,Transport
Purchased PlayStation Gaming subscription,Entertainment
Monthly Insurance premium from utility company,Bills
Settled local ISP Cable TV bill,Bills
Purchased local college Thesis printing,Education
Had Sandwich from cafe,Food
Bought food court Rice bag,Food
Booked Vitamin supplements from local clinic,Health
Dinner at French fries at office,Food
Purchased new Jeans for office,Shopping
Bought local clinic Physiotherapy session,Health
Paid for Daraz Earrings,Shopping
Settled Water bill from NEA,Bills
Milkshake - Foodmandu,Food
Bought Fruits from Subway,Food
Visited for Surgery cost from hospital,Health
Booked Car service to the mall,Transport
Shopping for outlet store Power bank,Shopping
Jeans for February,Shopping
Flight ticket - petrol pump,Transport
Breakfast at Samosa from Bajeko Sekuwa,Food
Purchased Cab fare for weekend trip,Transport
Waffles for January,Food
Power bank for September,Shopping
Recharged Car rental to hospital,Transport
Bought Gaming subscription,Entertainment
Paid University fee this semester,Education
Recharged Taxi fare to the mall,Transport
Bike rental from gas station,Transport
Sneakers for September,Shopping
Purchased E-book purchase from Xbox Game Pass,Entertainment
Grabbed Bread after work,Food
Bought Doctor appointment from gym,Health
Cinema ticket - Amazon Prime,Entertainment
Rice bag - Foodmandu,Food
Used petrol pump Bike rental,Transport
Purchased new Bag seasonal sale,Shopping
Purchased new Shirt seasonal sale,Shopping
Used Toll fee to office,Transport
Got a new Sweater from Daraz,Shopping
Purchased new Electronics gadget from Amazon,Shopping
Took a Tootle Vehicle insurance,Transport
Took a petrol pump Cab fare,Transport
Booked Bike repair downtown,Transport
Used Tire replacement from local garage,Transport
Grabbed Wow Momo Taco,Food
Paid for Uber ride for weekend trip,Transport
Booked Petrol to home,Transport
Paid for diagnostic center Yoga class fee,Health
Settled Gas cylinder from local ISP,Bills
Refueled with gas station Bike rental,Transport
Arcade tokens from local cinema,Entertainment
Booked Music album from Amazon Prime,Entertainment
Breakfast at Cake,Food
Samosa - Subway,Food
Paid for utility company Property tax,Bills
Renewed Disney+ Amusement park ticket,Entertainment
Paid for Streaming service with friends,Entertainment
Paid for Disney+ subscription from Steam,Entertainment
Milk - campus canteen,Food
Paid NEA Property tax,Bills
Subscribed to Streaming service from PlayStation,Entertainment
Went for Health insurance premium from hospital,Health
Yoga class fee for September,Health
Ordered Sandwich from McDonald's,Food
Used Pathao ride to office,Transport
Purchased College tuition from library,Education
Used Toll fee from Pathao,Transport
Purchased Wow Momo Burrito,Food
Ordered Power bank from Amazon,Shopping
Monthly Society fee from utility company,Bills
Kebab for October,Food
Enrolled in Exam fee from library,Education
Paid for Movie ticket from Netflix,Entertainment
boutique Shirt,Shopping
Bought Physiotherapy session monthly,Health
Shopping for outlet store Jeans,Shopping
Bike wash from InDrive,Transport
Auto rickshaw fare from InDrive,Transport
Water tank refill - utility company,Bills
Booked Diesel,Transport
Monthly House rent for the house,Bills
PlayStation E-book purchase,Entertainment
Paid Insurance premium from utility company,Bills
Momo - street food stall,Food
Shopping for Amazon Laptop bag,Shopping
Paid for Steam Stand-up comedy show,Entertainment
Settled utility company Phone bill,Bills
Took a Taxi fare from Tootle,Transport
Metro card recharge - Uber,Transport
Ordered Furniture piece from Daraz,Shopping
Milk - restaurant,Food
Uber ride,Transport
Paid for Fried rice,Food
Ordered Bajeko Sekuwa Donuts,Food
Grabbed Ramen from Burger King,Food
Used Tire replacement from gas station,Transport
Went for wellness center Medicine,Health
Renewed Xbox Game Pass E-book purchase,Entertainment
Paid for telecom provider Maintenance fee,Bills
Booked PlayStation Plus family plan,Entertainment
Visited for Health insurance premium from local clinic,Health
Ordered Ramen,Food
Purchased Cake from local bakery,Food
Got a new Phone case for birthday gift,Shopping
Purchased Diesel for weekend trip,Transport
Recharged Vehicle insurance from Pathao,Transport
Enrolled in University fee for the course,Education
Refueled with Uber Car rental,Transport
Booked Amusement park ticket from Xbox Game Pass,Entertainment
Purchased Sajha Yatayat Bike repair,Transport
Refueled with Parking fee to office,Transport
Bought Vitamin supplements from wellness center,Health
Ordered boutique Jacket,Shopping
Ordered Milk from dhaba,Food
Renewed E-book purchase from Netflix,Entertainment
Dinner at Chicken curry from street food stall,Food
Car service,Transport
Visited for diagnostic center Dental treatment,Health
Purchased YouTube Premium from Amazon Prime,Entertainment
Paid for Electricity bill from NEA,Bills
Fried chicken for August,Food
Bought Jacket for birthday gift,Shopping
Ordered Socks from Daraz,Shopping
YouTube Premium - Steam,Entertainment
Paid for Fried chicken with friends,Food
Settled Maintenance fee from bank,Bills
Went for gym Hospital bill,Health
Subscribed to Concert ticket weekend outing,Entertainment
Booked Concert ticket from Disney+,Entertainment
Paid Stationery from bookstore,Education
Used gas station Bike wash,Transport
Took a Petrol to home,Transport
Recharged Tire replacement from local garage,Transport
Streaming service for March,Entertainment
Auto rickshaw fare - petrol pump,Transport
Bought Curtains from boutique,Shopping
Dinner at Tea from local bakery,Food
Paid for Concert ticket from YouTube,Entertainment
Had Waffles takeaway,Food
Bought Spotify Steam purchase,Entertainment
Cleared Gas cylinder from utility company,Bills
Purchased dhaba Pizza,Food
Bought local cinema Concert ticket,Entertainment
Refueled with Bike rental to home,Transport
Paid Home loan installment from bank,Bills
Purchased Thesis printing,Education
Paid Property tax from local ISP,Bills
Purchased Streaming service weekend outing,Entertainment
Purchased Udemy Study materials,Education
Theatre ticket for January,Entertainment
Cleared landlord Water bill,Bills
Recharged Sajha Yatayat Pathao ride,Transport
Purchased Metro card recharge downtown,Transport
Booked Doctor appointment from diagnostic center,Health
Cleared landlord Property tax,Bills
Purchased Board game weekend outing,Entertainment
Dinner at restaurant Rice bag,Food
Refueled with Bike fuel to hospital,Transport
Bought Amazon Prime membership from YouTube,Entertainment
Purchased Amusement park ticket from YouTube,Entertainment
Paid for Video game purchase from Disney+,Entertainment
Settled Maintenance fee from landlord,Bills
T-shirt seasonal sale,Shopping
Booked pharmacy Health insurance premium,Health
Bought Lab fee annual fee,Education
Had Burger King Taco,Food
Visited for wellness center Blood test,Health
Bought Electronics gadget,Shopping
Monthly Property tax annual payment,Bills
Bought library Thesis printing,Education
Workshop registration - coaching center,Education
Paid for Steak from cafe,Food
Exam fee for January,Education
Took a Parking fee from Pathao,Transport
College supplies for May,Education
School books - Udemy,Education
Refueled with Train ticket to hospital,Transport
Went for Dental treatment from gym,Health
Paid House rent from bank,Bills
Subscribed to Disney+ Spotify subscription,Entertainment
Recharged Fuel station from gas station,Transport
Paid Cable TV bill from telecom provider,Bills
Xbox Game Pass Steam purchase,Entertainment
Bought Watch,Shopping
Monthly Water tank refill from local ISP,Bills
Bought Gym membership from diagnostic center,Health
Shirt for February,Shopping
Paid for Gas cylinder from insurance company,Bills
Paid for wellness center Gym membership,Health
Grabbed French fries at office,Food
Paid for Pathao Toll fee,Transport
Dental treatment - diagnostic center,Health
Got a new Sweater for office,Shopping
Refueled with Vehicle insurance,Transport
Software license for study - library,Education
Bought Karaoke night from local cinema,Entertainment
Ordered Burrito on the way home,Food
Uber Pathao ride,Transport
Paid Insurance premium for the house,Bills
Bought Laptop bag from Amazon,Shopping
Bought E-book purchase from local cinema,Entertainment
Visited for Blood test from local clinic,Health
Booked Bike rental from local garage,Transport
Purchased Disney+ Video game purchase,Entertainment
Paid NEA House rent,Bills
Took a Sajha Yatayat Bike rental,Transport
Bought Amusement park ticket,Entertainment
Paid for Necklace seasonal sale,Shopping
Amazon Prime membership for December,Entertainment
Bought local college Seminar fee,Education
Tea for February,Food
Bought Coffee from Burger King,Food
Paid for Spotify Comic book,Entertainment
Taxi fare - local garage,Transport
Renewed Xbox Game Pass Gaming subscription,Entertainment
Tea - Domino's,Food
Bought Pharmacy purchase from gym,Health
Subscribed to PlayStation Cinema ticket,Entertainment
Registered for Certification exam from Coursera,Education
Paid for Train ticket to office,Transport
Paid Apartment rent from NEA,Bills
Paid for Pathao Bike wash,Transport
Breakfast at French fries on the way home,Food
Ordered Bajeko Sekuwa Dosa,Food
Amazon Backpack,Shopping
Went for Health insurance premium emergency visit,Health
Bike fuel for October,Transport
Ordered Smoothie with friends,Food
Paid for Petrol to home,Transport
Ordered Power bank from online store,Shopping
Settled Phone bill,Bills
Renewed YouTube Premium from Disney+,Entertainment
Paid Lab fee annual fee,Education
Got a new local mall Necklace,Shopping
Used Uber ride from gas station,Transport
Got a new Headphones,Shopping
Subscribed to PlayStation Plus from Steam,Entertainment
Purchased Netflix Spotify subscription,Entertainment
Bought Backpack online order,Shopping
Gas cylinder for May,Bills
Bought Physiotherapy session from local clinic,Health
Paid for PlayStation Plus from PlayStation,Entertainment
Took out Eggs from restaurant,Food
Sweater - shopping center,Shopping
Burrito for February,Food
Ordered Wow Momo Cooking oil,Food
Refueled with Toll fee,Transport
Recharged Ride share from local garage,Transport
Xbox Game Pass Concert ticket,Entertainment
Paid for campus canteen Milk,Food
Grabbed Kebab from KFC,Food
Settled Credit card payment this month,Bills
Settled Gas cylinder from insurance company,Bills
Recharged local garage Toll fee,Transport
Monthly telecom provider Water tank refill,Bills
Took out Pizza Hut Milkshake,Food
Paid for Maintenance fee this month,Bills
Paid for Gym membership from wellness center,Health
Settled Phone bill this month,Bills
Booked local clinic Hospital bill,Health
Helmet purchase for April,Transport
Booked Xbox Game Pass Video game purchase,Entertainment
Monthly rent for October,Bills
Electronics gadget for office,Shopping
Purchased Software license for study for the course,Education
Paid for Soup takeaway,Food
Paid for House rent this month,Bills
Karaoke night for September,Entertainment
Ordered Burrito after work,Food
Refueled with Toll fee to the mall,Transport
Gaming subscription for June,Entertainment
Vegetables for January,Food
Concert ticket monthly plan,Entertainment
Cinema ticket for December,Entertainment
PlayStation Plus for September,Entertainment
Workshop registration for May,Education
Subscribed to Amusement park ticket from Xbox Game Pass,Entertainment
Purchased new Furniture piece for birthday gift,Shopping
Shopping for online store Makeup kit,Shopping
Bought E-book purchase monthly plan,Entertainment
Used gas station Flight ticket,Transport
Paid Water tank refill for the apartment,Bills
Subscribed to Board game from Xbox Game Pass,Entertainment
Took out Groceries at office,Food
Insurance premium - NEA,Bills
Dinner at Eggs at college,Food
Used Car rental for weekend trip,Transport
Enrolled in Software license for study this semester,Education
Registered for Workshop registration from Udemy,Education
Paid for Bubble tea from Wow Momo,Food
Booked Streaming service from PlayStation,Entertainment
Dinner at Samosa from hotel restaurant,Food
Bought Amusement park ticket weekend outing,Entertainment
Paid for Steam Concert ticket,Entertainment
Booked Health insurance premium monthly,Health
Paid for boutique Curtains,Shopping
Bought YouTube Stand-up comedy show,Entertainment
Bought Dental treatment emergency visit,Health
Paid for Movie ticket from Amazon Prime,Entertainment
Paid for shopping center Kitchenware,Shopping
Movie ticket from Spotify,Entertainment
Purchased InDrive Uber ride,Transport
Purchased petrol pump Cab fare,Transport
Enrolled in Udemy School books,Education
Had KFC Coffee,Food
Dinner at Salad,Food
Bought boutique Furniture piece,Shopping
Used local garage Car service,Transport
Had Thukpa from Pizza Hut,Food
Refueled with Cab fare to office,Transport
Pizza for July,Food
Purchased coaching center Workshop registration,Education
Ordered Phone case for office,Shopping
Paid for Video game purchase,Entertainment
Paid for Daraz Perfume,Shopping
Paid for boutique Wallet,Shopping
Bought Exam fee this semester,Education
Booked Steam purchase annual plan,Entertainment
Electricity bill for December,Bills
Paid Electricity bill from utility company,Bills
Used gas station Car rental,Transport
Had Smoothie for the party,Food
Purchased Seminar fee from local college,Education
Monthly NEA Cable TV bill,Bills
Snack at Burrito from Starbucks,Food
Snack at Burrito from Domino's,Food
Purchased food court Eggs,Food
gas station Fuel station,Transport
Taco for April,Food
Used Diesel from Sajha Yatayat,Transport
Paid landlord House rent,Bills
Took a Bike fuel from local garage,Transport
Breakfast at McDonald's Sushi,Food
Breakfast at Burger with friends,Food
Bought outlet store T-shirt,Shopping
Purchased Online course for the course,Education
Spotify subscription weekend outing,Entertainment
Subscribed to Arcade tokens from PlayStation,Entertainment
Phone case,Shopping
Cleared Mobile recharge from landlord,Bills
Cleared Apartment rent from utility company,Bills
Purchased Ride share for weekend trip,Transport
Netflix subscription premium plan,Entertainment
Paid for Lab test follow-up visit,Health
Paid for Medicine from wellness center,Health
Uber ride for weekend trip,Transport
local mall Cap,Shopping
Mobile recharge for December,Bills
Paid library Seminar fee,Education
Bought shopping center Power bank,Shopping
Paid for Kebab from Foodmandu,Food
Subscribed to Cinema ticket family plan,Entertainment
Grabbed Pizza Hut Sandwich,Food
Got a new Shirt for office,Shopping
Bought Disney+ Amazon Prime membership,Entertainment
Bought gym Medicine,Health
Concert ticket from Xbox Game Pass,Entertainment
Paid local college Textbooks,Education
Shopping for local mall Laptop bag,Shopping
Project materials for November,Education
Recharged Tootle Petrol,Transport
Hot dog for July,Food
Registered for School books from Coursera,Education
Purchased Snacks delivery order,Food
Bought Bedsheet for college,Shopping
Snack at cafe Thukpa,Food
Refueled with Uber Car service,Transport
Pasta for October,Food
Bought Health checkup follow-up visit,Health
Booked Medical bill from diagnostic center,Health
Paid for Bajeko Sekuwa Taco,Food
Had Milk,Food
Settled landlord Internet bill,Bills
Credit card payment for June,Bills
Paid for YouTube Spotify subscription,Entertainment
Used Vehicle insurance from Pathao,Transport
Subscribed to Xbox Game Pass YouTube Premium,Entertainment
YouTube Theatre ticket,Entertainment
Took out Steak from McDonald's,Food
Paid for YouTube Amusement park ticket,Entertainment
Bought Painkillers from diagnostic center,Health
Grabbed Donuts from Domino's,Food
Enrolled in Stationery annual fee,Education
Breakfast at Bajeko Sekuwa Groceries,Food
French fries - local bakery,Food
Paid Project materials from bookstore,Education
Breakfast at Cake from food court,Food
Paid for Bus ticket to college,Transport
Had Bubble tea,Food
Booked Car rental from Tootle,Transport
Bought Streaming service from Netflix,Entertainment
Milk for August,Food
Snack at Ramen,Food
Gaming subscription - Netflix,Entertainment
Dinner at Salad on the way home,Food
Subscribed to Amusement park ticket,Entertainment
Paid for Physiotherapy session emergency visit,Health
Paid Udemy College tuition,Education
Subscribed to PlayStation Streaming service,Entertainment
Ordered Curtains online order,Shopping
Took a InDrive Bike fuel,Transport
YouTube Premium,Entertainment
Cleared Insurance premium from landlord,Bills
Purchased Disney+ Stand-up comedy show,Entertainment
Lunch at Milkshake,Food
Ordered Sunglasses from Daraz,Shopping
Booked local garage Scooter rental,Transport
Ordered Bajeko Sekuwa Groceries,Food
Got a new Laptop bag online order,Shopping
Paid Seminar fee from Coursera,Education
Bag for April,Shopping
Comic book - Xbox Game Pass,Entertainment
Went for hospital X-ray,Health
Purchased Toll fee from Uber,Transport
Purchased new Furniture piece from online store,Shopping
Bought hospital Blood test,Health
Got a new Sunglasses from Amazon,Shopping
Renewed Xbox Game Pass Board game,Entertainment
Had restaurant Snacks,Food
Eggs - Domino's,Food
Uber Fuel station,Transport
Monthly insurance company Monthly rent,Bills
Had Pastry,Food
Paid for Pastry,Food
Bought Dosa takeaway,Food
Took a Parking fee,Transport
Diesel from gas station,Transport
Purchased new Power bank for office,Shopping
Ordered Belt from Daraz,Shopping
Renewed Stand-up comedy show from local cinema,Entertainment
Paid for Amusement park ticket from Disney+,Entertainment
Cleared insurance company Insurance premium,Bills
Ordered French fries from hotel restaurant,Food
Paid for YouTube Steam purchase,Entertainment
Bought Arcade tokens from Netflix,Entertainment
Paid for PlayStation Stand-up comedy show,Entertainment
Recharged petrol pump Taxi fare,Transport
Purchased Stand-up comedy show weekend outing,Entertainment
Used Petrol airport transfer,Transport
Renewed Movie ticket premium plan,Entertainment
Subscribed to Music album from Amazon Prime,Entertainment
Breakfast at Dal bhat from Pizza Hut,Food
Renewed local cinema Concert ticket,Entertainment
Refueled with Flight ticket to college,Transport
Paid for Concert ticket with friends,Entertainment
local garage Parking fee,Transport
Paid local ISP Maintenance fee,Bills
Purchased Wow Momo Groceries,Food
Paid for Jacket,Shopping
Paid for utility company Apartment rent,Bills
Bought Cooking oil from cafe,Food
Lunch at Burger King Soup,Food
Booked Disney+ Stand-up comedy show,Entertainment
Monthly NEA Water tank refill,Bills
Paid for Medical bill checkup,Health
Refueled with Bike wash to hospital,Transport
Enrolled in university Study materials,Education
Refueled with Uber ride,Transport
Hot dog - cafe,Food
Purchased Bike repair from local garage,Transport
Bought gym Gym membership,Health
Settled insurance company WiFi payment,Bills
Jacket from Amazon,Shopping
Paid for Medicine monthly,Health
Bought Programming course annual fee,Education
Sunglasses from Daraz,Shopping
Taxi fare to hospital,Transport
Monthly Water bill annual payment,Bills
Donuts - Starbucks,Food
Ordered Amazon Bag,Shopping
Paid for Tootle Helmet purchase,Transport
Visited for Pharmacy purchase emergency visit,Health
Purchased new Charger online order,Shopping
Paid utility company Mobile recharge,Bills
Cleared local ISP Monthly rent,Bills
Monthly Society fee this month,Bills
Paid for Blood test from hospital,Health
Ordered Phone case from outlet store,Shopping
Dinner at Starbucks Ice cream,Food
Purchased Amazon Prime membership from Amazon Prime,Entertainment
Purchased Xbox Game Pass Concert ticket,Entertainment
Took out Rice bag at college,Food
Got a new outlet store Bag,Shopping
Refueled with Auto rickshaw fare from Sajha Yatayat,Transport
Purchased Music album weekend outing,Entertainment
Used Car service from Uber,Transport
Paid for YouTube Netflix subscription,Entertainment
Used petrol pump Toll fee,Transport
Bought Arcade tokens annual plan,Entertainment
Paid for landlord Garbage collection fee,Bills
Recharged Bike rental from gas station,Transport
Bought Steam Disney+ subscription,Entertainment
Went for Dental appointment emergency visit,Health
Purchased local college Exam fee,Education
Paid for Sunglasses from shopping center,Shopping
Theatre ticket - Steam,Entertainment
Settled Loan EMI,Bills
Bought Steak,Food
Bought diagnostic center Surgery cost,Health
Internet bill - utility company,Bills
Booked Painkillers from hospital,Health
Snack at Chicken curry from street food stall,Food
Monthly Water tank refill quarterly payment,Bills
Perfume from online store,Shopping
Subscribed to Movie ticket from Amazon Prime,Entertainment
Purchased Stand-up comedy show premium plan,Entertainment
Renewed Spotify Steam purchase,Entertainment
Cap for November,Shopping
Visited for Blood test from hospital,Health
Purchased PlayStation Music album,Entertainment
Phone bill for January,Bills
Bought Dental appointment monthly,Health
Got a new Necklace from local mall,Shopping
Ordered Amazon Jacket,Shopping
Ordered Belt from online store,Shopping
Waffles - restaurant,Food
Purchased Waffles with family,Food
Paid for Pizza Hut Bread,Food
Bought street food stall Samosa,Food
Bought hospital Health insurance premium,Health
Paid for Milk from Domino's,Food
Loan EMI for August,Bills
Bought Laptop bag from boutique,Shopping
Bought hospital Physiotherapy session,Health
Textbooks for August,Education
Grabbed Coffee from Burger King,Food
Uber Parking fee,Transport
Paid for PlayStation Plus weekend outing,Entertainment
Car service from Uber,Transport
Took out KFC Bubble tea,Food
Ordered shopping center Headphones,Shopping
Amazon Bedsheet,Shopping
Property tax - insurance company,Bills
Cleared NEA Garbage collection fee,Bills
Purchased Online course from university,Education
Bought Burger King Dosa,Food
Smoothie - Pizza Hut,Food
Renewed Xbox Game Pass Netflix subscription,Entertainment
Bike fuel - petrol pump,Transport
Bought wellness center X-ray,Health
Dinner at dhaba Burrito,Food
Milkshake for February,Food
Enrolled in bookstore Thesis printing,Education
Paid telecom provider Internet bill,Bills
Paid for Charger,Shopping
Bought Jacket from local mall,Shopping
Ordered Kitchenware from Amazon,Shopping
Snacks for May,Food
Paid for Flight ticket from InDrive,Transport
Paid for YouTube Concert ticket,Entertainment
Bought Earrings for college,Shopping
Purchased new shopping center Furniture piece,Shopping
Shopping for Watch from Daraz,Shopping
Registered for Software license for study this semester,Education
Groceries - McDonald's,Food
Necklace for March,Shopping
Paid Society fee from local ISP,Bills
College supplies - bookstore,Education
Bought PlayStation Disney+ subscription,Entertainment
Purchased Uber Bike wash,Transport
Booked Diesel from Pathao,Transport
Paid for Diesel,Transport
Shopping for boutique Phone case,Shopping
Paid for Xbox Game Pass PlayStation Plus,Entertainment
Recharged Metro card recharge from Pathao,Transport
Apartment rent for March,Bills
Booked Tire replacement from Uber,Transport
Paid insurance company WiFi payment,Bills
Subscribed to Netflix Movie ticket,Entertainment
Paid for local mall Makeup kit,Shopping
Lunch at Chowmein takeaway,Food
Bought Hospital bill checkup,Health
Bus ticket - local garage,Transport
Dosa - Bajeko Sekuwa,Food
Purchased Salad takeaway,Food
Registered for University fee from university,Education
Auto rickshaw fare for July,Transport
Pasta - hotel restaurant,Food
Paid for Rice bag,Food
Paid Phone bill from NEA,Bills
Lunch at Smoothie with friends,Food
Paid university Textbooks,Education
Paid for local mall Backpack,Shopping
Paid insurance company Water bill,Bills
Recharged Pathao Tire replacement,Transport
Concert ticket for June,Entertainment
Snack at Starbucks Grilled fish,Food
Paid for Vaccination emergency visit,Health
Bought Furniture piece from outlet store,Shopping
Had Tea,Food
Bought Coursera Coaching class fee,Education
Coaching class fee for March,Education
Credit card payment - insurance company,Bills
Toll fee for March,Transport
Shopping for Necklace,Shopping
Visited for Pharmacy purchase from pharmacy,Health
Went for gym Vaccination,Health
Shopping for Earrings from shopping center,Shopping
Waffles - hotel restaurant,Food
Used Vehicle insurance from Uber,Transport
Subscribed to local cinema Amazon Prime membership,Entertainment
Bought E-book purchase from Netflix,Entertainment
Dinner at Wow Momo Pasta,Food
Visited for gym Dental appointment,Health
Paid for utility company Home loan installment,Bills
Cleared Insurance premium from local ISP,Bills
Paid for Umbrella online order,Shopping
Bought Thukpa,Food
Bike wash for June,Transport
Purchased Uber Auto rickshaw fare,Transport
Booked petrol pump Metro card recharge,Transport
Purchased Rice bag for the party,Food
Booked PlayStation Plus weekend outing,Entertainment
Bought Cap online order,Shopping
Monthly Credit card payment from utility company,Bills
Purchased Video game purchase from PlayStation,Entertainment
Salad - food court,Food
Bought Sushi for the party,Food
Purchased Amazon Prime membership from local cinema,Entertainment
Purchased Concert ticket from Disney+,Entertainment
Paid for Water bill annual payment,Bills
Subscribed to Karaoke night from Steam,Entertainment
Credit card payment - utility company,Bills
Subscribed to PlayStation Music album,Entertainment
Paid for Apartment rent from utility company,Bills
Bought Pasta,Food
Got a new outlet store Shoes,Shopping
Refueled with Auto rickshaw fare to office,Transport
Subscribed to Spotify Amazon Prime membership,Entertainment
Refueled with Flight ticket,Transport
Recharged Cab fare from Uber,Transport
Board game premium plan,Entertainment
Subscribed to Amusement park ticket from PlayStation,Entertainment
Registered for Thesis printing from Udemy,Education
Registered for university Stationery,Education
Bubble tea for July,Food
Paid for Necklace from Daraz,Shopping
Refueled with Scooter rental from local garage,Transport
Paid for Cinema ticket from PlayStation,Entertainment
Mobile recharge - telecom provider,Bills
Kitchenware,Shopping
Booked Music album from Netflix,Entertainment
Shoes - local mall,Shopping
Paid for Gym membership from hospital,Health
Gas cylinder - utility company,Bills
Paid for Dental treatment from hospital,Health
Took out hotel restaurant Coffee,Food
Bought Arcade tokens from PlayStation,Entertainment
Paid for Karaoke night with friends,Entertainment
Ordered Daraz Backpack,Shopping
Paid Coursera Thesis printing,Education
Paid for Metro card recharge to home,Transport
Bought Dal bhat from Starbucks,Food
Metro card recharge - petrol pump,Transport
Bought Disney+ subscription premium plan,Entertainment
Refueled with Bike fuel from petrol pump,Transport
Purchased Pathao ride,Transport
Paid for Tire replacement from gas station,Transport
Dinner at Wow Momo Falafel,Food
Donuts - Domino's,Food
Renewed Amazon Prime Movie ticket,Entertainment
Bought online store Jacket,Shopping
Purchased Pathao ride airport transfer,Transport
Arcade tokens for April,Entertainment
Had Sandwich,Food
Spotify subscription - Steam,Entertainment
Bike repair to hospital,Transport
Took out Steak from dhaba,Food
Bought Vaccination from pharmacy,Health
Paid for wellness center Surgery cost,Health
Vehicle insurance from gas station,Transport
Bought local mall Perfume,Shopping
Bowling session for October,Entertainment
Bought French fries takeaway,Food
Dinner at Ramen from street food stall,Food
Purchased PlayStation Plus from Amazon Prime,Entertainment
Got a new boutique Sunglasses,Shopping
Amazon Prime Amusement park ticket,Entertainment
Breakfast at Wow Momo Milkshake,Food
Booked PlayStation Plus annual plan,Entertainment
Bought Thukpa from McDonald's,Food
Booked Bowling session from Xbox Game Pass,Entertainment
Perfume online order,Shopping
Bought Dental treatment from hospital,Health
Dinner at Noodles,Food
Water bill for August,Bills
Purchased new Socks online order,Shopping
Bike repair from InDrive,Transport
Paid for gas station Parking fee,Transport
PlayStation Plus for April,Entertainment
Bought diagnostic center X-ray,Health
Enrolled in library Exam fee,Education
Biryani - local bakery,Food
Monthly Cable TV bill from insurance company,Bills
Visited for diagnostic center Health checkup,Health
Paid for YouTube Premium premium plan,Entertainment
Refueled with Ride share to office,Transport
Dinner at Rice bag for the party,Food
Purchased Lab fee from coaching center,Education
Laptop bag for birthday gift,Shopping
Paid for Car rental to office,Transport
Paid for Monthly rent this month,Bills
Took out Bubble tea from KFC,Food
Paid for Uber ride from gas station,Transport
Gym membership for May,Health
Paid for Milk from Bajeko Sekuwa,Food
Backpack - outlet store,Shopping
Bought Burger from hotel restaurant,Food
Ordered boutique Wallet,Shopping
Breakfast at Domino's Cooking oil,Food
Purchased Waffles at college,Food
Cable TV bill for December,Bills
Enrolled in bookstore Stationery,Education
Enrolled in University fee annual fee,Education
Monthly Home loan installment this month,Bills
Backpack for October,Shopping
Purchased Bowling session with friends,Entertainment
Booked Medicine checkup,Health
Spotify subscription from Netflix,Entertainment
Bought YouTube Premium from Netflix,Entertainment
Auto rickshaw fare for weekend trip,Transport
Cleared local ISP Loan EMI,Bills
Steam purchase for January,Entertainment
Took a Uber ride from Uber,Transport
Booked local clinic Physiotherapy session,Health
Paid for Medicine follow-up visit,Health
Sajha Yatayat Tire replacement,Transport
Paid Society fee this month,Bills
Paid House rent for the apartment,Bills
Headphones for college,Shopping
Paid for telecom provider Mobile recharge,Bills
Used local garage Auto rickshaw fare,Transport
Got a new Socks seasonal sale,Shopping
Breakfast at Kebab from campus canteen,Food
Refueled with Taxi fare to office,Transport
Had Kebab takeaway,Food
Booked Vaccination from local clinic,Health
Bought Board game from Steam,Entertainment
Took out hotel restaurant Soup,Food
Bought Online course from library,Education
Purchased Bus ticket,Transport
Paid for cafe Grilled fish,Food
Grabbed Kebab from campus canteen,Food
Toll fee - Sajha Yatayat,Transport
Milk for February,Food
Paid for Cab fare from petrol pump,Transport
Lunch at Fried chicken at college,Food
Purchased new outlet store Necklace,Shopping
Smoothie - campus canteen,Food
Booked Netflix Stand-up comedy show,Entertainment
Booked Amusement park ticket from Disney+,Entertainment
Paid Water bill from local ISP,Bills
Booked Amusement park ticket family plan,Entertainment
Renewed local cinema Streaming service,Entertainment
Purchased new Bag online order,Shopping
Lab fee for July,Education
Purchased Thesis printing from bookstore,Education
Bedsheet from local mall,Shopping
Took out Donuts after work,Food
Bought Amazon Prime membership from Disney+,Entertainment
Paid for Car rental to the mall,Transport
Booked Karaoke night from Amazon Prime,Entertainment
Paid for NEA Home loan installment,Bills
Booked Amazon Prime Netflix subscription,Entertainment
Got a new local mall Curtains,Shopping
Paid for Vitamin supplements checkup,Health
Registered for local college College supplies,Education
Took a Flight ticket from Tootle,Transport
Ramen for December,Food
Shopping for Jacket for college,Shopping
Purchased Parking fee from Uber,Transport
Paid for utility company Electricity bill,Bills
Used Bus ticket from local garage,Transport
Bought Furniture piece from online store,Shopping
Visited for wellness center Eye checkup,Health
Board game for March,Entertainment
Snack at Waffles on the way home,Food
Bought shopping center Jacket,Shopping
Used Helmet purchase for weekend trip,Transport
Monthly telecom provider Insurance premium,Bills
Visited for gym Medicine,Health
Bag - online store,Shopping
Settled local ISP WiFi payment,Bills
Went for Gym membership from diagnostic center,Health
Power bank from Daraz,Shopping
Paid for Amazon Prime membership monthly plan,Entertainment
Used Pathao Scooter rental,Transport
Surgery cost - diagnostic center,Health
Medicine for September,Health
Ordered Dosa from Starbucks,Food
Paid for insurance company Insurance premium,Bills
Bought Comic book from Disney+,Entertainment
Went for Dental appointment from local clinic,Health
Used Bike fuel to hospital,Transport
Noodles - Domino's,Food
Breakfast at local bakery Fruits,Food
Bought Shirt,Shopping
Registered for Udemy College fee,Education
Took a Cab fare from Uber,Transport
Bought Steam E-book purchase,Entertainment
Soup - hotel restaurant,Food
Purchased Xbox Game Pass Cinema ticket,Entertainment
Board game from local cinema,Entertainment
Recharged Bike rental to office,Transport
Went for Dental treatment from diagnostic center,Health
Online course - Coursera,Education
Got a new Socks for birthday gift,Shopping
Renewed Netflix subscription from PlayStation,Entertainment
Paid for WiFi payment from insurance company,Bills
Petrol airport transfer,Transport
Purchased Spotify Steam purchase,Entertainment
Recharged Metro card recharge from local garage,Transport
Got a new Furniture piece seasonal sale,Shopping
Renewed E-book purchase weekend outing,Entertainment
Movie ticket family plan,Entertainment
Cable TV bill for June,Bills
Paid landlord Credit card payment,Bills
Purchased new Makeup kit for birthday gift,Shopping
Wallet for February,Shopping
Shopping for Shirt for college,Shopping
Bought Spotify subscription from local cinema,Entertainment
Bought Power bank from shopping center,Shopping
Car service to hospital,Transport
Took a Uber ride for weekend trip,Transport
Monthly utility company WiFi payment,Bills
PlayStation Amusement park ticket,Entertainment
Purchased new Kitchenware seasonal sale,Shopping
Purchased new Sneakers seasonal sale,Shopping
Bread for September,Food
Paid for telecom provider Monthly rent,Bills
Used InDrive Bus ticket,Transport
Bubble tea - food court,Food
Paid university Certification exam,Education
Purchased University fee from Coursera,Education
Visited for Health checkup from pharmacy,Health
Bought Earrings online order,Shopping
Cleared Property tax annual payment,Bills
Cleared utility company Phone bill,Bills
Enrolled in Library fine this semester,Education
Bought Noodles from dhaba,Food
Subscribed to Xbox Game Pass Movie ticket,Entertainment
Purchased local cinema Music album,Entertainment
Had Thukpa for the party,Food
Visited for Eye checkup from local clinic,Health
Settled Garbage collection fee from NEA,Bills
Ordered Earrings from local mall,Shopping
Steam purchase - Xbox Game Pass,Entertainment
Paid for Amusement park ticket from YouTube,Entertainment
Pathao Tire replacement,Transport
Purchased Disney+ subscription from YouTube,Entertainment
Enrolled in Stationery from local college,Education
Registered for Seminar fee from Udemy,Education
Bought College tuition from university,Education
Ordered T-shirt from boutique,Shopping
Vegetables for October,Food
Cleared Property tax from telecom provider,Bills
Lunch at Pizza Hut Rice bag,Food
Stand-up comedy show from YouTube,Entertainment
Bought pharmacy Medicine,Health
Paid for Shirt from outlet store,Shopping
Amazon Prime Streaming service,Entertainment
local garage Car service,Transport
Cleared insurance company Loan EMI,Bills
Bought Music album from local cinema,Entertainment
Renewed Spotify Disney+ subscription,Entertainment
Fried chicken - Domino's,Food
Paid for Water bill this month,Bills
Vegetables - restaurant,Food
Paid for Netflix Movie ticket,Entertainment
Movie ticket for July,Entertainment
Visited for Surgery cost from wellness center,Health
Used Train ticket from InDrive,Transport
Theatre ticket for May,Entertainment
Booked Bike fuel airport transfer,Transport
Renewed Steam Music album,Entertainment
Registered for Online course from coaching center,Education
Bought Dental treatment from local clinic,Health
Recharged InDrive Ride share,Transport
Snack at Bajeko Sekuwa Rice bag,Food
Subscribed to Netflix Karaoke night,Entertainment
Ordered Jacket seasonal sale,Shopping
Makeup kit from online store,Shopping
Backpack - local mall,Shopping
Purchased Spotify Bowling session,Entertainment
Curtains for April,Shopping
Settled utility company Water tank refill,Bills
Cleared NEA Society fee,Bills
Grabbed Steak,Food
Grabbed Ramen from Bajeko Sekuwa,Food
Took out Snacks takeaway,Food
Booked Parking fee to college,Transport
Paid local college Library fine,Education
Purchased Bike rental from local garage,Transport
Purchased College tuition for the course,Education
Waffles for August,Food
Jacket for December,Shopping
Monthly Credit card payment from local ISP,Bills
Bought Bedsheet from boutique,Shopping
Recharged gas station Parking fee,Transport
Lunch at Steak for the party,Food
Ordered Charger,Shopping
Ordered Cake from Wow Momo,Food
Booked InDrive Uber ride,Transport
Bought Blood test emergency visit,Health
Ordered Bedsheet,Shopping
Took a Toll fee from Pathao,Transport
Bought Streaming service annual plan,Entertainment
Refueled with Metro card recharge airport transfer,Transport
Booked Tire replacement downtown,Transport
Backpack from online store,Shopping
Biryani for December,Food
Used Metro card recharge downtown,Transport
Cab fare for March,Transport
PlayStation Spotify subscription,Entertainment
Purchased Karaoke night from Spotify,Entertainment
boutique Kitchenware,Shopping
Had Rice bag delivery order,Food
Purchased Amazon Prime Arcade tokens,Entertainment
Took a Parking fee downtown,Transport
Paid insurance company Internet bill,Bills
Renewed PlayStation YouTube Premium,Entertainment
Paid for Bubble tea after work,Food
Purchased Burger King Juice,Food
Purchased College tuition from local college,Education
Enrolled in Workshop registration for the course,Education
Comic book from Xbox Game Pass,Entertainment
PlayStation PlayStation Plus,Entertainment
Monthly WiFi payment from landlord,Bills
Bought Amazon Jeans,Shopping
Got a new online store Sneakers,Shopping
Disney+ subscription - Disney+,Entertainment
Bowling session for June,Entertainment
Booked Spotify Concert ticket,Entertainment
Paid Mobile recharge for the house,Bills
Stationery for November,Education
Exam fee - coaching center,Education
Bought Shoes seasonal sale,Shopping
Sajha Yatayat Fuel station,Transport
Breakfast at dhaba Dumplings,Food
Bike wash from Uber,Transport
Kebab for December,Food
Pasta for July,Food
Dinner at Waffles,Food
Bought Shirt from Daraz,Shopping
Board game - YouTube,Entertainment
Registered for University fee from Udemy,Education
Umbrella for September,Shopping
Had Pancakes from hotel restaurant,Food
Got a new outlet store Laptop bag,Shopping
Took a Fuel station to home,Transport
Paid for Petrol from Uber,Transport
Bought Sneakers for office,Shopping
Renewed Video game purchase,Entertainment
Dal bhat - campus canteen,Food
Grabbed Wow Momo Chicken curry,Food
Shopping for outlet store Watch,Shopping
Purchased Tootle Petrol,Transport
Refueled with Uber Bike fuel,Transport
Subscribed to Board game family plan,Entertainment
Paid for Jeans seasonal sale,Shopping
Enrolled in Library fine from library,Education
Vehicle insurance - Tootle,Transport
Study materials for February,Education
Recharged Bike repair to home,Transport
Bought local mall Socks,Shopping
Ordered Backpack for office,Shopping
Bought Sunglasses,Shopping
Subscribed to Streaming service family plan,Entertainment
Purchased Petrol to college,Transport
Video game purchase - local cinema,Entertainment
Visited for X-ray from local clinic,Health
Registered for coaching center Workshop registration,Education
Ordered Earrings from shopping center,Shopping
Disney+ Streaming service,Entertainment
petrol pump Toll fee,Transport
Jacket - Amazon,Shopping
Took a Car service airport transfer,Transport
Amazon Prime membership annual plan,Entertainment
Cake - cafe,Food
Disney+ subscription for April,Entertainment
Bought Health checkup from hospital,Health
Grabbed Momo from hotel restaurant,Food
Dinner at Waffles after work,Food
Purchased new Perfume from local mall,Shopping
Renewed Cinema ticket from Xbox Game Pass,Entertainment
Bought Seminar fee from Udemy,Education
Registered for Study materials this semester,Education
Lunch at Donuts takeaway,Food
Paid for Amazon Prime Amazon Prime membership,Entertainment
Snack at hotel restaurant Noodles,Food
Bought Eye checkup from wellness center,Health
Had dhaba Sushi,Food
Cleared landlord Garbage collection fee,Bills
Registered for Certification exam for the course,Education
Took out Burger King Salad,Food
Settled insurance company Garbage collection fee,Bills
Cleared utility company Maintenance fee,Bills
Software license for study for March,Education
Workshop registration - Coursera,Education
Parking fee for October,Transport
Bought Eggs during break,Food
Shopping for Daraz Earrings,Shopping
Ordered Taco,Food
Bought Chicken curry,Food
Paid Coursera Exam fee,Education
Paid Electricity bill from bank,Bills
Paid for Bike fuel for weekend trip,Transport
Used local garage Taxi fare,Transport
Cleared Society fee annual payment,Bills
Vaccination for April,Health
Visited for local clinic Dental appointment,Health
Visited for Vaccination from gym,Health
Used Bike rental for a trip,Transport
Purchased Auto rickshaw fare to office,Transport
Bought Seminar fee from bookstore,Education
Bought Grilled fish on the way home,Food
Paid for Tire replacement from Sajha Yatayat,Transport
Registered for Study materials for the workshop,Education
Purchased PlayStation Plus,Entertainment
Bought Phone case from online store,Shopping
Sweater for November,Shopping
Paid for insurance company Society fee,Bills
Paid for local garage Helmet purchase,Transport
Bought bookstore Certification exam,Education
Shopping for Socks from shopping center,Shopping
Monthly bank Monthly rent,Bills
Purchased new Earrings from outlet store,Shopping
Paid insurance company Gas cylinder,Bills
Shopping for Headphones from Daraz,Shopping
Recharged Uber Tire replacement,Transport
Took out Noodles,Food
Booked Surgery cost from pharmacy,Health
local cinema YouTube Premium,Entertainment
Momo - Wow Momo,Food
Refueled with Pathao ride to the mall,Transport
Breakfast at Wow Momo Fried chicken,Food
Renewed YouTube Premium from Steam,Entertainment
Concert ticket for August,Entertainment
Booked Metro card recharge for a trip,Transport
Snack at Noodles from Bajeko Sekuwa,Food
Software license for study for February,Education
Paid for Garbage collection fee from local ISP,Bills
Registered for library Software license for study,Education
Got a new Charger from boutique,Shopping
Bought boutique Charger,Shopping
Took out cafe Dosa,Food
Had Thukpa with family,Food
Used Tootle Bike wash,Transport
Recharged InDrive Tire replacement,Transport
Used Bike rental from InDrive,Transport
Shopping for Watch from boutique,Shopping
Bought boutique Cap,Shopping
Paid for Scooter rental airport transfer,Transport
Purchased new outlet store Power bank,Shopping
Shopping for Necklace from online store,Shopping
Car service for August,Transport
Dinner at Pizza Hut Coffee,Food
Online course - bookstore,Education
Fried chicken for May,Food
Cooking oil - Domino's,Food
Settled insurance company Electricity bill,Bills
Got a new shopping center Charger,Shopping
Purchased new Headphones from local mall,Shopping
Taxi fare - Uber,Transport
Took a gas station Metro card recharge,Transport
Bought shopping center Sneakers,Shopping
Booked Lab test follow-up visit,Health
Grabbed Cake,Food
Eggs - food court,Food
Renewed Karaoke night family plan,Entertainment
Breakfast at Foodmandu Bread,Food
Got a new shopping center Sweater,Shopping
Purchased University fee from local college,Education
Paid for Bus ticket from Pathao,Transport
Dinner at Samosa from campus canteen,Food
Purchased Car service from gas station,Transport
Paid for Video game purchase from Steam,Entertainment
Paid for Watch for birthday gift,Shopping
Recharged Auto rickshaw fare downtown,Transport
Booked wellness center Hospital bill,Health
Paid for gym Vitamin supplements,Health
Paid for gas station Cab fare,Transport
Paid for Electronics gadget from Daraz,Shopping
Purchased new Headphones from online store,Shopping
Ordered street food stall Momo,Food
Fuel station for weekend trip,Transport
Garbage collection fee - telecom provider,Bills
Spotify subscription - YouTube,Entertainment
Steak for November,Food
Paid coaching center School books,Education
Arcade tokens,Entertainment
Got a new shopping center Furniture piece,Shopping
Recharged Scooter rental to home,Transport
Purchased Pathao ride from InDrive,Transport
Bought local college Exam fee,Education
Snack at Juice from Burger King,Food
Settled telecom provider Electricity bill,Bills
Earrings,Shopping
Purchased Steam Karaoke night,Entertainment
Paid Gas cylinder for the house,Bills
Theatre ticket - Xbox Game Pass,Entertainment
Video game purchase for January,Entertainment
Streaming service from Spotify,Entertainment
Got a new Shirt for college,Shopping
Bought University fee from coaching center,Education
Wallet for March,Shopping
Purchased food court Milkshake,Food
Visited for Yoga class fee monthly,Health
Paid for Bubble tea during break,Food
Bought Thesis printing this semester,Education
Paid for Phone case from shopping center,Shopping
Paid for Fried chicken from Foodmandu,Food
Settled House rent from NEA,Bills
Breakfast at Rice bag,Food
Bought YouTube Premium from Steam,Entertainment
Lunch at Ramen from hotel restaurant,Food
Ordered Wallet,Shopping
Settled Monthly rent from NEA,Bills
Purchased Disney+ Gaming subscription,Entertainment
Visited for Blood test follow-up visit,Health
Refueled with local garage Metro card recharge,Transport
Paid Monthly rent for the apartment,Bills
Umbrella - outlet store,Shopping
Ordered online store Sweater,Shopping
Paid for Wallet from Daraz,Shopping
Got a new boutique Sneakers,Shopping
Shopping for Daraz Charger,Shopping
Used local garage Uber ride,Transport
Bought Sunglasses from shopping center,Shopping
Recharged Vehicle insurance,Transport
Shopping for Bedsheet online order,Shopping
Sandwich - Subway,Food
Bought Bread for the party,Food
Booked Pathao Train ticket,Transport
Cleared Gas cylinder,Bills
Paid for Makeup kit from Amazon,Shopping
Concert ticket from Steam,Entertainment
local cinema Stand-up comedy show,Entertainment
Went for diagnostic center Surgery cost,Health
Ordered Jeans from local mall,Shopping
Lunch at Bubble tea from Bajeko Sekuwa,Food
Falafel for December,Food
Helmet purchase - InDrive,Transport
Dal bhat for June,Food
Paid for Pathao Vehicle insurance,Transport
Subscribed to E-book purchase family plan,Entertainment
Ordered Smoothie from Wow Momo,Food
Got a new Necklace seasonal sale,Shopping
Dinner at Bubble tea from Pizza Hut,Food
Had local bakery Grilled fish,Food
Bought Music album from Xbox Game Pass,Entertainment
Programming course - university,Education
Snack at Fruits on the way home,Food
Purchased gas station Flight ticket,Transport
Monthly Cable TV bill from bank,Bills
Ordered T-shirt for college,Shopping
Ordered Belt for birthday gift,Shopping
Paid Water bill from landlord,Bills
Subscribed to Streaming service from YouTube,Entertainment
Bought Cinema ticket from YouTube,Entertainment
Booked Diesel downtown,Transport
Got a new Daraz Shirt,Shopping
Subscribed to PlayStation PlayStation Plus,Entertainment
Dinner at Eggs from restaurant,Food
Booked gym Vaccination,Health
E-book purchase family plan,Entertainment
Registered for university Software license for study,Education
Purchased campus canteen Juice,Food
Purchased new Kitchenware from local mall,Shopping
Purchased InDrive Train ticket,Transport
Took out Rice bag from Foodmandu,Food
Booked Vitamin supplements from pharmacy,Health
Used InDrive Uber ride,Transport
Booked Arcade tokens family plan,Entertainment
Snack at Groceries for the party,Food
Settled Property tax from telecom provider,Bills
Bought Amazon Prime membership from Amazon Prime,Entertainment
Refueled with Toll fee from Pathao,Transport
Water bill - NEA,Bills
Cinema ticket weekend outing,Entertainment
Eye checkup - hospital,Health
Bought dhaba Dosa,Food
Bought Library fine from Coursera,Education
Purchased Cinema ticket monthly plan,Entertainment
Purchased Cab fare to home,Transport
Booked Physiotherapy session checkup,Health
Paid for Earrings for office,Shopping
Bought Library fine from university,Education
Bought Kitchenware from local mall,Shopping
Paid for Jacket from outlet store,Shopping
Booked Cinema ticket from Amazon Prime,Entertainment
Apartment rent for April,Bills
Bought Sandwich with friends,Food
Paid WiFi payment quarterly payment,Bills
Subscribed to Amazon Prime Music album,Entertainment
Booked Car rental to home,Transport
Renewed E-book purchase from Xbox Game Pass,Entertainment
Ordered Shoes seasonal sale,Shopping
Went for gym Gym membership,Health
Uber ride for March,Transport
Purchased Toll fee for weekend trip,Transport
Renewed Streaming service family plan,Entertainment
Snack at Cooking oil from Wow Momo,Food
Purchased Sajha Yatayat Bike fuel,Transport
Monthly NEA Home loan installment,Bills
Toll fee for January,Transport
Bread for March,Food
Paid insurance company Insurance premium,Bills
Used Metro card recharge,Transport
Purchased Pizza Hut Ramen,Food
Took a Tootle Fuel station,Transport
House rent for May,Bills
Soup for March,Food
Paid for Charger from online store,Shopping
Went for Surgery cost from diagnostic center,Health
outlet store Wallet,Shopping
Purchased Flight ticket for weekend trip,Transport
Paid for Taxi fare from local garage,Transport
Booked Medicine from hospital,Health
Snack at Milk,Food
Purchased new Daraz Bedsheet,Shopping
Purchased Amusement park ticket annual plan,Entertainment
Bought pharmacy Painkillers,Health
Used Car service from InDrive,Transport
Bike rental - petrol pump,Transport
Bought Coursera University fee,Education
Paid for hospital Yoga class fee,Health
Went for Vitamin supplements from hospital,Health
boutique Bag,Shopping
Got a new Shirt from shopping center,Shopping
Booked Amazon Prime Gaming subscription,Entertainment
Had Thukpa,Food
Purchased Steam purchase family plan,Entertainment
Registered for Exam fee from local college,Education
College tuition - bookstore,Education
Renewed Movie ticket from Steam,Entertainment
Went for Gym membership from local clinic,Health
Bike wash,Transport
Recharged InDrive Car service,Transport
Visited for Vaccination routine visit,Health
Subscribed to Xbox Game Pass Spotify subscription,Entertainment
Visited for Gym membership emergency visit,Health
Paid for Bowling session,Entertainment
Steam E-book purchase,Entertainment
Monthly Property tax from telecom provider,Bills
Registered for local college Programming course,Education
Paid for Headphones from Amazon,Shopping
Dinner at Milkshake,Food
Streaming service,Entertainment
Paid for Laptop bag from Amazon,Shopping
Renewed YouTube Music album,Entertainment
Grabbed Sushi,Food
Got a new Amazon Perfume,Shopping
Mobile recharge - insurance company,Bills
Concert ticket - Disney+,Entertainment
Ordered Necklace for college,Shopping
Ordered Power bank for birthday gift,Shopping
Paid for Curtains from outlet store,Shopping
Snack at Hot dog,Food
Booked petrol pump Toll fee,Transport
Subscribed to Spotify subscription with friends,Entertainment
Purchased Car rental from gas station,Transport
Bought library Coaching class fee,Education
Booked Bus ticket from Tootle,Transport
Paid for Charger for birthday gift,Shopping
Purchased Spotify Streaming service,Entertainment
College tuition - library,Education
Took a Scooter rental to office,Transport
Monthly WiFi payment from NEA,Bills
Booked Helmet purchase to office,Transport
Waffles for December,Food
Jacket online order,Shopping
Bought Coffee from restaurant,Food
Bought gym Dental appointment,Health
Dinner at Coffee for the party,Food
Paid for Charger from Amazon,Shopping
boutique Furniture piece,Shopping
Lunch at Donuts delivery order,Food
Booked Theatre ticket from local cinema,Entertainment
Paid Cable TV bill from NEA,Bills
Snack at Pizza delivery order,Food
Streaming service for November,Entertainment
Renewed Karaoke night from Spotify,Entertainment
Grabbed Cooking oil from Wow Momo,Food
Bought E-book purchase from Xbox Game Pass,Entertainment
Subscribed to Arcade tokens monthly plan,Entertainment
Bought University fee from local college,Education
Headphones from online store,Shopping
Recharged Ride share downtown,Transport
Sneakers from outlet store,Shopping
Ordered Umbrella from shopping center,Shopping
Visited for Lab test routine visit,Health
Paid Software license for study from library,Education
Paid for Disney+ Comic book,Entertainment
Bought Amazon Prime membership weekend outing,Entertainment
Registered for Online course for the course,Education
Purchased new outlet store Wallet,Shopping
Purchased new local mall Perfume,Shopping
Surgery cost for February,Health
Paid Study materials for the workshop,Education
Chicken curry for January,Food
Bought Udemy Seminar fee,Education
Paid for local mall Shirt,Shopping
Shopping for local mall Shoes,Shopping
Settled Loan EMI quarterly payment,Bills
Cleared Society fee from local ISP,Bills
Physiotherapy session for April,Health
Ordered Wallet for college,Shopping
Certification exam - library,Education
Booked Amazon Prime Steam purchase,Entertainment
Fried chicken - Pizza Hut,Food
Sushi for January,Food
Paid Insurance premium from bank,Bills
Settled local ISP House rent,Bills
Booked Health checkup emergency visit,Health
Got a new Furniture piece online order,Shopping
Settled WiFi payment from insurance company,Bills
Steam purchase - Netflix,Entertainment
Taxi fare to office,Transport
Dental treatment for March,Health
Booked Stand-up comedy show monthly plan,Entertainment
Purchased new Furniture piece from local mall,Shopping
University fee for March,Education
Shoes for January,Shopping
Seminar fee - bookstore,Education
Subscribed to Netflix Gaming subscription,Entertainment
Went for Physiotherapy session from diagnostic center,Health
Ordered Cap from shopping center,Shopping
Went for gym Pharmacy purchase,Health
Shopping for Daraz Belt,Shopping
Lunch at Dosa during break,Food
Paid Phone bill annual payment,Bills
Paid for Pathao ride from Pathao,Transport
Enrolled in Project materials for the course,Education
Vaccination for May,Health
Lunch at Burger King Sandwich,Food
Paid for House rent from local ISP,Bills
Cleared Cable TV bill,Bills
Medical bill for August,Health
Enrolled in Study materials from coaching center,Education
Purchased Library fine from Coursera,Education
Sajha Yatayat Bike fuel,Transport
Juice for November,Food
Got a new outlet store Charger,Shopping
Purchased new shopping center Wallet,Shopping
Arcade tokens from YouTube,Entertainment
Used gas station Metro card recharge,Transport
Jeans for March,Shopping
Shopping for Wallet from online store,Shopping
Settled Garbage collection fee this month,Bills
Paid for X-ray checkup,Health
Purchased bookstore Online course,Education
Purchased local cinema Bowling session,Entertainment
Bought Hot dog from Starbucks,Food
Got a new Watch from local mall,Shopping
Grabbed Pizza Hut Pasta,Food
Bought Surgery cost from hospital,Health
Lunch at cafe Fried rice,Food
Bought Sunglasses from Daraz,Shopping
Registered for Workshop registration annual fee,Education
Cleared House rent annual payment,Bills
Bought Laptop bag,Shopping
Renewed Disney+ Theatre ticket,Entertainment
Booked local clinic Health insurance premium,Health
Purchased Petrol for weekend trip,Transport
Went for pharmacy Health insurance premium,Health
Used Tootle Metro card recharge,Transport
Renewed Gaming subscription from Xbox Game Pass,Entertainment
Cap from boutique,Shopping
Snack at Momo from food court,Food
Paid for Loan EMI from landlord,Bills
Visited for Vitamin supplements,Health
Booked Amusement park ticket from Netflix,Entertainment
Paid for E-book purchase from Xbox Game Pass,Entertainment
Bike fuel from InDrive,Transport
Recharged Bike fuel downtown,Transport
Got a new Amazon Laptop bag,Shopping
Cleared local ISP Mobile recharge,Bills
Visited for Eye checkup emergency visit,Health
Lunch at Burger King Pizza,Food
Recharged Toll fee downtown,Transport
Ordered Bedsheet from Amazon,Shopping
Purchased new Belt seasonal sale,Shopping
Registered for university Programming course,Education
Renewed Movie ticket from YouTube,Entertainment
Booked Karaoke night,Entertainment
Bought Bread on the way home,Food
Purchased new Belt online order,Shopping
Monthly Electricity bill from landlord,Bills
Monthly insurance company Cable TV bill,Bills
Lunch at Starbucks Tea,Food
Purchased Bowling session from YouTube,Entertainment
Dinner at Sandwich,Food
Went for pharmacy Gym membership,Health
Paid for Movie ticket with friends,Entertainment
Bowling session for January,Entertainment
Recharged Car rental from Sajha Yatayat,Transport
Pizza for January,Food
Had Milkshake from Pizza Hut,Food
Paid for local ISP Society fee,Bills
Dinner at Ramen for the party,Food
Shopping for Daraz Socks,Shopping
College supplies for August,Education
Purchased Coursera College tuition,Education
Disney+ subscription,Entertainment
Paid for Vaccination from hospital,Health
Train ticket for December,Transport
Cleared Society fee for the apartment,Bills
Paid for X-ray from local clinic,Health
Kebab for May,Food
Vehicle insurance for August,Transport
Visited for Hospital bill from hospital,Health
Gaming subscription from Amazon Prime,Entertainment
Amazon Prime membership for October,Entertainment
Thesis printing for August,Education
Purchased College tuition from coaching center,Education
Watch from local mall,Shopping
Paid for Steam purchase annual plan,Entertainment
Purchased new Perfume for office,Shopping
Purchased Stand-up comedy show,Entertainment
Bought Disney+ subscription from Xbox Game Pass,Entertainment
Bought Udemy Exam fee,Education
Paid bookstore College supplies,Education
Got a new Daraz Wallet,Shopping
Bought Makeup kit,Shopping
Subscribed to Comic book annual plan,Entertainment
Paid telecom provider Insurance premium,Bills
Paid for bank Cable TV bill,Bills
Pancakes for July,Food
Music album from Amazon Prime,Entertainment
Lunch at Grilled fish,Food
Registered for School books this semester,Education
Subscribed to Netflix Stand-up comedy show,Entertainment
Shopping for Daraz Makeup kit,Shopping
Booked Arcade tokens from Amazon Prime,Entertainment
Refueled with petrol pump Helmet purchase,Transport
Took a Toll fee to office,Transport
Booked Netflix subscription,Entertainment
Furniture piece - outlet store,Shopping
Purchased Bike rental to hospital,Transport
Paid local college Thesis printing,Education
Diesel for April,Transport
Bought Curtains from online store,Shopping
Streaming service weekend outing,Entertainment
Settled NEA House rent,Bills
Got a new Laptop bag,Shopping
Booked Spotify Board game,Entertainment
Paid coaching center College supplies,Education
Surgery cost for August,Health
Breakfast at Milk at office,Food
Snack at Salad from Pizza Hut,Food
Grabbed Ice cream with friends,Food
Paid Society fee from landlord,Bills
Grabbed Cake from local bakery,Food
Refueled with Taxi fare airport transfer,Transport
Cleared Home loan installment,Bills
Recharged Flight ticket downtown,Transport
Dumplings - McDonald's,Food
Bought Cinema ticket from Spotify,Entertainment
Paid for Painkillers from wellness center,Health
Breakfast at Subway Noodles,Food
Purchased new shopping center Perfume,Shopping
Bought Eye checkup from hospital,Health
Registered for Certification exam from Udemy,Education
Refueled with Car rental from Sajha Yatayat,Transport
Used local garage Pathao ride,Transport
Had Pancakes from Burger King,Food
Xbox Game Pass Music album,Entertainment
Paid for Taxi fare to office,Transport
Booked Music album from PlayStation,Entertainment
Paid for boutique Umbrella,Shopping
Shopping for Shirt online order,Shopping
Shirt - online store,Shopping
Booked Diesel for a trip,Transport
Helmet purchase - Pathao,Transport
Refueled with Parking fee from Tootle,Transport
Purchased School books for the workshop,Education
Breakfast at food court Ramen,Food
Enrolled in local college Online course,Education
Cleared Internet bill from landlord,Bills
Recharged Vehicle insurance from Sajha Yatayat,Transport
Jeans - boutique,Shopping
Bought YouTube Steam purchase,Entertainment
Snack at Grilled fish from KFC,Food
Took a Tootle Helmet purchase,Transport
Music album for March,Entertainment
Smoothie for May,Food
Registered for Programming course this semester,Education
Booked hospital Medical bill,Health
Cinema ticket - local cinema,Entertainment
Belt - Amazon,Shopping
Got a new Laptop bag from Daraz,Shopping
Booked diagnostic center Health checkup,Health
Used petrol pump Cab fare,Transport
Refueled with Toll fee from Tootle,Transport
Got a new local mall Socks,Shopping
Had Soup from Bajeko Sekuwa,Food
Bought University fee this semester,Education
Paid for Board game from Netflix,Entertainment
Flight ticket to office,Transport
Visited for diagnostic center Health insurance premium,Health
Bought local cinema Movie ticket,Entertainment
Booked Disney+ subscription from local cinema,Entertainment
Used Car service from Sajha Yatayat,Transport
Renewed Amazon Prime Streaming service,Entertainment
Paid for Cab fare downtown,Transport
Spotify Cinema ticket,Entertainment
Garbage collection fee for October,Bills
Settled Cable TV bill annual payment,Bills
Garbage collection fee - local ISP,Bills
Had French fries from Foodmandu,Food
Took a Petrol,Transport
Earrings for April,Shopping
Video game purchase weekend outing,Entertainment
Pathao ride for March,Transport
Booked Flight ticket from Sajha Yatayat,Transport
Visited for Health insurance premium checkup,Health
Shirt for September,Shopping
Booked Auto rickshaw fare to home,Transport
Purchased new Umbrella from local mall,Shopping
Fruits for February,Food
Headphones for birthday gift,Shopping
Bought Burrito from Starbucks,Food
Bought outlet store Necklace,Shopping
Purchased Scooter rental to office,Transport
Bought Netflix subscription weekend outing,Entertainment
Settled landlord Phone bill,Bills
Refueled with Train ticket from Pathao,Transport
Paid for PlayStation YouTube Premium,Entertainment
Bought Netflix Board game,Entertainment
Shopping for local mall Bag,Shopping
Backpack for June,Shopping
Paid WiFi payment,Bills
Shopping for boutique Socks,Shopping
Cleared bank Monthly rent,Bills
Paid for Amazon Earrings,Shopping
Watch for October,Shopping
Study materials for January,Education
Lunch at Steak with family,Food
Went for Dental appointment follow-up visit,Health
Subscribed to Steam Music album,Entertainment
Bought Belt from outlet store,Shopping
Bought Domino's Fried chicken,Food
Ordered local bakery Waffles,Food
Purchased gas station Auto rickshaw fare,Transport
Grabbed Fried chicken from Starbucks,Food
Went for pharmacy Dental treatment,Health
Got a new local mall Electronics gadget,Shopping
Dosa for February,Food
Purchased Disney+ subscription from Xbox Game Pass,Entertainment
Dinner at food court Salad,Food
Insurance premium for April,Bills
Purchased Arcade tokens from YouTube,Entertainment
Booked local garage Train ticket,Transport
Paid for local mall Bedsheet,Shopping
Library fine for March,Education
Paid Garbage collection fee from NEA,Bills
Renewed Video game purchase from YouTube,Entertainment
Cinema ticket - Steam,Entertainment
Had cafe Waffles,Food
Paid for Cake from KFC,Food
Sunglasses - online store,Shopping
Breakfast at Sandwich delivery order,Food
Ordered Backpack from Daraz,Shopping
Subscribed to Comic book from Amazon Prime,Entertainment
Booked Taxi fare for weekend trip,Transport
Bought X-ray checkup,Health
Sneakers for April,Shopping
Paid for Earrings for college,Shopping
Breakfast at Starbucks French fries,Food
Bought Xbox Game Pass Gaming subscription,Entertainment
PlayStation Board game,Entertainment
Property tax for November,Bills
boutique Earrings,Shopping
Booked Xbox Game Pass YouTube Premium,Entertainment
Shoes for birthday gift,Shopping
Grabbed Foodmandu Cooking oil,Food
Breakfast at Salad,Food
College tuition - Udemy,Education
Arcade tokens from Amazon Prime,Entertainment
Grabbed Burrito from cafe,Food
Monthly Phone bill for the house,Bills
Bowling session from Steam,Entertainment
Bike repair for April,Transport
Took a Bike fuel from InDrive,Transport
Paid for Milk during break,Food
Cleared Electricity bill from bank,Bills
Ice cream for March,Food
Shopping for Perfume for office,Shopping
Subscribed to PlayStation Plus from local cinema,Entertainment
Used Train ticket from petrol pump,Transport
Registered for Textbooks from library,Education
Used InDrive Scooter rental,Transport
Wallet - boutique,Shopping
Recharged petrol pump Ride share,Transport
Paid for shopping center Cap,Shopping
Booked Netflix subscription from PlayStation,Entertainment
Ordered Bedsheet seasonal sale,Shopping
Water tank refill for December,Bills
Snacks for April,Food
Registered for bookstore Workshop registration,Education
Dinner at Fried rice,Food
Purchased Thukpa from cafe,Food
Purchased new Laptop bag from outlet store,Shopping
Registered for Project materials from local college,Education
Paid for Disney+ subscription monthly plan,Entertainment
Visited for Medicine from hospital,Health
Bought outlet store Umbrella,Shopping
Paid for outlet store Perfume,Shopping
PlayStation Streaming service,Entertainment
Bought French fries from campus canteen,Food
Car service for May,Transport
Bought Domino's Milkshake,Food
Dinner at Steak from campus canteen,Food
Booked Metro card recharge,Transport
Grabbed Grilled fish from KFC,Food
Had Foodmandu Groceries,Food
Bought cafe Snacks,Food
Bag for May,Shopping
Purchased Milkshake,Food
Vehicle insurance for December,Transport
Booked Comic book from YouTube,Entertainment
Booked Metro card recharge to office,Transport
Fruits for October,Food
Got a new Sneakers from local mall,Shopping
Train ticket downtown,Transport
Ordered Bajeko Sekuwa Pastry,Food
Paid for Disney+ subscription from PlayStation,Entertainment
Booked InDrive Scooter rental,Transport
Board game for July,Entertainment
Booked Train ticket from Pathao,Transport
Subscribed to Streaming service weekend outing,Entertainment
Purchased new local mall Shirt,Shopping
Took a Petrol from Pathao,Transport
Subscribed to Spotify Board game,Entertainment
Perfume - Daraz,Shopping
Booked Disney+ subscription from PlayStation,Entertainment
Cinema ticket monthly plan,Entertainment
Falafel for October,Food
Shirt for birthday gift,Shopping
Theatre ticket from Steam,Entertainment
Paid for Perfume for college,Shopping
Bought library College fee,Education
Study materials for July,Education
Paid for Helmet purchase to home,Transport
Cleared Gas cylinder from telecom provider,Bills
Had Hot dog at office,Food
Bought bookstore Online course,Education
Bought School books this semester,Education
Purchased Textbooks from university,Education
Paid for Board game family plan,Entertainment
Paid bank Internet bill,Bills
Refueled with Toll fee to hospital,Transport
Purchased new Charger from Daraz,Shopping
Got a new Sneakers from Amazon,Shopping
Bought YouTube Premium,Entertainment
Used Pathao Helmet purchase,Transport
Purchased new Shirt from outlet store,Shopping
Parking fee for April,Transport
Paid for gym Eye checkup,Health
Settled House rent from insurance company,Bills
Dinner at Burger King Ice cream,Food
Purchased Theatre ticket weekend outing,Entertainment
Bought Amazon Prime Stand-up comedy show,Entertainment
Used gas station Vehicle insurance,Transport
Paid for Electricity bill annual payment,Bills
Ordered Chowmein with family,Food
Went for Physiotherapy session routine visit,Health
Bought Pastry,Food
Used Scooter rental from Uber,Transport
Booked Dental appointment follow-up visit,Health
Took a Sajha Yatayat Helmet purchase,Transport
Ordered Charger for office,Shopping
Purchased Coursera University fee,Education
Paid for Uber Train ticket,Transport
Visited for hospital Doctor appointment,Health
Wallet,Shopping
Subscribed to Amazon Prime Disney+ subscription,Entertainment
Gaming subscription premium plan,Entertainment
Ramen for June,Food
Cleared Property tax from landlord,Bills
Snack at food court Snacks,Food
Paid for Monthly rent from bank,Bills
Dinner at Soup from dhaba,Food
Visited for Medicine from diagnostic center,Health
Paid for Daraz Bag,Shopping
Paid Internet bill from local ISP,Bills
Ordered Umbrella,Shopping
Ordered Amazon Sunglasses,Shopping
Used Bike wash from Sajha Yatayat,Transport
InDrive Taxi fare,Transport
Enrolled in coaching center Programming course,Education
Arcade tokens for July,Entertainment
Jeans from online store,Shopping
Got a new Electronics gadget from boutique,Shopping
Registered for School books from library,Education
Purchased new Backpack for birthday gift,Shopping
Purchased new Amazon Power bank,Shopping
Purchased InDrive Petrol,Transport
Visited for Eye checkup monthly,Health
Car service - InDrive,Transport
Settled utility company Cable TV bill,Bills
Enrolled in Coaching class fee from university,Education
Grabbed Bajeko Sekuwa Cake,Food
Chicken curry - Pizza Hut,Food
Booked Spotify YouTube Premium,Entertainment
Got a new online store T-shirt,Shopping
Recharged Toll fee for weekend trip,Transport
Bought Concert ticket premium plan,Entertainment
Got a new Belt from outlet store,Shopping
Snack at Smoothie during break,Food
Apartment rent for December,Bills
Paid for Mobile recharge this month,Bills
Renewed Spotify subscription from Netflix,Entertainment
Bought Electronics gadget from local mall,Shopping
Purchased new Sweater from Daraz,Shopping
Bike repair for a trip,Transport
Milkshake for April,Food
Paid for Water bill from local ISP,Bills
Bought YouTube Premium premium plan,Entertainment
Netflix subscription for January,Entertainment
Had Sandwich from Burger King,Food
Paid for Power bank seasonal sale,Shopping
Purchased new Sweater online order,Shopping
Paid for Daraz Necklace,Shopping
Paid library Exam fee,Education
Online course for September,Education
Purchased College fee annual fee,Education
Concert ticket - Steam,Entertainment
Ordered Smoothie for the party,Food
Purchased petrol pump Bike wash,Transport
Metro card recharge - InDrive,Transport
Bought Amusement park ticket annual plan,Entertainment
boutique Phone case,Shopping
Lab fee for December,Education
Booked Steam Streaming service,Entertainment
Exam fee for April,Education
Bought Karaoke night annual plan,Entertainment
Ramen for February,Food
Ordered Wow Momo Dumplings,Food
Refueled with Taxi fare to college,Transport
Paid for Daraz Backpack,Shopping
Disney+ subscription for May,Entertainment
Paid for Shirt for birthday gift,Shopping
Booked Metro card recharge airport transfer,Transport
Had Subway Cooking oil,Food
Registered for Coursera Certification exam,Education
Bought Yoga class fee from hospital,Health
Paid for Water bill,Bills
Bought Wallet for office,Shopping
Paid utility company Garbage collection fee,Bills
Purchased Cab fare to office,Transport
Cleared Credit card payment this month,Bills
Monthly Apartment rent from utility company,Bills
Bought Headphones from outlet store,Shopping
Purchased PlayStation Plus from Spotify,Entertainment
Bought gym Health checkup,Health
Snack at cafe French fries,Food
Shopping for Amazon Belt,Shopping
Ordered online store Belt,Shopping
Subscribed to Disney+ subscription from Steam,Entertainment
Paid for PlayStation Steam purchase,Entertainment
Headphones for October,Shopping
Phone bill - utility company,Bills
Bought Movie ticket from YouTube,Entertainment
Purchased Pathao Flight ticket,Transport
Purchased Lab fee this semester,Education
Subscribed to Theatre ticket from YouTube,Entertainment
Paid for House rent annual payment,Bills
Settled Home loan installment from utility company,Bills
Bought Textbooks from bookstore,Education
Ordered Wallet from online store,Shopping
Subscribed to Comic book weekend outing,Entertainment
Booked pharmacy Surgery cost,Health
Dinner at Sandwich from cafe,Food
Purchased Wow Momo Milk,Food
Health checkup for March,Health
Salad - Domino's,Food
Renewed Comic book with friends,Entertainment
Paid for local clinic Medicine,Health
Shopping for Backpack for college,Shopping
Internet bill for June,Bills
Purchased Taco,Food
Monthly Gas cylinder from landlord,Bills
Cleared Loan EMI from utility company,Bills
Got a new Bag for office,Shopping
Enrolled in local college Coaching class fee,Education
Paid for local cinema Theatre ticket,Entertainment
Momo for June,Food
Booked Disney+ subscription premium plan,Entertainment
Paid Project materials from Coursera,Education
Snack at cafe Ice cream,Food
Purchased coaching center Seminar fee,Education
Visited for Dental appointment from gym,Health
Pastry - campus canteen,Food
Got a new Cap,Shopping
Cleared NEA Phone bill,Bills
Used Vehicle insurance to the mall,Transport
Ordered Milkshake during break,Food
Purchased Video game purchase from Amazon Prime,Entertainment
Purchased new shopping center Makeup kit,Shopping
Breakfast at Coffee from Subway,Food
Shopping for Shirt from outlet store,Shopping
Dinner at Hot dog from Burger King,Food
Taxi fare for weekend trip,Transport
Paid for Xbox Game Pass Cinema ticket,Entertainment
Ordered Biryani at college,Food
Paid for utility company WiFi payment,Bills
Booked Amusement park ticket from Spotify,Entertainment
Purchased InDrive Fuel station,Transport
Burrito for November,Food
Stationery for September,Education
Purchased food court Sushi,Food
Headphones for September,Shopping
Paid for Vaccination from pharmacy,Health
Paid Workshop registration for the course,Education
Uber Toll fee,Transport
Milk for October,Food
Purchased Milk from Starbucks,Food
Refueled with Car rental,Transport
Got a new Umbrella online order,Shopping
Bought Kitchenware from Amazon,Shopping
Purchased new Socks for birthday gift,Shopping
Shopping for boutique Electronics gadget,Shopping
Enrolled in coaching center Online course,Education
Took a Uber Car service,Transport
Recharged Uber ride for a trip,Transport
Ordered Momo on the way home,Food
Paid for Shirt for college,Shopping
Purchased InDrive Ride share,Transport
Booked gas station Diesel,Transport
Recharged Bike fuel from Uber,Transport
Subscribed to Arcade tokens,Entertainment
Booked Helmet purchase,Transport
Paid for Health insurance premium from gym,Health
Bought Stand-up comedy show family plan,Entertainment
local mall Power bank,Shopping
Paid for gas station Car service,Transport
Makeup kit online order,Shopping
Purchased Stationery from coaching center,Education
Booked gym Doctor appointment,Health
Paid Maintenance fee from telecom provider,Bills
Paid for Society fee from local ISP,Bills
Dental treatment for April,Health
Dental treatment - gym,Health
Monthly landlord WiFi payment,Bills
Karaoke night for June,Entertainment
Disney+ Spotify subscription,Entertainment
Sneakers seasonal sale,Shopping
Subscribed to PlayStation YouTube Premium,Entertainment
Got a new Sunglasses from boutique,Shopping
Paid for Medical bill monthly,Health
Settled Maintenance fee annual payment,Bills
Took out Fruits from food court,Food
Settled Society fee from telecom provider,Bills
Paid for Disney+ Board game,Entertainment
Cleared Electricity bill annual payment,Bills
Physiotherapy session for November,Health
Paid for Bike wash,Transport
Paid for Pasta,Food
Used Tootle Uber ride,Transport
Uber Petrol,Transport
Bought Coffee delivery order,Food
Monthly rent for April,Bills
Purchased Streaming service from Netflix,Entertainment
Paid for Fried chicken for the party,Food
Booked Steam Disney+ subscription,Entertainment
Purchased new Sunglasses for office,Shopping
Grilled fish for December,Food
Subscribed to Arcade tokens from YouTube,Entertainment
Purchased new Electronics gadget from local mall,Shopping
Bought Foodmandu Bubble tea,Food
Flight ticket for August,Transport
Electricity bill for February,Bills
Apartment rent for November,Bills
Used Pathao ride from Sajha Yatayat,Transport
Registered for local college Study materials,Education
Booked Painkillers from diagnostic center,Health
Paid for online store Power bank,Shopping
Lunch at Pasta,Food
Helmet purchase for September,Transport
Dinner at Hot dog with family,Food
boutique Curtains,Shopping
Concert ticket premium plan,Entertainment
Grabbed Burger King Juice,Food
Breakfast at Rice bag from local bakery,Food
Purchased local college Project materials,Education
Got a new Kitchenware from Daraz,Shopping
Paid for local ISP Maintenance fee,Bills
Snack at Donuts from McDonald's,Food
Ordered Bag from online store,Shopping
Flight ticket from InDrive,Transport
Bought shopping center Bag,Shopping
Water tank refill for September,Bills
Booked petrol pump Car service,Transport
Bought bookstore Library fine,Education
Purchased Streaming service,Entertainment
Visited for Yoga class fee,Health
Recharged Metro card recharge airport transfer,Transport
Paid for Bubble tea,Food
Shopping for shopping center Sunglasses,Shopping
Breakfast at Snacks,Food
Lunch at Vegetables at college,Food
Bubble tea - cafe,Food
Lunch at Vegetables takeaway,Food
Chowmein for June,Food
Purchased new Charger from local mall,Shopping
Electronics gadget for May,Shopping
Settled Water tank refill from telecom provider,Bills
Monthly telecom provider Maintenance fee,Bills
Bought Coursera Exam fee,Education
Ordered shopping center Bedsheet,Shopping
Bought Pastry from Wow Momo,Food
Backpack for March,Shopping
Ordered Soup from dhaba,Food
Physiotherapy session for October,Health
Got a new Jacket from online store,Shopping
Booked Movie ticket from local cinema,Entertainment
Purchased Concert ticket family plan,Entertainment
Recharged Toll fee from gas station,Transport
Recharged Taxi fare from Tootle,Transport
Purchased Comic book from Netflix,Entertainment
Bought Power bank,Shopping
Enrolled in Programming course from Udemy,Education
Paid Library fine from Coursera,Education
Paid Library fine from coaching center,Education
Recharged Bus ticket,Transport
Enrolled in Udemy Exam fee,Education
Booked Cinema ticket weekend outing,Entertainment
College fee for March,Education
Paid for Blood test from pharmacy,Health
Purchased Bike rental to home,Transport
Subscribed to Theatre ticket monthly plan,Entertainment
Went for Eye checkup from wellness center,Health
Property tax - telecom provider,Bills
Chicken curry - street food stall,Food
Purchased new Electronics gadget for college,Shopping
Went for wellness center Hospital bill,Health
Credit card payment - bank,Bills
Recharged Bike wash,Transport
Bread for July,Food
Donuts - campus canteen,Food
Bought YouTube Video game purchase,Entertainment
Purchased Fruits from restaurant,Food
Shopping for shopping center Backpack,Shopping
Taxi fare to the mall,Transport
Bike rental from Sajha Yatayat,Transport
Paid for Wallet online order,Shopping
Paid for Netflix Gaming subscription,Entertainment
Bought Programming course from coaching center,Education
Physiotherapy session for February,Health
Paid for Dental treatment from local clinic,Health
Breakfast at Coffee takeaway,Food
Ordered Kitchenware seasonal sale,Shopping
Purchased new Amazon Kitchenware,Shopping
Cooking oil for September,Food
Paid for Water bill from utility company,Bills
Paid for Bus ticket to office,Transport
Got a new Umbrella for birthday gift,Shopping
Enrolled in university Exam fee,Education
Car rental to college,Transport
Took a InDrive Uber ride,Transport
Had KFC Sandwich,Food
Paid for Jeans from boutique,Shopping
Paid for PlayStation Plus premium plan,Entertainment
Paid Apartment rent from telecom provider,Bills
Shopping for online store Power bank,Shopping
Visited for wellness center Vaccination,Health
Bought Yoga class fee from local clinic,Health
Paid for InDrive Taxi fare,Transport
Shopping for Phone case from Amazon,Shopping
Refueled with petrol pump Fuel station,Transport
Breakfast at dhaba Juice,Food
Used Helmet purchase from Sajha Yatayat,Transport
Paid for Gaming subscription from YouTube,Entertainment
Paid utility company Society fee,Bills
Renewed Spotify subscription,Entertainment
Pizza - food court,Food
Paid for Insurance premium from NEA,Bills
Booked petrol pump Petrol,Transport
Purchased Bajeko Sekuwa Burger,Food
Tootle Pathao ride,Transport
Paid Online course from Coursera,Education
Netflix Cinema ticket,Entertainment
French fries - Starbucks,Food
Paid for Xbox Game Pass Steam purchase,Entertainment
Grabbed hotel restaurant Chowmein,Food
Refueled with petrol pump Cab fare,Transport
Software license for study for December,Education
Dumplings - dhaba,Food
Spotify subscription for March,Entertainment
Monthly Garbage collection fee for the house,Bills
Purchased new Shirt from online store,Shopping
Paid for Amazon Power bank,Shopping
Paid for Ride share from Pathao,Transport
Registered for library Thesis printing,Education
Shirt from outlet store,Shopping
Used Pathao Bike wash,Transport
Monthly utility company Mobile recharge,Bills
Health checkup for December,Health
Monthly Internet bill from insurance company,Bills
Booked Streaming service family plan,Entertainment
Apartment rent - bank,Bills
Had Fried rice takeaway,Food
Shopping for Charger for birthday gift,Shopping
Paid Software license for study from bookstore,Education
Purchased Uber ride from Sajha Yatayat,Transport
Purchased Toll fee to hospital,Transport
Yoga class fee for August,Health
Used Uber Flight ticket,Transport
Paid for Pathao Car rental,Transport
Purchased local college Coaching class fee,Education
Lunch at Hot dog on the way home,Food
Took out Juice from street food stall,Food
Bought Cinema ticket family plan,Entertainment
Visited for Pharmacy purchase from gym,Health
Breakfast at Steak from hotel restaurant,Food
Recharged Bike repair to college,Transport
Paid for Car service from Pathao,Transport
Purchased Uber Bus ticket,Transport
Movie ticket for February,Entertainment
Grabbed Cooking oil from cafe,Food
Ordered Fried chicken at office,Food
Booked Music album from Spotify,Entertainment
Got a new shopping center Sneakers,Shopping
Renewed Xbox Game Pass Amusement park ticket,Entertainment
Cab fare for December,Transport
Paid for Concert ticket from Netflix,Entertainment
Sushi - Burger King,Food
Got a new T-shirt from online store,Shopping
Internet bill for July,Bills
Socks for September,Shopping
Stationery for June,Education
Registered for library University fee,Education
Paid for pharmacy Dental treatment,Health
Dinner at Rice bag from local bakery,Food
Bought Workshop registration from Udemy,Education
Shopping for shopping center Charger,Shopping
Recharged Pathao Bus ticket,Transport
Ordered shopping center Cap,Shopping
Purchased local college Certification exam,Education
Purchased Udemy University fee,Education
Settled House rent annual payment,Bills
Purchased Thesis printing from Coursera,Education
Headphones - outlet store,Shopping
Recharged Diesel from Sajha Yatayat,Transport
Paid for local garage Auto rickshaw fare,Transport
Bought cafe Pastry,Food
Netflix Comic book,Entertainment
Bought T-shirt from Amazon,Shopping
Booked Tootle Toll fee,Transport
Took a Ride share from local garage,Transport
Took out restaurant Donuts,Food
Got a new Bag for college,Shopping
Enrolled in Online course from local college,Education
Booked YouTube Premium from Steam,Entertainment
Paid Coursera Study materials,Education
Renewed PlayStation Plus annual plan,Entertainment
Soup for November,Food
Juice - Wow Momo,Food
Monthly Gas cylinder from insurance company,Bills
Paid for bank Home loan installment,Bills
Bought Lab fee from Coursera,Education
Settled telecom provider Garbage collection fee,Bills
Bought Karaoke night from Steam,Entertainment
Monthly local ISP Monthly rent,Bills
Purchased Netflix Arcade tokens,Entertainment
Ordered Daraz Headphones,Shopping
Music album for February,Entertainment
Recharged Cab fare from InDrive,Transport
Took a Cab fare from petrol pump,Transport
Snack at Coffee at office,Food
Online course,Education
Dinner at Taco with family,Food
Cleared Water tank refill from telecom provider,Bills
Settled insurance company Cable TV bill,Bills
Renewed YouTube Premium with friends,Entertainment
Snack at hotel restaurant Hot dog,Food
Purchased Bike rental from Uber,Transport
Ordered boutique Earrings,Shopping
Paid Workshop registration for the workshop,Education
Booked Health checkup monthly,Health
Bike rental for December,Transport
Booked Surgery cost follow-up visit,Health
Enrolled in coaching center Exam fee,Education
Earrings for December,Shopping
Subscribed to PlayStation Karaoke night,Entertainment
Renewed Theatre ticket from Amazon Prime,Entertainment
Purchased Movie ticket from Spotify,Entertainment
French fries - Foodmandu,Food
Garbage collection fee - bank,Bills
Went for Health insurance premium from diagnostic center,Health
Purchased new Backpack from boutique,Shopping
Ordered Amazon Laptop bag,Shopping
Settled NEA Water bill,Bills
Purchased bookstore University fee,Education
Got a new Earrings from Amazon,Shopping
Registered for Programming course from library,Education
Taco - Bajeko Sekuwa,Food
Cleared Phone bill from utility company,Bills
Cleared Electricity bill for the house,Bills
Had Bread,Food
Paid for Netflix subscription family plan,Entertainment
Paid for Pizza Hut Grilled fish,Food
Cleared landlord Gas cylinder,Bills
Purchased Taxi fare for a trip,Transport
Booked diagnostic center Lab test,Health
Renewed E-book purchase from Amazon Prime,Entertainment
Dal bhat - Pizza Hut,Food
Paid for Bike fuel to home,Transport
Renewed Disney+ Arcade tokens,Entertainment
Paid for Backpack from Daraz,Shopping
Renewed Cinema ticket from Disney+,Entertainment
Cleared Loan EMI annual payment,Bills
Booked E-book purchase,Entertainment
Took a Bike wash from InDrive,Transport
Bought YouTube Premium family plan,Entertainment
Registered for coaching center Coaching class fee,Education
Diesel to office,Transport
Paid Electricity bill from telecom provider,Bills
Medical bill for July,Health
Booked YouTube Premium,Entertainment
Dinner at restaurant Eggs,Food
Paid for Amazon Prime membership from PlayStation,Entertainment
Pastry for August,Food
Used Vehicle insurance from Tootle,Transport
Used Metro card recharge from gas station,Transport
Netflix subscription for April,Entertainment
Bought Wallet from local mall,Shopping
Paid for Petrol to the mall,Transport
Booked Karaoke night with friends,Entertainment
Umbrella for March,Shopping
Paid for YouTube Premium from Steam,Entertainment
Had dhaba Tea,Food
Visited for Medical bill from wellness center,Health
Snack at Coffee,Food
Used Bike rental to home,Transport
Paid for Xbox Game Pass Amazon Prime membership,Entertainment
Tire replacement from Tootle,Transport
Visited for local clinic Hospital bill,Health
Paid for Mobile recharge from telecom provider,Bills
Paid for Hot dog,Food
Booked YouTube Amazon Prime membership,Entertainment
Got a new Power bank for college,Shopping
Registered for bookstore Coaching class fee,Education
Booked Steam Cinema ticket,Entertainment
Medical bill,Health
Took a Pathao ride from Sajha Yatayat,Transport
Bought Cinema ticket weekend outing,Entertainment
Booked Yoga class fee checkup,Health
Ordered outlet store Jacket,Shopping
Breakfast at food court Smoothie,Food
Booked E-book purchase family plan,Entertainment
Monthly landlord Home loan installment,Bills
Used Helmet purchase from Uber,Transport
Bought online store Sunglasses,Shopping
Used Flight ticket from InDrive,Transport
Got a new Necklace from Amazon,Shopping
Car rental for December,Transport
Purchased Bike wash from Pathao,Transport
Bought Bag seasonal sale,Shopping
Paid for Phone bill this month,Bills
Enrolled in Workshop registration this semester,Education
Breakfast at Salad for the party,Food
Settled Home loan installment from telecom provider,Bills
Soup - cafe,Food
Toll fee from local garage,Transport
Paid Garbage collection fee from local ISP,Bills
Watch from Daraz,Shopping
Arcade tokens annual plan,Entertainment
Purchased Auto rickshaw fare to college,Transport
Xbox Game Pass Stand-up comedy show,Entertainment
Paid for Amazon Watch,Shopping
Cake - dhaba,Food
Dinner at Burrito from Burger King,Food
Recharged Parking fee,Transport
Recharged Bike fuel from Sajha Yatayat,Transport
Subscribed to Netflix subscription monthly plan,Entertainment
Paid for Momo from restaurant,Food
Earrings from outlet store,Shopping
Bought pharmacy Pharmacy purchase,Health
Bought Udemy Project materials,Education
Purchased new Bedsheet from online store,Shopping
Refueled with Tire replacement from petrol pump,Transport
Refueled with Tootle Fuel station,Transport
Paid for Bike repair to the mall,Transport
Daraz Curtains,Shopping
Refueled with Pathao Ride share,Transport
Paid for Cinema ticket with friends,Entertainment
Settled Society fee from utility company,Bills
Visited for local clinic Health insurance premium,Health
Ordered Laptop bag online order,Shopping
Booked Bike fuel to hospital,Transport
Paid for landlord Mobile recharge,Bills
X-ray for January,Health
Snack at Coffee with friends,Food
Necklace for November,Shopping
Eye checkup,Health
Enrolled in coaching center Certification exam,Education
Took a Tootle Metro card recharge,Transport
Paid for Theatre ticket from YouTube,Entertainment
Ordered Perfume from Amazon,Shopping
University fee - university,Education
Paid WiFi payment annual payment,Bills
Parking fee for June,Transport
Taxi fare for a trip,Transport
Visited for Yoga class fee from hospital,Health
E-book purchase for September,Entertainment
Paid for local mall Power bank,Shopping
Comic book premium plan,Entertainment
Bought Eggs,Food
Breakfast at Subway Tea,Food
Went for gym Eye checkup,Health
Purchased Amusement park ticket weekend outing,Entertainment
Took a Taxi fare to home,Transport
Used Car service from local garage,Transport
Disney+ subscription premium plan,Entertainment
Paid for Music album with friends,Entertainment
Charger for college,Shopping
Auto rickshaw fare for October,Transport
Helmet purchase from InDrive,Transport
Shopping for Perfume online order,Shopping
Thesis printing - Coursera,Education
Shopping for Kitchenware from online store,Shopping
Booked local cinema Arcade tokens,Entertainment
Paid for Monthly rent from insurance company,Bills
Cleared Society fee from telecom provider,Bills
Booked Vehicle insurance for weekend trip,Transport
Paid for Cinema ticket from Amazon Prime,Entertainment
Painkillers for May,Health
Lunch at Fried chicken takeaway,Food
Paid for Gas cylinder from local ISP,Bills
Went for hospital Lab test,Health
Bought Theatre ticket from Xbox Game Pass,Entertainment
Purchased Arcade tokens from Netflix,Entertainment
Cake for November,Food
Booked Steam Music album,Entertainment
Purchased Programming course for the workshop,Education
Paid for YouTube Premium family plan,Entertainment
Used Tootle Auto rickshaw fare,Transport
Got a new Power bank from outlet store,Shopping
Laptop bag for August,Shopping
Booked Dental treatment from diagnostic center,Health
Recharged Bike fuel from local garage,Transport
Paid for Garbage collection fee quarterly payment,Bills
Amazon Prime membership for August,Entertainment
Renewed Cinema ticket family plan,Entertainment
PlayStation Plus from YouTube,Entertainment
Lunch at Snacks from street food stall,Food
Snack at Taco at college,Food
Cake - Bajeko Sekuwa,Food
Paid for local garage Fuel station,Transport
Bike rental airport transfer,Transport
Jacket for birthday gift,Shopping
Daraz Makeup kit,Shopping
petrol pump Scooter rental,Transport
Enrolled in Udemy College tuition,Education
Booked Parking fee from Uber,Transport
Amazon Prime YouTube Premium,Entertainment
Got a new Kitchenware from online store,Shopping
Cleared Water bill annual payment,Bills
Shopping for online store T-shirt,Shopping
Purchased Disney+ subscription from Disney+,Entertainment
Shopping for Daraz Jacket,Shopping
Grabbed Hot dog,Food
Got a new online store Furniture piece,Shopping
Uber ride for a trip,Transport
Steam purchase for July,Entertainment
Registered for College supplies from library,Education
Ordered Phone case from local mall,Shopping
Booked Amazon Prime Bowling session,Entertainment
Paid bookstore Library fine,Education
Paid Thesis printing from local college,Education
Garbage collection fee,Bills
Purchased PlayStation Plus from YouTube,Entertainment
Purchased new Sneakers from Daraz,Shopping
Shopping for local mall Charger,Shopping
Purchased new Earrings from Amazon,Shopping
Purchased School books from coaching center,Education
Uber ride for November,Transport
Got a new Umbrella for college,Shopping
Purchased Fuel station from InDrive,Transport
Paid coaching center Project materials,Education
Bought Thesis printing from university,Education
Subscribed to Netflix Bowling session,Entertainment
Backpack - online store,Shopping
Ordered Necklace from boutique,Shopping
Bought Pharmacy purchase,Health
Purchased Fuel station downtown,Transport
Ordered restaurant Juice,Food
Purchased Coursera Study materials,Education
Vaccination for August,Health
Paid for Bike rental from Tootle,Transport
Enrolled in Software license for study from bookstore,Education
Bike repair for August,Transport
Paid for Vehicle insurance,Transport
Monthly Water tank refill from utility company,Bills
Shopping for Makeup kit for office,Shopping
Purchased Stand-up comedy show from Disney+,Entertainment
Paid for Amusement park ticket,Entertainment
Subscribed to Spotify Spotify subscription,Entertainment
Monthly utility company Internet bill,Bills
Had Milk during break,Food
Bought boutique Jeans,Shopping
Recharged Auto rickshaw fare from local garage,Transport
Booked local cinema Streaming service,Entertainment
Purchased Movie ticket from Amazon Prime,Entertainment
Refueled with Ride share to home,Transport
Headphones for June,Shopping
Recharged Bike rental downtown,Transport
Used Bike rental from gas station,Transport
Monthly Water bill from utility company,Bills
Bought Daraz Charger,Shopping
Refueled with Uber Train ticket,Transport
Burger - campus canteen,Food
Renewed Gaming subscription from PlayStation,Entertainment
Gaming subscription - Disney+,Entertainment
Purchased Movie ticket monthly plan,Entertainment
Booked Painkillers follow-up visit,Health
Lab fee - Coursera,Education
Lunch at Steak from Domino's,Food
Purchased new Perfume from online store,Shopping
Earrings for February,Shopping
Breakfast at Milkshake from hotel restaurant,Food
Registered for Coaching class fee from library,Education
Purchased Programming course for the course,Education
local mall Phone case,Shopping
Paid Thesis printing from coaching center,Education
Bought Starbucks Coffee,Food
Took out Bubble tea,Food
Recharged Petrol from gas station,Transport
Grabbed Pizza Hut Groceries,Food
Breakfast at Rice bag after work,Food
Used Cab fare from local garage,Transport
Bought Waffles at office,Food
Bought Hospital bill from hospital,Health
Paid Internet bill from NEA,Bills
Bought Health checkup from local clinic,Health
Groceries - Bajeko Sekuwa,Food
Paid for Vegetables,Food
Purchased gas station Fuel station,Transport
Charger for September,Shopping
Purchased Spotify Amazon Prime membership,Entertainment
Booked InDrive Car rental,Transport
Taco - Domino's,Food
Steak - Foodmandu,Food
Went for hospital Dental treatment,Health
Stand-up comedy show weekend outing,Entertainment
Snacks - McDonald's,Food
Bought Dal bhat with family,Food
Dental treatment,Health
Coffee - KFC,Food
Enrolled in Project materials from local college,Education
Purchased new Daraz Belt,Shopping
Paid for Spotify subscription premium plan,Entertainment
Refueled with Car rental for weekend trip,Transport
Booked Bus ticket to hospital,Transport
Subscribed to Movie ticket from local cinema,Entertainment
Renewed PlayStation Plus with friends,Entertainment
Paid for Bag for birthday gift,Shopping
Recharged petrol pump Pathao ride,Transport
Grabbed Wow Momo Cooking oil,Food
Subscribed to Disney+ PlayStation Plus,Entertainment
Grabbed Juice for the party,Food
Purchased Soup,Food
Bought YouTube Spotify subscription,Entertainment
Enrolled in bookstore College fee,Education
Went for hospital Health checkup,Health
Paid for T-shirt from Daraz,Shopping
Shopping for online store Charger,Shopping
Refueled with gas station Bike wash,Transport
Internet bill - landlord,Bills
Purchased Karaoke night family plan,Entertainment
Chowmein - restaurant,Food
Registered for library Workshop registration,Education
Necklace from Daraz,Shopping
Paid for Water bill from telecom provider,Bills
Monthly Electricity bill from utility company,Bills
Paid for Cap seasonal sale,Shopping
Netflix subscription - Spotify,Entertainment
Biryani for January,Food
Dinner at Noodles after work,Food
Ordered Daraz Watch,Shopping
Bought Cooking oil from Domino's,Food
Ordered Pasta from street food stall,Food
Settled Mobile recharge from bank,Bills
Settled telecom provider Mobile recharge,Bills
Paid Electricity bill quarterly payment,Bills
Tea for October,Food
Purchased Tea on the way home,Food
Purchased Taco for the party,Food
Renewed Amusement park ticket from Amazon Prime,Entertainment
Shopping for T-shirt from outlet store,Shopping
Cleared Home loan installment quarterly payment,Bills
Purchased cafe Thukpa,Food
Bought library Library fine,Education
Pasta - Subway,Food
Booked hospital Painkillers,Health
Ordered Sunglasses for office,Shopping
Paid for Board game from local cinema,Entertainment
Shopping for Laptop bag,Shopping
Donuts - Burger King,Food
Bought online store Earrings,Shopping
Bedsheet online order,Shopping
Went for Medicine from wellness center,Health
Paid for restaurant Milk,Food
Streaming service from PlayStation,Entertainment
Purchased new Umbrella from Amazon,Shopping
Disney+ Netflix subscription,Entertainment
Refueled with Petrol,Transport
Recharged gas station Taxi fare,Transport
Bought Curtains seasonal sale,Shopping
Took a Petrol airport transfer,Transport
Got a new Perfume from outlet store,Shopping
Snacks - campus canteen,Food
Renewed Bowling session from YouTube,Entertainment
Went for hospital Eye checkup,Health
Noodles for February,Food
Paid utility company WiFi payment,Bills
Took out French fries from street food stall,Food
Purchased PlayStation Concert ticket,Entertainment
Paid for Kitchenware online order,Shopping
Subscribed to Concert ticket monthly plan,Entertainment
Booked Theatre ticket from Xbox Game Pass,Entertainment
Paid for Backpack from Amazon,Shopping
Renewed Stand-up comedy show annual plan,Entertainment
Burrito - Domino's,Food
Spotify subscription annual plan,Entertainment
Went for Vaccination from hospital,Health
Took out Dosa on the way home,Food
Shopping for Shirt from Amazon,Shopping
Petrol for a trip,Transport
Cake for December,Food
Paid for Starbucks Donuts,Food
Bike wash for February,Transport
Doctor appointment for February,Health
Monthly Phone bill from local ISP,Bills
Bought Lab test from hospital,Health
Visited for Eye checkup follow-up visit,Health
Settled Phone bill from NEA,Bills
Diesel for October,Transport
Sunglasses for May,Shopping
Eggs - cafe,Food
Purchased library Workshop registration,Education
Snack at food court Grilled fish,Food
Renewed Comic book from local cinema,Entertainment
Booked Lab test checkup,Health
Snack at Pizza Hut Noodles,Food
Enrolled in Library fine annual fee,Education
Purchased Comic book from PlayStation,Entertainment
Purchased Bike fuel from Sajha Yatayat,Transport
Recharged Pathao Bike rental,Transport
Milk for September,Food
Paid bank Electricity bill,Bills
petrol pump Metro card recharge,Transport
Booked PlayStation Video game purchase,Entertainment
Purchased Car service airport transfer,Transport
Purchased hotel restaurant Snacks,Food
Booked Medicine routine visit,Health
Bought Amazon Prime E-book purchase,Entertainment
Bought Pharmacy purchase from diagnostic center,Health
Renewed Amazon Prime Gaming subscription,Entertainment
Purchased new online store Belt,Shopping
Refueled with Tire replacement from gas station,Transport
Paid for Home loan installment for the apartment,Bills
Paid Thesis printing for the course,Education
Booked Car service from Tootle,Transport
Shopping for Sneakers for birthday gift,Shopping
Grabbed Fried chicken with family,Food
Shopping for Furniture piece from boutique,Shopping
Purchased new Furniture piece for college,Shopping
Went for Eye checkup emergency visit,Health
Went for Medical bill checkup,Health
Cinema ticket from PlayStation,Entertainment
Shopping for local mall Bedsheet,Shopping
YouTube Premium for January,Entertainment
Charger for May,Shopping
Booked Parking fee airport transfer,Transport
Dinner at Milkshake from street food stall,Food
Registered for bookstore University fee,Education
Purchased Foodmandu Fried rice,Food
Took a Pathao Toll fee,Transport
Refueled with Cab fare to home,Transport
Grabbed street food stall Eggs,Food
Paid for Spotify subscription from Xbox Game Pass,Entertainment
Ordered Foodmandu Pizza,Food
Ordered Daraz Cap,Shopping
Booked petrol pump Car rental,Transport
Breakfast at food court Coffee,Food
Library fine for July,Education
Got a new Furniture piece from outlet store,Shopping
Monthly Home loan installment annual payment,Bills
Had Eggs from Burger King,Food
Renewed Amazon Prime membership family plan,Entertainment
Visited for hospital Yoga class fee,Health
Paid for pharmacy Dental appointment,Health
Theatre ticket from Disney+,Entertainment
Paid Coaching class fee from coaching center,Education
Ordered shopping center Umbrella,Shopping
Paid for Uber Taxi fare,Transport
Enrolled in Coursera Online course,Education
Paid for Cinema ticket,Entertainment
Paid for food court Pastry,Food
Grabbed Pastry for the party,Food
Bought cafe Hot dog,Food
Bought Physiotherapy session from pharmacy,Health
Bought Amazon Prime Steam purchase,Entertainment
Used petrol pump Flight ticket,Transport
Necklace from outlet store,Shopping
Paid for Electricity bill from local ISP,Bills
Took out Falafel delivery order,Food
Paid for Ice cream from Bajeko Sekuwa,Food
Booked Flight ticket from Uber,Transport
Paid Mobile recharge from telecom provider,Bills
WiFi payment for April,Bills
Ice cream for October,Food
Bought outlet store Headphones,Shopping
Monthly Internet bill for the apartment,Bills
Took out Bubble tea at college,Food
School books - library,Education
Charger for November,Shopping
Settled Cable TV bill quarterly payment,Bills
Amazon Prime membership from Spotify,Entertainment
Paid for Medicine from gym,Health
Got a new boutique Wallet,Shopping
Subscribed to Amusement park ticket annual plan,Entertainment
Registered for university Textbooks,Education
Lunch at Groceries from restaurant,Food
Purchased new shopping center Headphones,Shopping
Recharged Bus ticket to hospital,Transport
Used gas station Pathao ride,Transport
Subscribed to Spotify subscription from local cinema,Entertainment
Booked Video game purchase from YouTube,Entertainment
Breakfast at Groceries,Food
Booked Helmet purchase from InDrive,Transport
Shopping for Curtains from Amazon,Shopping
Enrolled in university Lab fee,Education
Lunch at Ice cream delivery order,Food
Paid library Programming course,Education
Paid for Music album annual plan,Entertainment
Burrito for August,Food
Monthly Apartment rent from telecom provider,Bills
Registered for Software license for study from library,Education
Recharged Cab fare downtown,Transport
Burrito - Bajeko Sekuwa,Food
Biryani - campus canteen,Food
Shopping for Furniture piece online order,Shopping
Booked Hospital bill routine visit,Health
Snack at Milk for the party,Food
Shoes - boutique,Shopping
Took a Metro card recharge,Transport
Used Pathao Pathao ride,Transport
Paid for Sneakers online order,Shopping
Snack at Snacks,Food
Purchased new Makeup kit from online store,Shopping
Ordered Wallet from outlet store,Shopping
Car service - petrol pump,Transport
Paid for Dal bhat from Wow Momo,Food
Settled landlord Maintenance fee,Bills
Pastry for June,Food
Paid for PlayStation Gaming subscription,Entertainment
Visited for Dental appointment from pharmacy,Health
Purchased local college Library fine,Education
Bought Bag for college,Shopping
Dinner at Pancakes,Food
Breakfast at Steak,Food
Recharged Vehicle insurance to college,Transport
Purchased Scooter rental to college,Transport
Enrolled in College supplies annual fee,Education
Snack at Juice with friends,Food
Breakfast at KFC Dal bhat,Food
Vegetables for May,Food
Vitamin supplements for October,Health
Purchased library Exam fee,Education
Paid Electricity bill annual payment,Bills
Enrolled in local college College supplies,Education
Took a Train ticket downtown,Transport
Took out Fried rice from cafe,Food
Dinner at Fruits from dhaba,Food
Ordered Furniture piece for college,Shopping
Belt for June,Shopping
Renewed Amazon Prime Bowling session,Entertainment
Booked Medicine from gym,Health
Took a Bike wash from Uber,Transport
Bought Shirt online order,Shopping
Ordered shopping center Makeup kit,Shopping
Recharged Parking fee from Pathao,Transport
Went for Yoga class fee from gym,Health
Bought campus canteen Juice,Food
Ordered hotel restaurant Taco,Food
Health insurance premium for June,Health
Booked Train ticket to hospital,Transport
Certification exam - university,Education
Paid for pharmacy Health checkup,Health
Paid for Society fee from NEA,Bills
Paid for Necklace from shopping center,Shopping
Shopping for boutique Charger,Shopping
Took a Bike repair,Transport
Booked Car rental from gas station,Transport
Renewed Spotify Netflix subscription,Entertainment
Had Falafel,Food
Visited for gym Health checkup,Health
Bought Shoes for college,Shopping
Fuel station for November,Transport
Purchased Disney+ subscription with friends,Entertainment
Renewed Steam purchase from Steam,Entertainment
Paid for local ISP Home loan installment,Bills
Went for Eye checkup follow-up visit,Health
Paid for campus canteen Smoothie,Food
Snack at Ice cream,Food
Belt for December,Shopping
Went for Vitamin supplements checkup,Health
Monthly Cable TV bill this month,Bills
Workshop registration for September,Education
Ordered local mall Shoes,Shopping
Purchased petrol pump Auto rickshaw fare,Transport
Paid for Wow Momo Snacks,Food
Paid Exam fee from coaching center,Education
Lunch at Snacks with family,Food
Purchased Steam Gaming subscription,Entertainment
Recharged Petrol from Uber,Transport
Paid for Doctor appointment from local clinic,Health
Took out Pasta from Burger King,Food
Rice bag for January,Food
Shopping for Perfume,Shopping
Umbrella from shopping center,Shopping
Registered for School books for the course,Education
Purchased University fee from bookstore,Education
Purchased new Shoes for office,Shopping
Burrito - food court,Food
Paid for Grilled fish from Starbucks,Food
Breakfast at Juice for the party,Food
Enrolled in Study materials annual fee,Education
Paid university College tuition,Education
Subscribed to Amusement park ticket family plan,Entertainment
Recharged Bike repair,Transport
Booked Cab fare to hospital,Transport
Subscribed to PlayStation Plus premium plan,Entertainment
Renewed Theatre ticket monthly plan,Entertainment
Bought Daraz Kitchenware,Shopping
Paid for Health checkup from hospital,Health
Renewed Steam PlayStation Plus,Entertainment
Stand-up comedy show - PlayStation,Entertainment
Paid for petrol pump Train ticket,Transport
Paid for Milkshake,Food
Ordered Perfume seasonal sale,Shopping
Grabbed hotel restaurant Groceries,Food
Headphones - Daraz,Shopping
Xbox Game Pass Movie ticket,Entertainment
Xbox Game Pass Disney+ subscription,Entertainment
Doctor appointment - gym,Health
Booked Amazon Prime membership from Spotify,Entertainment
Ordered online store Bag,Shopping
Registered for coaching center Online course,Education
Got a new online store Shirt,Shopping
Settled Monthly rent for the apartment,Bills
Biryani for November,Food
Visited for Lab test from hospital,Health
Dinner at KFC Dosa,Food
shopping center Sunglasses,Shopping
Used Uber Scooter rental,Transport
Paid for Netflix Karaoke night,Entertainment
Charger for October,Shopping
Purchased Helmet purchase,Transport
Purchased new Watch from Amazon,Shopping
Ordered Headphones from outlet store,Shopping
Purchased new shopping center Bag,Shopping
Purchased gas station Tire replacement,Transport
Purchased Spotify subscription family plan,Entertainment
Electricity bill for November,Bills
Paid for Dumplings from campus canteen,Food
Shopping for online store Headphones,Shopping
Theatre ticket for September,Entertainment
E-book purchase,Entertainment
Lunch at campus canteen Juice,Food
Purchased new Jeans from shopping center,Shopping
Used Tootle Car rental,Transport
Paid for Sneakers from local mall,Shopping
Paid library Library fine,Education
Bought X-ray monthly,Health
Purchased new Power bank online order,Shopping
Shopping for local mall Sunglasses,Shopping
Ordered local mall Bag,Shopping
Grabbed Pancakes after work,Food
YouTube Premium with friends,Entertainment
Purchased Netflix Streaming service,Entertainment
Pathao Bike fuel,Transport
Paid for Spotify Spotify subscription,Entertainment
Monthly Insurance premium from NEA,Bills
Tootle Fuel station,Transport
Purchased new Phone case for office,Shopping
Paid for E-book purchase from local cinema,Entertainment
Booked E-book purchase from local cinema,Entertainment
Registered for Seminar fee from library,Education
Purchased food court Fried rice,Food
Bought online store Perfume,Shopping
Donuts for April,Food
Bought Power bank for college,Shopping
Bought Pizza,Food
Paid for Groceries on the way home,Food
online store Wallet,Shopping
Used Petrol from petrol pump,Transport
Went for Eye checkup routine visit,Health
Bought Cinema ticket,Entertainment
Paid Water bill this month,Bills
Bike fuel downtown,Transport
Ordered local mall Necklace,Shopping
Biryani - hotel restaurant,Food
Apartment rent - NEA,Bills
Uber Helmet purchase,Transport
Recharged Uber Bike wash,Transport
Bought Spotify Gaming subscription,Entertainment
Socks from local mall,Shopping
Music album weekend outing,Entertainment
Thukpa - Burger King,Food
Got a new Electronics gadget online order,Shopping
Bought PlayStation Comic book,Entertainment
Purchased Uber ride from Uber,Transport
Paid for Kebab on the way home,Food
Parking fee from Tootle,Transport
Purchased new local mall Necklace,Shopping
Monthly Cable TV bill for the apartment,Bills
Bought Lab fee for the course,Education
Paid for Steam Board game,Entertainment
Paid for local clinic Medical bill,Health
Got a new Kitchenware,Shopping
Recharged Cab fare from Pathao,Transport
Monthly local ISP Cable TV bill,Bills
Grabbed Burger from hotel restaurant,Food
Subscribed to Amazon Prime membership from Amazon Prime,Entertainment
Dal bhat for February,Food
Visited for diagnostic center Vaccination,Health
Paid for local ISP House rent,Bills
Pathao ride for January,Transport
Renewed Gaming subscription from Steam,Entertainment
Booked Pathao Diesel,Transport
Software license for study - Udemy,Education
Monthly Garbage collection fee from bank,Bills
Refueled with Bike wash from Uber,Transport
Bought Theatre ticket from Amazon Prime,Entertainment
Recharged Vehicle insurance airport transfer,Transport
Paid for Charger from outlet store,Shopping
Medicine,Health
Purchased new outlet store Laptop bag,Shopping
Used Taxi fare from Tootle,Transport
Booked Music album from YouTube,Entertainment
Ordered Socks for office,Shopping
Got a new outlet store Backpack,Shopping
local mall Shirt,Shopping
Paid for Stand-up comedy show annual plan,Entertainment
Recharged InDrive Parking fee,Transport
Snack at Milk at office,Food
Refueled with Diesel,Transport
Diesel to hospital,Transport
Purchased YouTube Premium,Entertainment
Shopping for Earrings for college,Shopping
Cake for January,Food
Purchased new shopping center Electronics gadget,Shopping
Took a gas station Scooter rental,Transport
Daraz Jacket,Shopping
Arcade tokens for January,Entertainment
Took a InDrive Diesel,Transport
Video game purchase - PlayStation,Entertainment
Visited for gym Gym membership,Health
Took out Donuts for the party,Food
Diesel - Pathao,Transport
Took out Juice at office,Food
Bought Salad on the way home,Food
Settled Garbage collection fee from bank,Bills
Registered for Stationery from university,Education
Used petrol pump Bike wash,Transport
Snack at Pasta delivery order,Food
Wallet - Amazon,Shopping
Paid Phone bill from insurance company,Bills
Loan EMI - landlord,Bills
Visited for Medical bill monthly,Health
Paid local ISP Water tank refill,Bills
Grabbed Milkshake from street food stall,Food
Settled Monthly rent from landlord,Bills
Bread - KFC,Food
Monthly Society fee from insurance company,Bills
Purchased Stand-up comedy show from Steam,Entertainment
Tootle Cab fare,Transport
Arcade tokens from Xbox Game Pass,Entertainment
Snack at Sandwich with friends,Food
Bought Umbrella from outlet store,Shopping
Kitchenware - shopping center,Shopping
Paid for Juice from Pizza Hut,Food
Certification exam for December,Education
Breakfast at Vegetables during break,Food
Bought Board game annual plan,Entertainment
Paid for Bowling session from Netflix,Entertainment
Had Juice from Bajeko Sekuwa,Food
Paid for Xbox Game Pass Karaoke night,Entertainment
Booked Movie ticket monthly plan,Entertainment
Purchased Certification exam from Udemy,Education
Purchased Seminar fee for the workshop,Education
Renewed Amusement park ticket weekend outing,Entertainment
Settled local ISP Garbage collection fee,Bills
Chowmein - Burger King,Food
Refueled with Scooter rental from Sajha Yatayat,Transport
Amazon Prime membership for June,Entertainment
Bought Spotify Netflix subscription,Entertainment
Took a Vehicle insurance from Uber,Transport
Ordered Watch for office,Shopping
Phone case for February,Shopping
Paid for Watch from boutique,Shopping
Gym membership for November,Health
Water bill for July,Bills
Music album from Disney+,Entertainment
Purchased new Daraz Necklace,Shopping
Purchased new Curtains,Shopping
Paid for Curtains from boutique,Shopping
Booked Physiotherapy session from pharmacy,Health
Renewed Karaoke night from YouTube,Entertainment
Ice cream for August,Food
Paid for Belt from local mall,Shopping
Took out Subway Fried chicken,Food
Purchased Certification exam from Coursera,Education
Purchased Amazon Prime membership from PlayStation,Entertainment
Breakfast at Milk,Food
Purchased Fried chicken for the party,Food
Paid for shopping center Makeup kit,Shopping
Bought university Programming course,Education
Purchased Comic book,Entertainment
Purchased new boutique Necklace,Shopping
Bought Coursera Certification exam,Education
Got a new Phone case for college,Shopping
Purchased local cinema Stand-up comedy show,Entertainment
Bag for February,Shopping
Ordered Bread at college,Food
Grabbed Grilled fish after work,Food
Renewed Cinema ticket from Spotify,Entertainment
Paid Water tank refill from NEA,Bills
Settled Home loan installment,Bills
Grabbed Cooking oil at college,Food
Lunch at Kebab,Food
Shopping for outlet store Furniture piece,Shopping
Refueled with petrol pump Bus ticket,Transport
Purchased Project materials annual fee,Education
Breakfast at Wow Momo Vegetables,Food
Paid for NEA Loan EMI,Bills
Bought Cinema ticket annual plan,Entertainment
Used Auto rickshaw fare from Tootle,Transport
Got a new boutique Perfume,Shopping
Subscribed to Amazon Prime Streaming service,Entertainment
Lunch at Falafel on the way home,Food
Booked petrol pump Taxi fare,Transport
Metro card recharge for December,Transport
Video game purchase from Steam,Entertainment
Chicken curry for July,Food
Paid for Taxi fare to hospital,Transport
Paid telecom provider Monthly rent,Bills
Paid for Petrol for weekend trip,Transport
Hot dog - KFC,Food
Bought online store Necklace,Shopping
Bought Exam fee for the course,Education
Refueled with Diesel from Pathao,Transport
Paid for Ride share from Sajha Yatayat,Transport
Enrolled in Thesis printing annual fee,Education
Paid for Karaoke night from PlayStation,Entertainment
Monthly Electricity bill from NEA,Bills
Got a new local mall Power bank,Shopping
Paid for Karaoke night,Entertainment
Purchased new Earrings seasonal sale,Shopping
Took out Burger King Pasta,Food
Took a Scooter rental downtown,Transport
Spotify subscription - Xbox Game Pass,Entertainment
Booked Spotify subscription weekend outing,Entertainment
E-book purchase - Disney+,Entertainment
Eye checkup for September,Health
Purchased Theatre ticket premium plan,Entertainment
Renewed Disney+ Video game purchase,Entertainment
Went for Dental appointment from gym,Health
Purchased Coffee at college,Food
Purchased new Kitchenware,Shopping
Paid for InDrive Fuel station,Transport
Paid for Disney+ Disney+ subscription,Entertainment
Dinner at hotel restaurant Ramen,Food
Purchased new Bedsheet from boutique,Shopping
Paid for Insurance premium for the house,Bills
Ordered Bedsheet from Daraz,Shopping
Took a Flight ticket to home,Transport
Lunch at Ice cream from Bajeko Sekuwa,Food
Paid for Netflix Streaming service,Entertainment
Recharged local garage Ride share,Transport
Bought online store Backpack,Shopping
Bought diagnostic center Eye checkup,Health
Petrol from gas station,Transport
Ordered Kitchenware from outlet store,Shopping
Makeup kit for office,Shopping
Phone case from shopping center,Shopping
Paid Udemy Online course,Education
Ordered Noodles delivery order,Food
Purchased new Electronics gadget for office,Shopping
Kitchenware from outlet store,Shopping
Taco - local bakery,Food
Booked Cinema ticket from Spotify,Entertainment
Purchased new Electronics gadget from online store,Shopping
Paid for outlet store Jacket,Shopping
YouTube Premium monthly plan,Entertainment
Belt - outlet store,Shopping
Booked Bus ticket downtown,Transport
Theatre ticket for April,Entertainment
Enrolled in Coursera Certification exam,Education
Purchased new Shoes,Shopping
Paid for petrol pump Uber ride,Transport
Purchased Petrol,Transport
Paid for Stand-up comedy show weekend outing,Entertainment
Renewed Steam Video game purchase,Entertainment
Monthly Property tax for the apartment,Bills
Registered for coaching center Exam fee,Education
Settled Apartment rent from telecom provider,Bills
Paid for pharmacy Gym membership,Health
Snack at Groceries from local bakery,Food
Recharged Auto rickshaw fare to the mall,Transport
Shirt from Daraz,Shopping
Subscribed to Gaming subscription with friends,Entertainment
Headphones from Amazon,Shopping
Pasta for June,Food
Sweater from outlet store,Shopping
Monthly utility company Credit card payment,Bills
Purchased Fried rice,Food
Paid for Diesel from Tootle,Transport
Visited for Surgery cost from gym,Health
Refueled with Sajha Yatayat Diesel,Transport
Purchased new Jeans from Amazon,Shopping
Used Auto rickshaw fare airport transfer,Transport
Booked Uber ride from gas station,Transport
Sneakers for office,Shopping
Got a new Electronics gadget from online store,Shopping
Ordered Groceries from dhaba,Food
Car rental for November,Transport
Shopping for Phone case,Shopping
Booked Bike fuel from gas station,Transport
Booked Tootle Bike repair,Transport
Refueled with Car rental from petrol pump,Transport
Paid for Cap for college,Shopping
Paid Water bill from bank,Bills
Snack at Snacks on the way home,Food
Bought outlet store Belt,Shopping
Bought library College tuition,Education
Booked Spotify E-book purchase,Entertainment
Lunch at Momo with family,Food
Used Bike rental,Transport
Ordered Wallet from boutique,Shopping
Online course for July,Education
Snack at Starbucks Taco,Food
Breakfast at Pizza Hut Donuts,Food
Got a new Daraz Bag,Shopping
Breakfast at Fried chicken with friends,Food
Paid Water tank refill annual payment,Bills
Lunch at Chicken curry during break,Food
Shirt for college,Shopping
Subscribed to PlayStation Stand-up comedy show,Entertainment
Dinner at Cooking oil from local bakery,Food
Monthly Monthly rent for the house,Bills
Paid for Auto rickshaw fare airport transfer,Transport
Paid for Phone case from Amazon,Shopping
Cleared WiFi payment for the house,Bills
Streaming service for September,Entertainment
Grilled fish - Foodmandu,Food
Refueled with petrol pump Train ticket,Transport
Shopping for Power bank online order,Shopping
Booked Bike repair to the mall,Transport
Took a local garage Parking fee,Transport
Garbage collection fee for September,Bills
Vitamin supplements for May,Health
Booked Comic book from Amazon Prime,Entertainment
Booked Toll fee airport transfer,Transport
Booked Hospital bill from local clinic,Health
Umbrella seasonal sale,Shopping
Ordered Amazon Perfume,Shopping
Booked Stand-up comedy show weekend outing,Entertainment
Used Vehicle insurance from Sajha Yatayat,Transport
Ordered Milkshake with friends,Food
Bought Netflix Bowling session,Entertainment
Booked Uber Toll fee,Transport
Phone bill for March,Bills
Renewed Netflix PlayStation Plus,Entertainment
Paid for Subway Chicken curry,Food
Paid for YouTube Video game purchase,Entertainment
Booked Netflix Gaming subscription,Entertainment
Snack at Dumplings,Food
Purchased Bike wash downtown,Transport
Bought Dumplings from street food stall,Food
Breakfast at Steak during break,Food
Paid for Movie ticket weekend outing,Entertainment
Purchased Uber Diesel,Transport
Renewed Spotify Comic book,Entertainment
Took a Bus ticket to the mall,Transport
Purchased Gaming subscription from Disney+,Entertainment
Purchased Stand-up comedy show from PlayStation,Entertainment
Purchased Subway Cake,Food
Cleared NEA Cable TV bill,Bills
Paid for Amazon Bedsheet,Shopping
Paid for petrol pump Bike fuel,Transport
Steam purchase for October,Entertainment
Shopping for Amazon Furniture piece,Shopping
Settled telecom provider Society fee,Bills
Paid Software license for study from Udemy,Education
Petrol - local garage,Transport
Necklace from boutique,Shopping
Settled local ISP Apartment rent,Bills
Chicken curry - dhaba,Food
Bought Gaming subscription from Steam,Entertainment
Snacks for September,Food
Renewed Video game purchase from Xbox Game Pass,Entertainment
Settled Credit card payment annual payment,Bills
Purchased Lab fee from library,Education
Had Soup from KFC,Food
Makeup kit for March,Shopping
Took out Pizza from Bajeko Sekuwa,Food
Settled Gas cylinder for the house,Bills
Purchased Theatre ticket from Netflix,Entertainment
College supplies for October,Education
Bought Makeup kit from boutique,Shopping
Breakfast at Chowmein from Bajeko Sekuwa,Food
Dinner at Noodles from street food stall,Food
Bought local cinema Stand-up comedy show,Entertainment
Refueled with Pathao Bike rental,Transport
Ordered Electronics gadget,Shopping
Lunch at Thukpa from Burger King,Food
Purchased new Amazon Laptop bag,Shopping
Purchased Textbooks from local college,Education
Sajha Yatayat Toll fee,Transport
Went for Medicine routine visit,Health
Renewed Board game,Entertainment
Paid for Netflix Netflix subscription,Entertainment
Bought library Project materials,Education
Booked Netflix subscription with friends,Entertainment
Paid Project materials for the workshop,Education
Took out Pastry from Starbucks,Food
Purchased College supplies annual fee,Education
Enrolled in Programming course annual fee,Education
Enrolled in Library fine from Udemy,Education
Bought Sweater from outlet store,Shopping
Cleared Credit card payment annual payment,Bills
Hospital bill for March,Health
Renewed Xbox Game Pass PlayStation Plus,Entertainment
Recharged Car service from local garage,Transport
Paid Udemy College fee,Education
Settled Apartment rent from utility company,Bills
Dinner at Groceries from KFC,Food
Purchased College fee from library,Education
Purchased InDrive Scooter rental,Transport
Booked Board game premium plan,Entertainment
Took a Uber Bike repair,Transport
Cleared telecom provider Cable TV bill,Bills
Recharged Petrol for weekend trip,Transport
Refueled with Taxi fare from Tootle,Transport
Got a new Kitchenware for office,Shopping
Paid for Soup after work,Food
Sweater from Amazon,Shopping
Shopping for Socks from outlet store,Shopping
Purchased Theatre ticket monthly plan,Entertainment
Purchased Waffles for the party,Food
Grabbed Salad from cafe,Food
Cleared House rent quarterly payment,Bills
Paid Udemy Stationery,Education
Shopping for Jeans,Shopping
Paid for local cinema Netflix subscription,Entertainment
Scooter rental for March,Transport
Settled landlord Society fee,Bills
Took a Parking fee for weekend trip,Transport
YouTube Premium from Disney+,Entertainment
Purchased Pathao Vehicle insurance,Transport
Enrolled in College tuition from Udemy,Education
Garbage collection fee for May,Bills
Bought Milk after work,Food
Furniture piece for November,Shopping
Paid for Comic book from Steam,Entertainment
Enrolled in Exam fee from coaching center,Education
Paid for Health insurance premium monthly,Health
Registered for Udemy Project materials,Education
Booked Sajha Yatayat Bike fuel,Transport
Bus ticket from Tootle,Transport
Cab fare for July,Transport
Grabbed local bakery Fried chicken,Food
Bike repair for July,Transport
Enrolled in library Online course,Education
Registered for Textbooks from bookstore,Education
Paid for Jacket from shopping center,Shopping
Enrolled in Coaching class fee from Coursera,Education
Paid for local ISP Cable TV bill,Bills
Refueled with Bus ticket,Transport
Recharged Petrol from InDrive,Transport
Bought Netflix Steam purchase,Entertainment
Sandwich for March,Food
Had Ramen from KFC,Food
Theatre ticket from Xbox Game Pass,Entertainment
Took a Bus ticket for weekend trip,Transport
Booked Spotify Amusement park ticket,Entertainment
Cleared Monthly rent from NEA,Bills
Paid university Seminar fee,Education
Paid for Electronics gadget from Amazon,Shopping
Paid for Ride share from local garage,Transport
Renewed Concert ticket,Entertainment
Spotify subscription for October,Entertainment
Paid for local cinema Disney+ subscription,Entertainment
Got a new Wallet,Shopping
Paid for Soup from Foodmandu,Food
Took a Cab fare for a trip,Transport
Cleared Phone bill from bank,Bills
Booked Vaccination follow-up visit,Health
Visited for X-ray from wellness center,Health
Breakfast at campus canteen Fried chicken,Food
Booked Spotify PlayStation Plus,Entertainment
Refueled with Bike rental to the mall,Transport
Paid coaching center University fee,Education
Took out Dumplings from Wow Momo,Food
Bought local mall Earrings,Shopping
Dinner at Pastry,Food
University fee for June,Education
Had Grilled fish at college,Food
Renewed Steam purchase from Disney+,Entertainment
Booked Karaoke night annual plan,Entertainment
Paid bookstore College tuition,Education
Refueled with Helmet purchase to college,Transport
Booked Car rental airport transfer,Transport
Settled local ISP Property tax,Bills
Perfume for November,Shopping
House rent for February,Bills
Snack at Sushi on the way home,Food
Rice bag for October,Food
Paid for Train ticket,Transport
Took a Helmet purchase to office,Transport
Booked Bus ticket to college,Transport
Purchased Waffles delivery order,Food
Took a gas station Bike rental,Transport
Refueled with Tootle Car service,Transport
Bought library University fee,Education
Booked YouTube Premium annual plan,Entertainment
Purchased library Lab fee,Education
Library fine for May,Education
Bought Spotify Amazon Prime membership,Entertainment
Bought Hospital bill from pharmacy,Health
Grabbed Falafel on the way home,Food
Grabbed restaurant Noodles,Food
Registered for Textbooks annual fee,Education
Subscribed to Arcade tokens family plan,Entertainment
Paid for YouTube Premium weekend outing,Entertainment
Donuts - local bakery,Food
Used Bike repair from Pathao,Transport
Got a new Belt online order,Shopping
Paid insurance company Garbage collection fee,Bills
Paid for Bike rental to home,Transport
Booked pharmacy Lab test,Health
Ordered Laptop bag from Amazon,Shopping
Curtains from Daraz,Shopping
Renewed Steam Stand-up comedy show,Entertainment
Paid for Laptop bag from online store,Shopping
Monthly Loan EMI annual payment,Bills
Sushi for July,Food
Purchased Vehicle insurance to office,Transport
Bike rental downtown,Transport
Purchased Diesel to home,Transport
Had Donuts from Wow Momo,Food
Shopping for online store Shoes,Shopping
Renewed Disney+ Movie ticket,Entertainment
Paid for Pasta with family,Food
Bought shopping center Sweater,Shopping
Dinner at Fruits for the party,Food
Refueled with Sajha Yatayat Train ticket,Transport
Snack at Cooking oil at office,Food
Paid Exam fee from Udemy,Education
Lunch at Biryani,Food
Shopping for Sneakers for college,Shopping
Paid for Kitchenware seasonal sale,Shopping
Purchased Cab fare from InDrive,Transport
Jeans for college,Shopping
Bought Amusement park ticket from Amazon Prime,Entertainment
Monthly Property tax from insurance company,Bills
Ordered Noodles from Wow Momo,Food
Purchased Falafel from Domino's,Food
Cinema ticket for August,Entertainment
Ordered T-shirt for birthday gift,Shopping
Snack at Coffee on the way home,Food
Paid for Phone case online order,Shopping
Bought Hospital bill routine visit,Health
Monthly telecom provider Internet bill,Bills
Bought University fee from Coursera,Education
Purchased Ride share from local garage,Transport
Booked Tootle Ride share,Transport
Purchased Netflix Amazon Prime membership,Entertainment
Bought Kitchenware seasonal sale,Shopping
Paid for Vitamin supplements monthly,Health
Fried chicken for June,Food
Purchased new Amazon Necklace,Shopping
Breakfast at Eggs during break,Food
Paid for PlayStation Plus family plan,Entertainment
Paid for Coffee at office,Food
Shopping for Kitchenware for office,Shopping
T-shirt for office,Shopping
Bought pharmacy Dental appointment,Health
Bought Tea from Foodmandu,Food
Paid for Pathao ride from Sajha Yatayat,Transport
Went for local clinic Medical bill,Health
Paid for NEA Insurance premium,Bills
Paid for Fuel station to the mall,Transport
Paid for Property tax from landlord,Bills
Purchased new Socks from shopping center,Shopping
Had local bakery Burger,Food
Electronics gadget for January,Shopping
Took a Bike wash to home,Transport
Taxi fare for June,Transport
Visited for gym Pharmacy purchase,Health
Went for Surgery cost routine visit,Health
Bought Jeans from online store,Shopping
Booked Toll fee from Tootle,Transport
Purchased Coffee from street food stall,Food
Electronics gadget for August,Shopping
Got a new Jeans online order,Shopping
Software license for study - local college,Education
Paid for Burger King Dumplings,Food
Booked Xbox Game Pass PlayStation Plus,Entertainment
Booked Blood test routine visit,Health
Bought Charger from shopping center,Shopping
Had McDonald's Steak,Food
Purchased Toll fee,Transport
Auto rickshaw fare for December,Transport
Ordered T-shirt online order,Shopping
Used Auto rickshaw fare from InDrive,Transport
Used Sajha Yatayat Petrol,Transport
Recharged Bike rental to the mall,Transport
Paid for Pharmacy purchase from diagnostic center,Health
Bought Wow Momo Burrito,Food
Dal bhat for September,Food
Visited for Vaccination checkup,Health
Cleared landlord Cable TV bill,Bills
local garage Pathao ride,Transport
Subscribed to Arcade tokens from Xbox Game Pass,Entertainment
Refueled with Petrol to college,Transport
Shopping for Wallet from Daraz,Shopping
Took out Kebab,Food
Paid Software license for study from university,Education
Ride share for October,Transport
Purchased Bajeko Sekuwa Cake,Food
Recharged Ride share to home,Transport
Eggs - McDonald's,Food
Bought Cap from boutique,Shopping
Used Pathao ride to the mall,Transport
Grabbed French fries,Food
Subscribed to Karaoke night from Xbox Game Pass,Entertainment
Refueled with Tire replacement from Tootle,Transport
Charger from online store,Shopping
shopping center Kitchenware,Shopping
Bought PlayStation Movie ticket,Entertainment
Visited for gym Medical bill,Health
Took a Bike repair to home,Transport
Paid Maintenance fee for the apartment,Bills
Purchased Udemy Certification exam,Education
Enrolled in College tuition from coaching center,Education
Bought Amazon Prime Amazon Prime membership,Entertainment
Scooter rental - Tootle,Transport
Subscribed to PlayStation Plus from Spotify,Entertainment
Shopping for boutique Shirt,Shopping
Bike wash - Sajha Yatayat,Transport
Snack at Hot dog from hotel restaurant,Food
Waffles - Foodmandu,Food
Used Parking fee from Tootle,Transport
Dinner at Salad at office,Food
Pathao ride for February,Transport
Purchased Coaching class fee from bookstore,Education
Booked local clinic Dental appointment,Health
Kitchenware for November,Shopping
Lunch at Donuts from Subway,Food
Bought Comic book with friends,Entertainment
Took a Pathao ride airport transfer,Transport
Purchased Tootle Train ticket,Transport
Booked Cab fare from petrol pump,Transport
Software license for study for September,Education
Purchased Car service from Tootle,Transport
Lunch at Dosa delivery order,Food
Enrolled in College supplies from local college,Education
Chicken curry - KFC,Food
Kebab for July,Food
Purchased Streaming service from PlayStation,Entertainment
Paid University fee for the course,Education
Purchased new local mall Electronics gadget,Shopping
Purchased library College fee,Education
Purchased new Furniture piece from shopping center,Shopping
Shirt for May,Shopping
Amazon Prime membership - local cinema,Entertainment
Settled utility company Electricity bill,Bills
Breakfast at Burger King Salad,Food
Ordered Amazon Shirt,Shopping
Booked Ride share to the mall,Transport
Amazon Prime Cinema ticket,Entertainment
Paid for Subway Burger,Food
Refueled with Taxi fare to home,Transport
Bought Grilled fish from street food stall,Food
Bought Eggs from Wow Momo,Food
Lab test for April,Health
Bought PlayStation Plus monthly plan,Entertainment
Bought Steam Steam purchase,Entertainment
Purchased Steam Streaming service,Entertainment
Dinner at street food stall Rice bag,Food
Bought Coursera Programming course,Education
Bought Gaming subscription from Xbox Game Pass,Entertainment
Snacks for January,Food
Shopping for Sunglasses,Shopping
Watch from boutique,Shopping
Snack at Bajeko Sekuwa Salad,Food
Purchased Video game purchase from Spotify,Entertainment
Diesel from Tootle,Transport
Snack at Biryani from Subway,Food
Bought Gym membership from local clinic,Health
Software license for study for January,Education
Dinner at Donuts from local bakery,Food
Paid for local ISP Insurance premium,Bills
Renewed Amazon Prime membership from Netflix,Entertainment
Bought Dumplings from KFC,Food
Bought Textbooks this semester,Education
Pancakes for April,Food
Shopping for Shirt from local mall,Shopping
Wallet for September,Shopping
Ordered Fried chicken delivery order,Food
Paid for T-shirt from shopping center,Shopping
Recharged Tire replacement from gas station,Transport
Music album family plan,Entertainment
Bus ticket airport transfer,Transport
Surgery cost for January,Health
Registered for university Lab fee,Education
Paid Software license for study for the course,Education
Registered for library School books,Education
Paid for Domino's Tea,Food
Snack at Fried rice at college,Food
Got a new T-shirt from boutique,Shopping
Enrolled in Stationery from university,Education
Booked Doctor appointment monthly,Health
Monthly Gas cylinder annual payment,Bills
Purchased InDrive Car rental,Transport
Waffles for September,Food
Ordered Kitchenware from online store,Shopping
Settled local ISP Home loan installment,Bills
Paid for Insurance premium from local ISP,Bills
Tire replacement to hospital,Transport
Bought Steam purchase from local cinema,Entertainment
Cleared Water tank refill this month,Bills
Paid Home loan installment from insurance company,Bills
Renewed Karaoke night premium plan,Entertainment
Took a Cab fare to hospital,Transport
Subscribed to Steam Board game,Entertainment
Booked PlayStation Plus with friends,Entertainment
boutique Watch,Shopping
Had Burrito from Burger King,Food
Took out Burger King Milk,Food
Bought Daraz Cap,Shopping
Bought Necklace online order,Shopping
Booked Board game monthly plan,Entertainment
Booked Arcade tokens weekend outing,Entertainment
Shopping for Necklace for college,Shopping
Refueled with petrol pump Toll fee,Transport
Paid for Car service airport transfer,Transport
Used Pathao ride from Tootle,Transport
Got a new T-shirt for college,Shopping
Cake - Foodmandu,Food
Paid for E-book purchase from Netflix,Entertainment
Bus ticket - gas station,Transport
Lunch at Kebab from Domino's,Food
Bought Charger for office,Shopping
Paid for Amazon Prime membership from YouTube,Entertainment
Registered for local college Online course,Education
Purchased new online store Furniture piece,Shopping
Grabbed Pancakes,Food
Lunch at Dumplings,Food
Booked Xbox Game Pass Concert ticket,Entertainment
Got a new Jacket from local mall,Shopping
Subscribed to PlayStation Spotify subscription,Entertainment
Recharged Auto rickshaw fare to college,Transport
Shopping for local mall Shirt,Shopping
Booked Auto rickshaw fare from Pathao,Transport
Bubble tea for February,Food
Purchased Steam Movie ticket,Entertainment
Snack at hotel restaurant Rice bag,Food
Enrolled in Exam fee from bookstore,Education
Paid for Netflix subscription from Spotify,Entertainment
Paid for Flight ticket from gas station,Transport
Parking fee for January,Transport
Purchased Movie ticket from Xbox Game Pass,Entertainment
Visited for Medical bill routine visit,Health
Booked Blood test from gym,Health
Sneakers from shopping center,Shopping
Subscribed to Theatre ticket weekend outing,Entertainment
Lunch at Subway Momo,Food
Uber ride for June,Transport
Used Metro card recharge to hospital,Transport
Went for Gym membership from hospital,Health
Took a Flight ticket from gas station,Transport
Paid for Water tank refill from local ISP,Bills
Purchased Parking fee to hospital,Transport
Went for Doctor appointment from hospital,Health
Grabbed Momo with family,Food
Purchased new Daraz Perfume,Shopping
Booked Doctor appointment from wellness center,Health
Perfume from Amazon,Shopping
Amazon Prime membership from Amazon Prime,Entertainment
Paid for Helmet purchase,Transport
Grilled fish for September,Food
Subscribed to Steam purchase monthly plan,Entertainment
Subscribed to Disney+ Cinema ticket,Entertainment
Booked Tootle Flight ticket,Transport
Sneakers for March,Shopping
Streaming service for April,Entertainment
Booked Disney+ Gaming subscription,Entertainment
Subscribed to Steam Theatre ticket,Entertainment
Tire replacement for October,Transport
Subscribed to Spotify Music album,Entertainment
Renewed Steam purchase with friends,Entertainment
Bike repair - gas station,Transport
Refueled with Diesel to home,Transport
Refueled with Pathao ride downtown,Transport
Booked Car service airport transfer,Transport
Paid for Pizza Hut French fries,Food
Cleared Gas cylinder from bank,Bills
Purchased PlayStation Theatre ticket,Entertainment
Booked Uber Bike rental,Transport
Took out Ice cream for the party,Food
Bag from boutique,Shopping
French fries for June,Food
Took out Hot dog at office,Food
Snack at KFC Chicken curry,Food
Settled Phone bill for the house,Bills
Recharged Pathao Car rental,Transport
Paid for Petrol to college,Transport
Paid for Amazon Makeup kit,Shopping
Necklace for January,Shopping
Cinema ticket - Spotify,Entertainment
Booked Medical bill checkup,Health
Dumplings for February,Food
Purchased new Shirt for college,Shopping
Shopping for Daraz Kitchenware,Shopping
Purchased Disney+ subscription from Spotify,Entertainment
Bought Dental treatment from wellness center,Health
Bought University fee for the workshop,Education
Purchased YouTube Movie ticket,Entertainment
Took a Ride share from Uber,Transport
Subscribed to Movie ticket with friends,Entertainment
Refueled with petrol pump Bike repair,Transport
Subscribed to Movie ticket family plan,Entertainment
Diesel for March,Transport
Recharged Auto rickshaw fare from Sajha Yatayat,Transport
Earrings for May,Shopping
Used gas station Fuel station,Transport
Phone bill - telecom provider,Bills
Streaming service - Disney+,Entertainment
Got a new Earrings for college,Shopping
Furniture piece for September,Shopping
local mall Necklace,Shopping
Purchased new Laptop bag for birthday gift,Shopping
Paid for Cab fare to home,Transport
Pizza for February,Food
Took a Pathao ride to college,Transport
Shopping for Jeans seasonal sale,Shopping
Booked gym Gym membership,Health
Perfume from local mall,Shopping
Renewed Gaming subscription weekend outing,Entertainment
Shopping for boutique Headphones,Shopping
Monthly Phone bill from bank,Bills
Booked Amazon Prime membership from Xbox Game Pass,Entertainment
Took a Auto rickshaw fare for a trip,Transport
Shopping for Laptop bag online order,Shopping
Paid for Furniture piece from shopping center,Shopping
Got a new Amazon Earrings,Shopping
Waffles for March,Food
Bought Eggs from Burger King,Food
Bought Amazon Watch,Shopping
Purchased Ride share from Sajha Yatayat,Transport
Bought Daraz Shoes,Shopping
Purchased new shopping center Sweater,Shopping
Purchased Cake delivery order,Food
Recharged Sajha Yatayat Tire replacement,Transport
Purchased new local mall Kitchenware,Shopping
Purchased Diesel to hospital,Transport
Recharged local garage Train ticket,Transport
Renewed Gaming subscription with friends,Entertainment
Dinner at Chicken curry from cafe,Food
Used Fuel station airport transfer,Transport
Used Tootle Bike fuel,Transport
Took a Train ticket from Pathao,Transport
Subscribed to Video game purchase from PlayStation,Entertainment
Dal bhat for July,Food
Disney+ subscription for October,Entertainment
Steam purchase from Xbox Game Pass,Entertainment
Took out Pasta at office,Food
Shopping for Earrings for office,Shopping
Netflix Stand-up comedy show,Entertainment
Took a Car service to hospital,Transport
Subscribed to Streaming service annual plan,Entertainment
Snack at KFC Burrito,Food
boutique Jeans,Shopping
Subscribed to Disney+ Arcade tokens,Entertainment
Ordered Charger online order,Shopping
Paid for local cinema Karaoke night,Entertainment
Refueled with Car service downtown,Transport
Ordered Sneakers online order,Shopping
Purchased new Wallet from boutique,Shopping
Paid for Lab test from pharmacy,Health
Settled Home loan installment this month,Bills
Booked Arcade tokens monthly plan,Entertainment
Fruits - local bakery,Food
Paid for insurance company Phone bill,Bills
Paid for Monthly rent for the house,Bills
Amusement park ticket with friends,Entertainment
Jeans for June,Shopping
Purchased Flight ticket from Tootle,Transport
Purchased Sajha Yatayat Auto rickshaw fare,Transport
Lunch at Waffles from Pizza Hut,Food
Purchased coaching center Thesis printing,Education
Thukpa for July,Food
Toll fee for July,Transport
Paid for Medical bill from local clinic,Health
Pastry - Burger King,Food
Paid for local ISP Loan EMI,Bills
Gaming subscription from Netflix,Entertainment
Bought Steam purchase,Entertainment
Ordered Sandwich,Food
Renewed Amazon Prime Disney+ subscription,Entertainment
Got a new Earrings seasonal sale,Shopping
Burger for May,Food
Groceries - Wow Momo,Food
Paid for gas station Scooter rental,Transport
Booked Car service to college,Transport
Took a Bike fuel for a trip,Transport
outlet store Necklace,Shopping
Bought outlet store Electronics gadget,Shopping
Took a Uber ride to office,Transport
Wallet for November,Shopping
Lab fee for August,Education
Purchased new outlet store Socks,Shopping
Paid for Hospital bill from pharmacy,Health
Took out Burger from Subway,Food
Paid for Netflix YouTube Premium,Entertainment
Paid for Water bill from landlord,Bills
Paid for Blood test routine visit,Health
Settled Apartment rent from landlord,Bills
Purchased College fee for the workshop,Education
Grilled fish - cafe,Food
Paid for Theatre ticket from Xbox Game Pass,Entertainment
Recharged Car service from Tootle,Transport
Amazon Curtains,Shopping
Recharged Scooter rental,Transport
Furniture piece from shopping center,Shopping
Got a new outlet store Headphones,Shopping
Breakfast at Subway Grilled fish,Food
Purchased Xbox Game Pass Board game,Entertainment
Ordered Sweater for birthday gift,Shopping
Subscribed to Concert ticket with friends,Entertainment
Breakfast at Bubble tea,Food
Paid NEA Gas cylinder,Bills
Shopping for Bedsheet for birthday gift,Shopping
Had Thukpa during break,Food
Pharmacy purchase for July,Health
Enrolled in Exam fee this semester,Education
Bought Chowmein with family,Food
Enrolled in Coursera Study materials,Education
Shopping for outlet store Perfume,Shopping
Paid for local clinic Vaccination,Health
Bike fuel - Pathao,Transport
Paid for Disney+ Amazon Prime membership,Entertainment
Paid Coursera Certification exam,Education
Bought Necklace for office,Shopping
Paid College fee this semester,Education
Purchased new Power bank for college,Shopping
Paid Property tax annual payment,Bills
Steak for June,Food
Went for local clinic Painkillers,Health
Purchased Stand-up comedy show from YouTube,Entertainment
Bought Dental treatment routine visit,Health
Had McDonald's Juice,Food
Took out street food stall Chowmein,Food
Renewed Video game purchase premium plan,Entertainment
Subscribed to PlayStation Concert ticket,Entertainment
Paid for Spotify YouTube Premium,Entertainment
Paid for Streaming service from Steam,Entertainment
Paid for online store Wallet,Shopping
Power bank - outlet store,Shopping
Watch - local mall,Shopping
Had Pasta,Food
Paid for Milkshake from campus canteen,Food
Used InDrive Bike repair,Transport
Pastry for October,Food
Bought pharmacy Hospital bill,Health
Booked Steam Bowling session,Entertainment
Enrolled in Udemy Project materials,Education
Paid for Car service to home,Transport
Recharged Tootle Train ticket,Transport
Purchased School books from Coursera,Education
Bedsheet for college,Shopping
Paid Credit card payment from insurance company,Bills
Shopping for Amazon Umbrella,Shopping
Purchased new Sunglasses for birthday gift,Shopping
Purchased Juice from Bajeko Sekuwa,Food
Paid for Amazon Prime membership from Disney+,Entertainment
Bought Steam purchase premium plan,Entertainment
Paid for Surgery cost checkup,Health
Went for pharmacy Health checkup,Health
French fries - cafe,Food
Steak - campus canteen,Food
Fried rice for November,Food
Paid for YouTube Premium from local cinema,Entertainment
Fuel station downtown,Transport
Snack at Cake on the way home,Food
Purchased new Wallet seasonal sale,Shopping
Purchased new Bag from online store,Shopping
Booked Scooter rental to office,Transport
Paid for Apartment rent quarterly payment,Bills
Bowling session for April,Entertainment
Dal bhat - McDonald's,Food
Insurance premium for December,Bills
Ordered Charger for birthday gift,Shopping
Bought Backpack from local mall,Shopping
Took a Helmet purchase from Pathao,Transport
Bike repair - Sajha Yatayat,Transport
Helmet purchase from petrol pump,Transport
Fried rice for October,Food
Amusement park ticket from PlayStation,Entertainment
Cleared Monthly rent from insurance company,Bills
Renewed Spotify subscription from Spotify,Entertainment
Got a new Amazon Umbrella,Shopping
Paid for Concert ticket from Spotify,Entertainment
Lunch at Bubble tea from McDonald's,Food
Bought Necklace from Amazon,Shopping
Renewed Video game purchase family plan,Entertainment
Bought Bowling session from Disney+,Entertainment
Spotify subscription from Amazon Prime,Entertainment
Paid for Shoes,Shopping
Purchased gas station Pathao ride,Transport
Grabbed street food stall Ice cream,Food
Bought Gaming subscription from Amazon Prime,Entertainment
Cleared Mobile recharge for the apartment,Bills
Sajha Yatayat Ride share,Transport
Visited for Lab test monthly,Health
Paid for local cinema Amusement park ticket,Entertainment
Subscribed to YouTube Premium from local cinema,Entertainment
Bought Daraz Shirt,Shopping
Purchased Domino's Fried chicken,Food
Ordered Bubble tea from food court,Food
Lunch at Wow Momo Bread,Food
Got a new Backpack for college,Shopping
Purchased new Daraz Backpack,Shopping
Paid for Jacket from Daraz,Shopping
Arcade tokens - Amazon Prime,Entertainment
Cleared Electricity bill from telecom provider,Bills
Earrings for January,Shopping
Purchased new Jacket from Daraz,Shopping
Took a Fuel station from gas station,Transport
Paid for Gaming subscription family plan,Entertainment
Paid for Pathao Bike fuel,Transport
Cleared WiFi payment from local ISP,Bills
Purchased Coffee,Food
Paid for Phone bill from local ISP,Bills
Took a Train ticket from local garage,Transport
Booked Theatre ticket annual plan,Entertainment
Went for diagnostic center Blood test,Health
Netflix subscription for December,Entertainment
Settled Home loan installment annual payment,Bills
Bought Laptop bag for birthday gift,Shopping
Bought Yoga class fee,Health
boutique Perfume,Shopping
Streaming service monthly plan,Entertainment
Booked Bike repair to home,Transport
Purchased new online store T-shirt,Shopping
Renewed Arcade tokens from YouTube,Entertainment
Recharged Car service to the mall,Transport
Had Soup from street food stall,Food
Recharged Scooter rental to office,Transport
Had Biryani from Starbucks,Food
Registered for Workshop registration from university,Education
Bought Chowmein from Pizza Hut,Food
Purchased Cinema ticket from local cinema,Entertainment
Bought bookstore Software license for study,Education
Soup for December,Food
Used local garage Flight ticket,Transport
Purchased Ride share to college,Transport
Movie ticket for March,Entertainment
Bought Stationery from coaching center,Education
Purchased Pathao Cab fare,Transport
Bought Sweater for birthday gift,Shopping
Furniture piece - local mall,Shopping
Purchased new Wallet from outlet store,Shopping
Booked Movie ticket family plan,Entertainment
Ride share from petrol pump,Transport
Renewed Spotify PlayStation Plus,Entertainment
Shoes from online store,Shopping
Bought Karaoke night weekend outing,Entertainment
Snack at Pancakes from McDonald's,Food
Paid for Uber ride from InDrive,Transport
Paid for local cinema YouTube Premium,Entertainment
Bought Amusement park ticket with friends,Entertainment
Purchased new Phone case,Shopping
Purchased Ramen from cafe,Food
Paid for Necklace online order,Shopping
Chicken curry for October,Food
Booked Xbox Game Pass Cinema ticket,Entertainment
Bought Exam fee for the workshop,Education
Paid for NEA Credit card payment,Bills
Groceries for July,Food
Tootle Car rental,Transport
Sunglasses for birthday gift,Shopping
Paid for Phone bill from NEA,Bills
Had Noodles from Subway,Food
Ice cream - dhaba,Food
Paid for Tootle Metro card recharge,Transport
Took a Vehicle insurance from InDrive,Transport
Refueled with Vehicle insurance from petrol pump,Transport
Subscribed to Board game with friends,Entertainment
Visited for Blood test emergency visit,Health
Bought local mall Furniture piece,Shopping
Bought Eye checkup routine visit,Health
Cap - shopping center,Shopping
local mall Jeans,Shopping
Streaming service from Disney+,Entertainment
Bought Workshop registration from Coursera,Education
Paid Textbooks this semester,Education
Registered for Thesis printing for the workshop,Education
Subscribed to Bowling session from Steam,Entertainment
Subscribed to Spotify Comic book,Entertainment
Refueled with Bike repair from petrol pump,Transport
Grabbed Dumplings,Food
Enrolled in Exam fee from Udemy,Education
Grabbed food court Biryani,Food
Enrolled in University fee this semester,Education
Paid Seminar fee from university,Education
Purchased new T-shirt for college,Shopping
Purchased Kebab with family,Food
Laptop bag from boutique,Shopping
Paid for Uber ride from Tootle,Transport
Went for Eye checkup monthly,Health
Bread for April,Food
Went for Medicine monthly,Health
Recharged Car service,Transport
Grabbed Tea during break,Food
Shopping for Jeans from local mall,Shopping
Booked Bike fuel from Uber,Transport
Paid for boutique Jeans,Shopping
Cleared telecom provider Water tank refill,Bills
Bought local cinema Amusement park ticket,Entertainment
Bought local clinic Health insurance premium,Health
Purchased Kebab from cafe,Food
Paid for Subway Waffles,Food
Bought Video game purchase annual plan,Entertainment
Shoes - Amazon,Shopping
Paid Gas cylinder from utility company,Bills
Ordered Momo with friends,Food
Spotify Concert ticket,Entertainment
Bought Electronics gadget from Daraz,Shopping
Bought University fee from library,Education
Booked YouTube Netflix subscription,Entertainment
Netflix Steam purchase,Entertainment
Refueled with InDrive Auto rickshaw fare,Transport
Had Kebab from Foodmandu,Food
Lab test for November,Health
Ordered Domino's French fries,Food
Booked Disney+ Amusement park ticket,Entertainment
Used Ride share from gas station,Transport
Dosa for May,Food
Groceries - hotel restaurant,Food
Booked Video game purchase family plan,Entertainment
Curtains for November,Shopping
Enrolled in Study materials from library,Education
Booked Dental appointment checkup,Health
Dental appointment for September,Health
Bought Daraz T-shirt,Shopping
Took out KFC Waffles,Food
Renewed Amusement park ticket,Entertainment
Purchased Cab fare from Tootle,Transport
Bread for June,Food
Booked Gym membership from gym,Health
Recharged Car service from gas station,Transport
Eggs - Bajeko Sekuwa,Food
Visited for Gym membership monthly,Health
Purchased Groceries at college,Food
Breakfast at Samosa takeaway,Food
Recharged Bus ticket from InDrive,Transport
Settled Property tax this month,Bills
Petrol to office,Transport
Breakfast at Burrito from Bajeko Sekuwa,Food
Car rental for January,Transport
Bus ticket - Uber,Transport
Refueled with Toll fee for weekend trip,Transport
Grabbed Dal bhat with family,Food
Shopping for Backpack for office,Shopping
Recharged Fuel station from Pathao,Transport
Purchased new Jacket,Shopping
Snack at Chowmein from dhaba,Food
Stand-up comedy show annual plan,Entertainment
Purchased new Bedsheet from outlet store,Shopping
Purchased new Headphones for college,Shopping
Bought Netflix subscription from Netflix,Entertainment
Bought Backpack from boutique,Shopping
Paid for Tire replacement for a trip,Transport
Purchased new Laptop bag from shopping center,Shopping
Purchased College supplies from library,Education
Grabbed Fried rice from dhaba,Food
Subscribed to Steam Steam purchase,Entertainment
Paid for Disney+ Steam purchase,Entertainment
Purchased Car rental to college,Transport
Booked Eye checkup routine visit,Health
Got a new Backpack from outlet store,Shopping
Paid Water tank refill from local ISP,Bills
Bought coaching center Project materials,Education
Snack at Cooking oil on the way home,Food
Purchased Netflix Concert ticket,Entertainment
Cleared Loan EMI from NEA,Bills
Recharged Taxi fare from InDrive,Transport
Bought Ramen from food court,Food
Booked Steam purchase from Disney+,Entertainment
Shopping for Bag from boutique,Shopping
Shopping for shopping center Socks,Shopping
Gas cylinder for July,Bills
Paid for Xbox Game Pass Disney+ subscription,Entertainment
Paid Library fine from bookstore,Education
Water bill for April,Bills
Blood test for October,Health
Paid for Arcade tokens from local cinema,Entertainment
Paid for Netflix Cinema ticket,Entertainment
Monthly telecom provider Home loan installment,Bills
Paid for Car service to hospital,Transport
Booked Amazon Prime Spotify subscription,Entertainment
Paid for Lab test from local clinic,Health
Got a new Curtains for office,Shopping
Booked Bike fuel for weekend trip,Transport
Bought Steam purchase from Xbox Game Pass,Entertainment
Took a gas station Train ticket,Transport
Apartment rent for August,Bills
Paid for Spotify Steam purchase,Entertainment
Got a new Makeup kit seasonal sale,Shopping
Bought Makeup kit for college,Shopping
Lunch at Pizza Hut Dumplings,Food
Backpack for April,Shopping
Booked Car service to office,Transport
Xbox Game Pass Arcade tokens,Entertainment
Went for Yoga class fee routine visit,Health
Paid for Car rental,Transport
Took a Bike rental to college,Transport
Disney+ Amusement park ticket,Entertainment
Bought YouTube Premium from Disney+,Entertainment
Socks for December,Shopping
Bought Comic book from Spotify,Entertainment
Umbrella for October,Shopping
Paid for Laptop bag from shopping center,Shopping
Paid for Video game purchase from local cinema,Entertainment
online store Curtains,Shopping
Bought online store Umbrella,Shopping
Booked Eye checkup monthly,Health
Enrolled in Udemy Workshop registration,Education
Cooking oil for December,Food
Video game purchase - Xbox Game Pass,Entertainment
Cleared Maintenance fee from utility company,Bills
Watch for December,Shopping
Paid for Stand-up comedy show from Amazon Prime,Entertainment
Grabbed Salad delivery order,Food
Bought Samosa after work,Food
Paid for hospital Blood test,Health
Bought Xbox Game Pass Karaoke night,Entertainment
Purchased coaching center College fee,Education
Ordered Starbucks Smoothie,Food
Took a Sajha Yatayat Taxi fare,Transport
House rent for August,Bills
Got a new Daraz Curtains,Shopping
Settled Home loan installment from local ISP,Bills
Booked Comic book annual plan,Entertainment
Paid for Doctor appointment monthly,Health
Grabbed Donuts from Wow Momo,Food
Purchased Netflix Stand-up comedy show,Entertainment
InDrive Vehicle insurance,Transport
Refueled with Bus ticket from Pathao,Transport
Diesel - Sajha Yatayat,Transport
Tire replacement for July,Transport
Booked Arcade tokens from local cinema,Entertainment
Breakfast at Burger from campus canteen,Food
Recharged Bike wash from local garage,Transport
Bought Kitchenware from boutique,Shopping
Got a new Jeans from shopping center,Shopping
Settled Insurance premium,Bills
Purchased new outlet store Sweater,Shopping
Bought X-ray from gym,Health
YouTube Premium premium plan,Entertainment
Booked Cinema ticket,Entertainment
Took out KFC Cake,Food
Used Bike wash to home,Transport
Paid for wellness center Yoga class fee,Health
Booked Sajha Yatayat Auto rickshaw fare,Transport
Paid for Gas cylinder from telecom provider,Bills
Purchased new T-shirt for office,Shopping
Took a Bike rental downtown,Transport
Paid for Spotify Video game purchase,Entertainment
Shopping for Watch seasonal sale,Shopping
Bought Spotify Amusement park ticket,Entertainment
Breakfast at Bubble tea takeaway,Food
Arcade tokens - Netflix,Entertainment
Registered for Programming course from coaching center,Education
Settled Water bill from local ISP,Bills
Recharged Bike repair to the mall,Transport
Bike repair for March,Transport
Subscribed to Board game premium plan,Entertainment
Sneakers for July,Shopping
Bought Arcade tokens from Amazon Prime,Entertainment
Bought pharmacy Vitamin supplements,Health
Ordered Jacket from local mall,Shopping
Booked Ride share from Sajha Yatayat,Transport
Took a Flight ticket downtown,Transport
Had Steak from dhaba,Food
Took a Train ticket from InDrive,Transport
Booked Petrol,Transport
Booked wellness center Medical bill,Health
Soup - Pizza Hut,Food
Took a Ride share to the mall,Transport
Purchased new Bag for office,Shopping
Purchased Coaching class fee from Coursera,Education
Bought Curtains,Shopping
Paid for boutique Cap,Shopping
Video game purchase family plan,Entertainment
Went for Health insurance premium from local clinic,Health
Purchased new Bedsheet from local mall,Shopping
Paid for Laptop bag from local mall,Shopping
Paid for Cap from Amazon,Shopping
Helmet purchase for May,Transport
Paid for local mall Sneakers,Shopping
Cleared Society fee from landlord,Bills
Took a local garage Scooter rental,Transport
Paid for Amazon Prime membership from Steam,Entertainment
Purchased new Earrings from local mall,Shopping
Purchased new Earrings from shopping center,Shopping
Amazon Prime Bowling session,Entertainment
Enrolled in Seminar fee from Coursera,Education
Recharged Sajha Yatayat Cab fare,Transport
Lunch at Milkshake from Bajeko Sekuwa,Food
Ordered Milk from local bakery,Food
Cap from Amazon,Shopping
Refueled with gas station Bus ticket,Transport
Paid for Samosa from cafe,Food
Purchased Cinema ticket annual plan,Entertainment
Socks from outlet store,Shopping
Had Pastry from Bajeko Sekuwa,Food
Phone bill,Bills
Booked Cab fare from local garage,Transport
Paid for Water bill quarterly payment,Bills
Concert ticket - local cinema,Entertainment
Rice bag - local bakery,Food
Coaching class fee for July,Education
Snack at Bajeko Sekuwa Biryani,Food
Breakfast at Bajeko Sekuwa French fries,Food
Paid for Ride share airport transfer,Transport
Bought Workshop registration for the workshop,Education
Paid for Train ticket from gas station,Transport
Purchased Disney+ subscription premium plan,Entertainment
Paid for Yoga class fee from pharmacy,Health
Paid for online store Laptop bag,Shopping
Dinner at French fries from Foodmandu,Food
Paid telecom provider Society fee,Bills
Paid Loan EMI for the apartment,Bills
Recharged Bus ticket to home,Transport
Used Flight ticket to hospital,Transport
Cleared Internet bill from NEA,Bills
Coffee for September,Food
Paid for WiFi payment from telecom provider,Bills
Purchased new shopping center Necklace,Shopping
Visited for pharmacy Surgery cost,Health
Monthly Gas cylinder from telecom provider,Bills
Monthly Gas cylinder for the apartment,Bills
Paid Home loan installment from NEA,Bills
Monthly Gas cylinder from utility company,Bills
Purchased Ramen from Starbucks,Food
Bought Watch from Daraz,Shopping
Purchased Spotify Arcade tokens,Entertainment
Snack at Fruits for the party,Food
Shopping for Phone case from shopping center,Shopping
Paid for Steam purchase from Spotify,Entertainment
Refueled with Helmet purchase for weekend trip,Transport
Recharged gas station Bike rental,Transport
Recharged Flight ticket to college,Transport
Bike rental - Tootle,Transport
Had Pancakes for the party,Food
Visited for Health insurance premium from wellness center,Health
Booked Theatre ticket monthly plan,Entertainment
Paid for Furniture piece from local mall,Shopping
Got a new boutique Shirt,Shopping
Monthly Electricity bill annual payment,Bills
Cleared Mobile recharge from local ISP,Bills
House rent - NEA,Bills
Cleared Maintenance fee from telecom provider,Bills
Ordered shopping center Shirt,Shopping
Paid for insurance company Monthly rent,Bills
Paid for Medical bill from wellness center,Health
Monthly Water tank refill this month,Bills
Got a new Necklace for office,Shopping
Purchased new Bag,Shopping
Paid for Disney+ subscription from Netflix,Entertainment
Used Pathao ride to college,Transport
Paid for Monthly rent from utility company,Bills
Fried rice for September,Food
Got a new Charger from online store,Shopping
Paid for online store Umbrella,Shopping
Laptop bag for December,Shopping
Workshop registration,Education
Sunglasses for March,Shopping
Grabbed Biryani at office,Food
Refueled with Fuel station from local garage,Transport
Karaoke night from local cinema,Entertainment
Took out Fruits,Food
Juice for September,Food
Bus ticket for March,Transport
Purchased new Jacket from online store,Shopping
Paid for landlord Monthly rent,Bills
Took a Cab fare airport transfer,Transport
PlayStation Plus from Disney+,Entertainment
Booked PlayStation PlayStation Plus,Entertainment
Ordered Foodmandu Salad,Food
Purchased new Amazon Sunglasses,Shopping
Paid for Pharmacy purchase monthly,Health
Paid for Dental treatment emergency visit,Health
Booked Streaming service monthly plan,Entertainment
YouTube Music album,Entertainment
Sandwich - local bakery,Food
Insurance premium for August,Bills
Ordered Charger from Amazon,Shopping
Jeans,Shopping
Purchased Coursera College supplies,Education
Purchased Burrito from street food stall,Food
College fee - Udemy,Education
Got a new Bag from Daraz,Shopping
Bought Sweater from online store,Shopping
Purchased new Watch for college,Shopping
Paid for Ride share for a trip,Transport
Cab fare to office,Transport
Purchased Thukpa from dhaba,Food
Settled Insurance premium from NEA,Bills
Subscribed to Comic book monthly plan,Entertainment
WiFi payment - NEA,Bills
Booked Ride share to hospital,Transport
Breakfast at Milkshake on the way home,Food
Recharged Tootle Cab fare,Transport
Had Samosa,Food
Monthly WiFi payment from telecom provider,Bills
PlayStation Plus - Xbox Game Pass,Entertainment
Ordered online store Socks,Shopping
Booked Stand-up comedy show,Entertainment
Paid for telecom provider Cable TV bill,Bills
Ordered Dal bhat after work,Food
Used Car service from Pathao,Transport
Bought Biryani from cafe,Food
Purchased new Wallet from Daraz,Shopping
Ordered local mall Socks,Shopping
Paid for Amusement park ticket from Netflix,Entertainment
Booked Gaming subscription weekend outing,Entertainment
Booked gym Medicine,Health
Monthly Internet bill from NEA,Bills
Gas cylinder - landlord,Bills
local cinema Spotify subscription,Entertainment
Booked Uber ride from Tootle,Transport
Shopping for Bedsheet from Daraz,Shopping
E-book purchase weekend outing,Entertainment
Renewed Karaoke night monthly plan,Entertainment
Paid for Cinema ticket premium plan,Entertainment
Paid for Ride share to the mall,Transport
Shopping for online store Watch,Shopping
Paid for local bakery Fried chicken,Food
Subscribed to Amazon Prime Theatre ticket,Entertainment
Paid for Stand-up comedy show premium plan,Entertainment
Monthly telecom provider Loan EMI,Bills
Paid Coursera Workshop registration,Education
Purchased Pastry with family,Food
Shopping for T-shirt,Shopping
Cleared bank Garbage collection fee,Bills
Used Taxi fare,Transport
Took a Bike repair from Sajha Yatayat,Transport
Ride share - local garage,Transport
Pastry for July,Food
Watch from online store,Shopping
Recharged Pathao ride from local garage,Transport
Bought Socks from local mall,Shopping
Steak - Pizza Hut,Food
Paid for Pharmacy purchase from hospital,Health
Purchased Ice cream with family,Food
Breakfast at Chowmein,Food
Purchased new local mall Umbrella,Shopping
Paid for Amazon Kitchenware,Shopping
Got a new Curtains from outlet store,Shopping
Settled Apartment rent from local ISP,Bills
Paid for Health insurance premium checkup,Health
Purchased Lab fee from Udemy,Education
Breakfast at Kebab at college,Food
Ordered hotel restaurant Falafel,Food
Enrolled in College fee this semester,Education
Paid for Sweater from local mall,Shopping
Bought wellness center Lab test,Health
Car rental for a trip,Transport
Taco for January,Food
Bought School books from local college,Education
Used Pathao Taxi fare,Transport
Purchased Tootle Diesel,Transport
Headphones for November,Shopping
Purchased Bus ticket from gas station,Transport
Took a InDrive Toll fee,Transport
Power bank for December,Shopping
Paid for Maintenance fee quarterly payment,Bills
Cab fare downtown,Transport
Purchased new Daraz Umbrella,Shopping
Purchased Disney+ subscription from Netflix,Entertainment
Taxi fare for July,Transport
Booked Vaccination from gym,Health
PlayStation Plus from Steam,Entertainment
Cake - Burger King,Food
Booked Physiotherapy session from local clinic,Health
Bought Programming course from bookstore,Education
Fried rice for March,Food
Bought College fee from bookstore,Education
Booked Tootle Bike wash,Transport
Booked Scooter rental,Transport
Booked Train ticket from Tootle,Transport
Shopping for Cap from local mall,Shopping
Ordered Hot dog from hotel restaurant,Food
Refueled with Flight ticket from Sajha Yatayat,Transport
Got a new Electronics gadget seasonal sale,Shopping
Grabbed Donuts,Food
Booked E-book purchase from Xbox Game Pass,Entertainment
Cleared Mobile recharge from utility company,Bills
Bought Lab fee from Udemy,Education
Visited for Health checkup monthly,Health
Renewed Streaming service from Spotify,Entertainment
Had French fries delivery order,Food
Ordered Wallet from local mall,Shopping
Bought Software license for study from coaching center,Education
Bike repair - petrol pump,Transport
Breakfast at Dosa during break,Food
Booked local clinic Eye checkup,Health
Renewed Music album from Xbox Game Pass,Entertainment
Bought Concert ticket from Disney+,Entertainment
Dosa - food court,Food
Purchased Arcade tokens family plan,Entertainment
Subscribed to Spotify Arcade tokens,Entertainment
Bought Charger,Shopping
Paid for Dental appointment from local clinic,Health
Monthly Apartment rent from local ISP,Bills
E-book purchase - Netflix,Entertainment
Paid for Eye checkup from pharmacy,Health
Shopping for T-shirt for office,Shopping
Paid Garbage collection fee for the apartment,Bills
Booked Uber Fuel station,Transport
Took a gas station Car service,Transport
Grabbed Donuts at office,Food
Purchased Netflix Netflix subscription,Entertainment
Used Tootle Helmet purchase,Transport
Purchased Textbooks from bookstore,Education
Paid for Bike repair airport transfer,Transport
shopping center Power bank,Shopping
Grabbed Momo,Food
Bought Belt,Shopping
Maintenance fee for May,Bills
T-shirt from shopping center,Shopping
Booked hospital Dental appointment,Health
InDrive Tire replacement,Transport
Got a new Jacket from outlet store,Shopping
Bought Pharmacy purchase from local clinic,Health
Recharged Tire replacement from InDrive,Transport
Grabbed food court Cooking oil,Food
Booked Concert ticket from Spotify,Entertainment
Purchased gas station Bike fuel,Transport
Bought Charger from Daraz,Shopping
Renewed Cinema ticket annual plan,Entertainment
Dinner at Salad from Starbucks,Food
Eye checkup for July,Health
Grabbed street food stall Kebab,Food
Took out Pasta from food court,Food
Bought X-ray from hospital,Health
Purchased new local mall Belt,Shopping
Recharged Bike repair from Pathao,Transport
Bought Project materials from bookstore,Education
Subscribed to Concert ticket family plan,Entertainment
Bought Eye checkup from diagnostic center,Health
Used Uber Fuel station,Transport
Ordered Laptop bag seasonal sale,Shopping
Dinner at hotel restaurant Rice bag,Food
Renewed Concert ticket from Spotify,Entertainment
Monthly Credit card payment from bank,Bills
Cab fare - petrol pump,Transport
Monthly Apartment rent for the house,Bills
Renewed Amazon Prime membership monthly plan,Entertainment
Registered for Workshop registration from library,Education
Paid for Steam purchase from Netflix,Entertainment
Got a new Power bank from shopping center,Shopping
Bought bookstore Workshop registration,Education
Smoothie for August,Food
Purchased new local mall Socks,Shopping
Took out Chicken curry from street food stall,Food
Purchased local garage Cab fare,Transport
Had Cake takeaway,Food
Shopping for Amazon Shirt,Shopping
Lunch at Milkshake after work,Food
Groceries for February,Food
Scooter rental for April,Transport
Paid Internet bill for the apartment,Bills
Online course for January,Education
Paid Workshop registration this semester,Education
Booked Disney+ Cinema ticket,Entertainment
Snack at Burrito from McDonald's,Food
Booked local cinema Amusement park ticket,Entertainment
Refueled with Tire replacement airport transfer,Transport
Renewed Comic book from YouTube,Entertainment
Settled Loan EMI for the house,Bills
Ordered Foodmandu Tea,Food
Got a new Makeup kit from outlet store,Shopping
Ordered Amazon Phone case,Shopping
Booked wellness center X-ray,Health
Dinner at Domino's Pancakes,Food
Shopping for Cap from boutique,Shopping
Paid for Netflix subscription with friends,Entertainment
Booked Taxi fare from InDrive,Transport
YouTube Premium - Xbox Game Pass,Entertainment
Biryani for May,Food
Purchased Burger King Fried chicken,Food
Biryani for October,Food
Purchased Cinema ticket from YouTube,Entertainment
Ordered Soup,Food
Purchased university Thesis printing,Education
Enrolled in Udemy Programming course,Education
Paid for Phone bill from utility company,Bills
Shopping for Curtains from Daraz,Shopping
Snack at Coffee at college,Food
Sweater for June,Shopping
Gym membership - diagnostic center,Health
Bought Necklace from boutique,Shopping
Toll fee - petrol pump,Transport
Registered for Udemy Coaching class fee,Education
Diesel - petrol pump,Transport
Paid for Cable TV bill from utility company,Bills
Purchased Movie ticket from Steam,Entertainment
Belt for July,Shopping
Dinner at Wow Momo Sandwich,Food
Paid for Steam purchase monthly plan,Entertainment
Took a Sajha Yatayat Bike repair,Transport
Enrolled in university Seminar fee,Education
Internet bill for December,Bills
Booked InDrive Bike repair,Transport
Paid for Arcade tokens from Netflix,Entertainment
Refueled with Flight ticket to home,Transport
Got a new Kitchenware from local mall,Shopping
Metro card recharge to home,Transport
Bought Burger from cafe,Food
Subscribed to Disney+ Disney+ subscription,Entertainment
Purchased local garage Parking fee,Transport
Enrolled in Coursera College fee,Education
Shopping for Cap from shopping center,Shopping
Certification exam for November,Education
Samosa - McDonald's,Food
Cleared telecom provider Electricity bill,Bills
Paid Insurance premium from telecom provider,Bills
Shopping for Necklace seasonal sale,Shopping
Fuel station - local garage,Transport
Falafel for January,Food
Bought Arcade tokens with friends,Entertainment
Breakfast at restaurant Tea,Food
Purchased Stationery from local college,Education
Paid for NEA Society fee,Bills
Settled Electricity bill from insurance company,Bills
Paid for Disney+ Arcade tokens,Entertainment
Lunch at street food stall Donuts,Food
Renewed local cinema Comic book,Entertainment
outlet store Bag,Shopping
Purchased Train ticket,Transport
Snack at Ice cream delivery order,Food
Paid for Theatre ticket from Steam,Entertainment
Paid for outlet store Curtains,Shopping
Got a new Shoes for birthday gift,Shopping
Booked Netflix PlayStation Plus,Entertainment
Renewed Comic book from Disney+,Entertainment
Bought Bag from boutique,Shopping
Paid for Eggs at office,Food
Paid for Electronics gadget from online store,Shopping
Bought university Workshop registration,Education
Sushi - Subway,Food
Settled Property tax from utility company,Bills
Shopping for Watch from shopping center,Shopping
Booked X-ray from hospital,Health
Purchased Gaming subscription from Xbox Game Pass,Entertainment
Took out Pancakes on the way home,Food
Scooter rental for December,Transport
Shopping for Jacket,Shopping
Got a new Belt from boutique,Shopping
Bought Disney+ Amusement park ticket,Entertainment
Purchased Pathao Fuel station,Transport
Paid for Taxi fare from Uber,Transport
Shopping for Daraz Umbrella,Shopping
Paid for Electronics gadget from local mall,Shopping
Paid for Uber ride downtown,Transport
Paid House rent this month,Bills
Paid utility company House rent,Bills
Hot dog for June,Food
Car service for February,Transport
Bike rental for July,Transport
Bought Pharmacy purchase checkup,Health
Registered for Software license for study annual fee,Education
Lunch at Dal bhat,Food
Purchased new Socks from online store,Shopping
Used Scooter rental from local garage,Transport
Subscribed to Steam purchase from local cinema,Entertainment
Paid for Gas cylinder from landlord,Bills
Paid for Gaming subscription annual plan,Entertainment
Took a InDrive Car service,Transport
Backpack - Amazon,Shopping
Visited for local clinic Lab test,Health
Got a new Makeup kit for birthday gift,Shopping
Paid for Bowling session premium plan,Entertainment
Booked Health checkup from local clinic,Health
Purchased Udemy School books,Education
Monthly bank Gas cylinder,Bills
Kebab for August,Food
Paid for Netflix subscription from Xbox Game Pass,Entertainment
Refueled with Petrol from Sajha Yatayat,Transport
Shopping for Bag from local mall,Shopping
Monthly Water bill from telecom provider,Bills
Bought Ice cream from hotel restaurant,Food
local cinema Cinema ticket,Entertainment
Petrol for December,Transport
Bought Music album premium plan,Entertainment
Lunch at Wow Momo Noodles,Food
Burrito - KFC,Food
Pathao ride - Sajha Yatayat,Transport
Settled Home loan installment for the house,Bills
Concert ticket for January,Entertainment
House rent for July,Bills
Booked Car service for weekend trip,Transport
Paid insurance company Monthly rent,Bills
Got a new Perfume from Daraz,Shopping
Breakfast at Smoothie with family,Food
Purchased YouTube Premium from Spotify,Entertainment
Paid Credit card payment from bank,Bills
Cake - Wow Momo,Food
Dinner at Samosa with friends,Food
local mall Umbrella,Shopping
Breakfast at food court Bubble tea,Food
Registered for coaching center Software license for study,Education
Purchased Helmet purchase to office,Transport
Paid Loan EMI from landlord,Bills
Purchased E-book purchase with friends,Entertainment
Recharged Vehicle insurance from Tootle,Transport
Refueled with Uber Auto rickshaw fare,Transport
Booked Bike repair from petrol pump,Transport
Bought Netflix Netflix subscription,Entertainment
Took a Car service from InDrive,Transport
Paid for Amazon Prime Cinema ticket,Entertainment
Took out Burger King Fruits,Food
Bought Pastry at college,Food
Breakfast at dhaba Bread,Food
Used Sajha Yatayat Car service,Transport
Booked Parking fee downtown,Transport
Got a new boutique Bag,Shopping
Headphones from boutique,Shopping
Bought Stand-up comedy show annual plan,Entertainment
Train ticket to home,Transport
Bought Belt from online store,Shopping
Backpack for December,Shopping
Bought library Certification exam,Education
Concert ticket - YouTube,Entertainment
Netflix Board game,Entertainment
Paid for Pathao ride from Uber,Transport
Amusement park ticket - Amazon Prime,Entertainment
Bought Gaming subscription from Netflix,Entertainment
Booked Uber ride from Uber,Transport
Milkshake for November,Food
Lunch at Kebab with friends,Food
Dinner at Starbucks Sandwich,Food
Paid for local ISP Property tax,Bills
Renewed Disney+ subscription weekend outing,Entertainment
Purchased Scooter rental from Sajha Yatayat,Transport
College fee for April,Education
Bought Coaching class fee for the course,Education
Ordered Socks from Amazon,Shopping
Purchased new Sunglasses from boutique,Shopping
Registered for Coursera Exam fee,Education
Dinner at KFC Steak,Food
Subscribed to Board game,Entertainment
Used Pathao Fuel station,Transport
Paid for outlet store T-shirt,Shopping
Cab fare for June,Transport
Chicken curry for August,Food
Recharged Bike rental from Sajha Yatayat,Transport
Grabbed local bakery Momo,Food
Purchased new Headphones online order,Shopping
Salad - Subway,Food
Recharged Taxi fare airport transfer,Transport
Bought KFC Noodles,Food
Donuts for May,Food
Renewed Board game family plan,Entertainment
Paid for Steak takeaway,Food
Sushi - Bajeko Sekuwa,Food
Paid for Ice cream from KFC,Food
Renewed Gaming subscription monthly plan,Entertainment
local mall Sneakers,Shopping
Purchased new Backpack for college,Shopping
Used Uber ride to office,Transport
Paid Online course this semester,Education
Took out Fruits from Pizza Hut,Food
boutique Socks,Shopping
Paid for Milk delivery order,Food
Blood test,Health
Dinner at Tea,Food
Paid Exam fee for the course,Education
Renewed Disney+ subscription premium plan,Entertainment
Coffee for April,Food
Paid local ISP Phone bill,Bills
Recharged Auto rickshaw fare from Uber,Transport
Took a gas station Petrol,Transport
Gaming subscription monthly plan,Entertainment
Refueled with Toll fee from Uber,Transport
Paid for Bag,Shopping
Booked Spotify Amazon Prime membership,Entertainment
Paid for gym Dental appointment,Health
Booked Board game from Spotify,Entertainment
Refueled with Fuel station from Tootle,Transport
Paid for Uber Car service,Transport
Renewed Steam Bowling session,Entertainment
Daraz Furniture piece,Shopping
Cleared Water tank refill from insurance company,Bills
Booked Amusement park ticket with friends,Entertainment
Paid for Garbage collection fee from utility company,Bills
Lunch at Starbucks Dal bhat,Food
Dinner at Pasta from Burger King,Food
Purchased Fried chicken delivery order,Food
Ordered outlet store Umbrella,Shopping
House rent for September,Bills
Bought Video game purchase from Netflix,Entertainment
Samosa for February,Food
Auto rickshaw fare for a trip,Transport
Booked Train ticket to the mall,Transport
Had Ice cream at college,Food
Booked Toll fee from gas station,Transport
Bike wash to office,Transport
Monthly Gas cylinder from NEA,Bills
Registered for university Online course,Education
Renewed YouTube Premium from local cinema,Entertainment
Purchased Waffles after work,Food
Went for Medical bill routine visit,Health
Paid for Bread delivery order,Food
Bike repair for June,Transport
Bought Kitchenware from outlet store,Shopping
Paid Seminar fee from coaching center,Education
Ordered street food stall Waffles,Food
Disney+ subscription annual plan,Entertainment
Got a new Shoes for college,Shopping
Settled landlord Water tank refill,Bills
Bought Udemy College tuition,Education
Bowling session - Amazon Prime,Entertainment
Purchased Metro card recharge from Sajha Yatayat,Transport
Ordered Groceries from restaurant,Food
Cake for May,Food
Ordered Sneakers from outlet store,Shopping
Bought Steam purchase weekend outing,Entertainment
Cleared WiFi payment from NEA,Bills
Daraz Backpack,Shopping
Paid Loan EMI,Bills
Parking fee to the mall,Transport
Booked Disney+ YouTube Premium,Entertainment
Bought wellness center Dental appointment,Health
Monthly Insurance premium for the apartment,Bills
Enrolled in university Coaching class fee,Education
Textbooks for September,Education
Booked pharmacy Medicine,Health
Socks online order,Shopping
Booked local clinic Dental treatment,Health
Paid for gas station Taxi fare,Transport
Pizza for November,Food
Refueled with Tootle Bike repair,Transport
Sandwich for November,Food
Purchased Gaming subscription from Amazon Prime,Entertainment
Cinema ticket from Netflix,Entertainment
Wallet for April,Shopping
Shopping for Socks for college,Shopping
Paid for Furniture piece from boutique,Shopping
Scooter rental for June,Transport
Enrolled in Coaching class fee from bookstore,Education
Purchased new Earrings online order,Shopping
Used Diesel airport transfer,Transport
Bought Rice bag from Foodmandu,Food
Amusement park ticket - PlayStation,Entertainment
Booked E-book purchase annual plan,Entertainment
Refueled with Bike rental to college,Transport
Paid for Dal bhat for the party,Food
Booked Eye checkup follow-up visit,Health
Paid utility company Water tank refill,Bills
Booked Theatre ticket from Netflix,Entertainment
Paid Water bill from NEA,Bills
Took a Vehicle insurance to college,Transport
Paid for Bowling session monthly plan,Entertainment
Had street food stall Chowmein,Food
Hospital bill for December,Health
Refueled with Petrol from gas station,Transport
Purchased PlayStation Amusement park ticket,Entertainment
Bought Netflix subscription,Entertainment
Cleared House rent from bank,Bills
Purchased Xbox Game Pass Gaming subscription,Entertainment
Subscribed to Amazon Prime Spotify subscription,Entertainment
Bought Earrings from online store,Shopping
Maintenance fee for February,Bills
Visited for Medical bill from gym,Health
Ordered Burrito from restaurant,Food
Bought Daraz Curtains,Shopping
Ramen for April,Food
Refueled with Metro card recharge to office,Transport
Booked gym Hospital bill,Health
Purchased new Kitchenware from Daraz,Shopping
Movie ticket,Entertainment
Paid for Scooter rental from petrol pump,Transport
Refueled with local garage Diesel,Transport
PlayStation Plus for February,Entertainment
Paid Gas cylinder from bank,Bills
Bought Groceries,Food
Bought Disney+ subscription from local cinema,Entertainment
Bought Movie ticket annual plan,Entertainment
Paid for Bus ticket airport transfer,Transport
Purchased new Belt from online store,Shopping
Settled Loan EMI from utility company,Bills
Ordered Starbucks Momo,Food
Bought Stand-up comedy show from PlayStation,Entertainment
Cleared Insurance premium for the apartment,Bills
Renewed Disney+ Spotify subscription,Entertainment
Subscribed to YouTube Premium with friends,Entertainment
Bought Umbrella for college,Shopping
Ordered shopping center Sunglasses,Shopping
Paid for Parking fee to college,Transport
Went for Blood test from gym,Health
Shopping for Perfume for college,Shopping
Breakfast at Ramen from Starbucks,Food
Refueled with Helmet purchase downtown,Transport
Subscribed to Netflix Video game purchase,Entertainment
Went for Painkillers monthly,Health
Credit card payment for April,Bills
Used local garage Tire replacement,Transport
Salad - Foodmandu,Food
Dinner at restaurant Tea,Food
Paid Monthly rent from local ISP,Bills
Took a Vehicle insurance,Transport
Petrol for May,Transport
Booked Disney+ Theatre ticket,Entertainment
Burrito - street food stall,Food
Bought Library fine for the workshop,Education
Paid College supplies from Udemy,Education
Snack at Pastry takeaway,Food
Juice - local bakery,Food
Exam fee for May,Education
Went for pharmacy Dental appointment,Health
Paid for Water tank refill for the apartment,Bills
Took a Diesel from gas station,Transport
Lunch at Bread during break,Food
Settled insurance company Phone bill,Bills
Paid for Toll fee from Pathao,Transport
Samosa for April,Food
Paid for Starbucks French fries,Food
Vehicle insurance - Uber,Transport
Paid for Wow Momo Sushi,Food
Got a new Laptop bag from shopping center,Shopping
Makeup kit - shopping center,Shopping
Bought university University fee,Education
Bought Disney+ Board game,Entertainment
Recharged InDrive Metro card recharge,Transport
Enrolled in university Workshop registration,Education
Paid for outlet store Necklace,Shopping
Paid for Socks from local mall,Shopping
Purchased Steam Video game purchase,Entertainment
Ride share for weekend trip,Transport
Got a new Phone case from Daraz,Shopping
Paid Online course from library,Education
Purchased new Sunglasses from Daraz,Shopping
Bought Kitchenware online order,Shopping
Subscribed to Cinema ticket annual plan,Entertainment
Paid for Netflix Concert ticket,Entertainment
Paid for outlet store Sneakers,Shopping
Netflix Arcade tokens,Entertainment
Bought Necklace from Daraz,Shopping
Grilled fish for November,Food
Enrolled in Lab fee from coaching center,Education
Purchased Cinema ticket with friends,Entertainment
Purchased Amusement park ticket from Spotify,Entertainment
Took out Burrito from local bakery,Food
Paid for Dosa from cafe,Food
Bought Pizza Hut Fried chicken,Food
Purchased new shopping center Curtains,Shopping
Monthly Home loan installment from local ISP,Bills
Paid for gas station Ride share,Transport
Bought Theatre ticket monthly plan,Entertainment
Booked Disney+ subscription from Spotify,Entertainment
Purchased Cab fare to college,Transport
Took out Sandwich from restaurant,Food
Bike repair for November,Transport
Renewed Steam purchase monthly plan,Entertainment
Subscribed to Stand-up comedy show,Entertainment
Went for Health checkup from gym,Health
Bought Burger King Rice bag,Food
Ordered Bubble tea from Foodmandu,Food
Board game from Netflix,Entertainment
Refueled with local garage Ride share,Transport
Bought Kitchenware,Shopping
Booked Board game from Disney+,Entertainment
College fee - Coursera,Education
Took a Uber ride from gas station,Transport
Purchased Vehicle insurance from petrol pump,Transport
Refueled with Bike repair to college,Transport
Snack at cafe Donuts,Food
Lunch at Milkshake from McDonald's,Food
Purchased Soup from local bakery,Food
Lunch at Milkshake from Foodmandu,Food
Purchased new boutique Belt,Shopping
Booked Medicine from pharmacy,Health
Got a new Curtains for birthday gift,Shopping
Purchased YouTube Spotify subscription,Entertainment
Enrolled in Thesis printing from coaching center,Education
Had Fruits delivery order,Food
Paid for boutique Belt,Shopping
Bought College tuition for the course,Education
Booked Flight ticket from petrol pump,Transport
Coffee for June,Food
Cleared WiFi payment from utility company,Bills
Ordered Snacks from Foodmandu,Food
Cleared insurance company WiFi payment,Bills
Went for Health checkup from hospital,Health
Visited for Health insurance premium follow-up visit,Health
Refueled with Petrol from Tootle,Transport
Went for Surgery cost from gym,Health
Ordered McDonald's French fries,Food
Paid for Surgery cost follow-up visit,Health
Steak - Subway,Food
Registered for Online course from Coursera,Education
Paid for Petrol from Sajha Yatayat,Transport
Paid for Hot dog delivery order,Food
Snacks - street food stall,Food
Purchased Steam Amusement park ticket,Entertainment
Got a new Charger for birthday gift,Shopping
Pasta for August,Food
Coffee - Starbucks,Food
Purchased new Watch seasonal sale,Shopping
Vehicle insurance to hospital,Transport
Makeup kit for November,Shopping
Purchased Online course from bookstore,Education
Paid Monthly rent from landlord,Bills
Bought Umbrella from local mall,Shopping
Theatre ticket with friends,Entertainment
Waffles for April,Food
Used Toll fee to the mall,Transport
Paid for Surgery cost routine visit,Health
Snack at Burrito from Subway,Food
Used gas station Tire replacement,Transport
Bought Udemy Programming course,Education
Bus ticket to office,Transport
Paid for gym Health checkup,Health
Booked Xbox Game Pass Karaoke night,Entertainment
Purchased E-book purchase weekend outing,Entertainment
Paid Internet bill quarterly payment,Bills
Purchased new shopping center Belt,Shopping
Purchased Chowmein,Food
Renewed Streaming service with friends,Entertainment
Dinner at Soup at college,Food
Subscribed to Disney+ subscription from Xbox Game Pass,Entertainment
Had Vegetables from cafe,Food
Bought Amusement park ticket from Netflix,Entertainment
Coffee - Bajeko Sekuwa,Food
Purchased YouTube Netflix subscription,Entertainment
Umbrella from Daraz,Shopping
Spotify subscription from Xbox Game Pass,Entertainment
Pastry - food court,Food
Used Petrol,Transport
Ordered Grilled fish from Burger King,Food
Pancakes for June,Food
Paid for Kitchenware from shopping center,Shopping
Uber ride for February,Transport
Had Bubble tea from street food stall,Food
Monthly Mobile recharge for the apartment,Bills
Paid for Bike fuel from InDrive,Transport
Auto rickshaw fare - local garage,Transport
Ordered Kebab,Food
Got a new Shirt from boutique,Shopping
Bought outlet store Sunglasses,Shopping
Purchased PlayStation Plus from Xbox Game Pass,Entertainment
Noodles - Subway,Food
Renewed YouTube Streaming service,Entertainment
Used InDrive Ride share,Transport
Helmet purchase for January,Transport
Paid for Water tank refill from NEA,Bills
Paid Library fine from local college,Education
Milk - Pizza Hut,Food
Booked Physiotherapy session from wellness center,Health
Bought restaurant Kebab,Food
Purchased Project materials from local college,Education
Purchased Software license for study from university,Education
Pasta - dhaba,Food
Had street food stall Fried rice,Food
Shopping for Headphones for birthday gift,Shopping
Ordered Power bank from local mall,Shopping
Curtains for December,Shopping
Kitchenware online order,Shopping
Spotify Amazon Prime membership,Entertainment
Paid for Surgery cost monthly,Health
Paid for Gaming subscription weekend outing,Entertainment
Bought local mall Kitchenware,Shopping
Surgery cost for December,Health
Property tax - utility company,Bills
Paid for Xbox Game Pass Stand-up comedy show,Entertainment
Renewed E-book purchase from PlayStation,Entertainment
Subscribed to Steam purchase from Amazon Prime,Entertainment
Shopping for Watch from online store,Shopping
Ordered Socks from boutique,Shopping
Gaming subscription family plan,Entertainment
YouTube Concert ticket,Entertainment
Metro card recharge for February,Transport
Shopping for Umbrella for office,Shopping
Earrings for college,Shopping
Enrolled in local college Library fine,Education
Shopping for shopping center Belt,Shopping
Paid for hospital Dental treatment,Health
Stand-up comedy show for March,Entertainment
Dinner at hotel restaurant Milk,Food
Refueled with Cab fare to the mall,Transport
Paid insurance company Loan EMI,Bills
Paid for Credit card payment quarterly payment,Bills
Shopping for Phone case from Daraz,Shopping
Bought Netflix Concert ticket,Entertainment
Used Tootle Vehicle insurance,Transport
Got a new local mall Bedsheet,Shopping
Bought Furniture piece for birthday gift,Shopping
Refueled with Pathao ride from local garage,Transport
Got a new outlet store Belt,Shopping
Fruits - Pizza Hut,Food
Grabbed Pasta from cafe,Food
Purchased Coaching class fee for the workshop,Education
Gaming subscription,Entertainment
Paid for local garage Petrol,Transport
Subscribed to Spotify Theatre ticket,Entertainment
Paid for insurance company Loan EMI,Bills
Booked YouTube Arcade tokens,Entertainment
Recharged Uber Car service,Transport
Purchased Snacks with friends,Food
Lunch at Pancakes with family,Food
Ordered Dosa from Foodmandu,Food
Paid for local garage Vehicle insurance,Transport
Purchased local college College fee,Education
Settled bank Monthly rent,Bills
Booked Ride share,Transport
Had Waffles for the party,Food
Paid University fee from university,Education
Jacket for office,Shopping
Ordered Curtains for birthday gift,Shopping
Booked Amazon Prime Arcade tokens,Entertainment
Refueled with Car rental from Uber,Transport
Subscribed to Cinema ticket from Spotify,Entertainment
Bought Laptop bag for college,Shopping
Booked Scooter rental for weekend trip,Transport
Fuel station for April,Transport
Refueled with Ride share from local garage,Transport
Purchased Diesel from Sajha Yatayat,Transport
Breakfast at Waffles at college,Food
Enrolled in Udemy Library fine,Education
Monthly NEA House rent,Bills
Booked Amazon Prime membership from PlayStation,Entertainment
Purchased Steam PlayStation Plus,Entertainment
Cleared local ISP Electricity bill,Bills
Took out Sandwich,Food
Bought boutique Curtains,Shopping
Fuel station for a trip,Transport
Purchased Cab fare from gas station,Transport
Stand-up comedy show with friends,Entertainment
Train ticket for September,Transport
Bought library College supplies,Education
local garage Auto rickshaw fare,Transport
Renewed Comic book from Xbox Game Pass,Entertainment
Bought Surgery cost from diagnostic center,Health
Daraz Belt,Shopping
Paid bank Home loan installment,Bills
Shopping for shopping center Power bank,Shopping
Dental treatment for September,Health
Cleared Water bill from utility company,Bills
Steam Comic book,Entertainment
Snack at Eggs,Food
Lunch at Momo at office,Food
Pasta - McDonald's,Food
Paid for Parking fee to home,Transport
T-shirt - Daraz,Shopping
Purchased Spotify subscription from Steam,Entertainment
Breakfast at Milkshake from Domino's,Food
Bought shopping center Socks,Shopping
Bought Makeup kit from online store,Shopping
Paid Certification exam from Coursera,Education
Cooking oil for November,Food
Took out Juice,Food
Paid for Pathao Pathao ride,Transport
Paid for Toll fee from InDrive,Transport
Booked Car rental from petrol pump,Transport
Paid for Physiotherapy session follow-up visit,Health
Paid for Gaming subscription from Xbox Game Pass,Entertainment
Went for Lab test routine visit,Health
Paid Coursera College tuition,Education
Shopping for Furniture piece for birthday gift,Shopping
Bike wash for a trip,Transport
Took a InDrive Auto rickshaw fare,Transport
Cleared Insurance premium from NEA,Bills
Visited for local clinic Gym membership,Health
Booked Painkillers routine visit,Health
Paid Mobile recharge for the apartment,Bills
Got a new outlet store Wallet,Shopping
Paid for Domino's French fries,Food
Got a new Charger seasonal sale,Shopping
Bought gym Vaccination,Health
Took a Tire replacement from Sajha Yatayat,Transport
Laptop bag for October,Shopping
Cleared Water tank refill from NEA,Bills
Got a new Shirt from outlet store,Shopping
WiFi payment for February,Bills
Renewed Comic book,Entertainment
Grabbed Salad from Wow Momo,Food
Settled Credit card payment from landlord,Bills
Enrolled in Programming course this semester,Education
Purchased Stand-up comedy show from Amazon Prime,Entertainment
Amazon Electronics gadget,Shopping
Steam Amusement park ticket,Entertainment
Used Metro card recharge from Uber,Transport
Lab fee - local college,Education
Visited for Pharmacy purchase checkup,Health
Took a Uber Metro card recharge,Transport
Purchased new online store Jacket,Shopping
Purchased Amazon Prime membership weekend outing,Entertainment
Purchased Ride share from Tootle,Transport
Got a new Bedsheet,Shopping
Monthly House rent from local ISP,Bills
Enrolled in university Programming course,Education
Enrolled in Seminar fee from library,Education
Settled Phone bill from insurance company,Bills
Paid for shopping center Belt,Shopping
Refueled with Pathao Car rental,Transport
Snack at food court Dumplings,Food
Recharged petrol pump Helmet purchase,Transport
Subscribed to YouTube Premium from Netflix,Entertainment
Bought Laptop bag from local mall,Shopping
Paid for Pharmacy purchase follow-up visit,Health
Paid for House rent from insurance company,Bills
Paid Insurance premium quarterly payment,Bills
Purchased new Charger,Shopping
Fuel station - Uber,Transport
Video game purchase - Netflix,Entertainment
Got a new Earrings for birthday gift,Shopping
Paid for Thukpa from dhaba,Food
Juice for January,Food
Grabbed Thukpa from Starbucks,Food
Had Coffee,Food
Juice for August,Food
Refueled with Fuel station,Transport
Burger - Subway,Food
Took a Bike repair to hospital,Transport
Bought Gym membership from pharmacy,Health
Purchased Comic book family plan,Entertainment
Ordered online store Laptop bag,Shopping
Shopping for shopping center Kitchenware,Shopping
Bought Amusement park ticket premium plan,Entertainment
Used Cab fare from Tootle,Transport
YouTube Cinema ticket,Entertainment
Purchased Spotify subscription monthly plan,Entertainment
Purchased Vehicle insurance,Transport
Booked Doctor appointment from hospital,Health
Paid for Spotify subscription from PlayStation,Entertainment
Booked Steam purchase family plan,Entertainment
Snack at Starbucks Fried rice,Food
Took out Cake from food court,Food
Booked Dental treatment from local clinic,Health
Earrings - Daraz,Shopping
Recharged petrol pump Car service,Transport
Dinner at KFC Sandwich,Food
Booked Metro card recharge to hospital,Transport
Took a Tootle Scooter rental,Transport
Visited for local clinic Doctor appointment,Health
Purchased Fruits from dhaba,Food
Purchased Kebab after work,Food
Shopping for Sunglasses from outlet store,Shopping
Went for hospital Surgery cost,Health
Purchased Comic book weekend outing,Entertainment
Helmet purchase for November,Transport
Paid for Society fee from utility company,Bills
Train ticket for March,Transport
Shopping for Watch from local mall,Shopping
Booked Car rental to office,Transport
Rice bag - Pizza Hut,Food
Got a new Laptop bag from online store,Shopping
Got a new outlet store Earrings,Shopping
Bought Vaccination checkup,Health
Dental appointment for June,Health
Lab test for August,Health
Paid for Karaoke night family plan,Entertainment
Dinner at Chicken curry from restaurant,Food
Wallet for December,Shopping
Home loan installment for July,Bills
Paid for Samosa,Food
Visited for hospital Blood test,Health
Took a Sajha Yatayat Cab fare,Transport
Ordered Shirt from outlet store,Shopping
Used local garage Ride share,Transport
Subscribed to Cinema ticket from PlayStation,Entertainment
Cleared Monthly rent from local ISP,Bills
Refueled with Taxi fare from InDrive,Transport
Bought Video game purchase from Xbox Game Pass,Entertainment
Cleared landlord Phone bill,Bills
Purchased Toll fee airport transfer,Transport
Used Car rental to office,Transport
Refueled with Tire replacement from Uber,Transport
Registered for Lab fee annual fee,Education
Refueled with Toll fee for a trip,Transport
Bread for February,Food
Cleared local ISP Internet bill,Bills
Umbrella for January,Shopping
Settled utility company Society fee,Bills
Booked Spotify subscription from Disney+,Entertainment
Subscribed to Movie ticket premium plan,Entertainment
Renewed Steam Movie ticket,Entertainment
Shopping for Shirt from online store,Shopping
Booked Gaming subscription family plan,Entertainment
Bought local mall Wallet,Shopping
Subscribed to Board game from Steam,Entertainment
Bike wash airport transfer,Transport
E-book purchase premium plan,Entertainment
Refueled with local garage Bike fuel,Transport
Recharged Bike wash airport transfer,Transport
Falafel - local bakery,Food
Falafel - street food stall,Food
Got a new Sweater from boutique,Shopping
Snack at Chicken curry,Food
Bus ticket for April,Transport
Renewed Netflix subscription weekend outing,Entertainment
Registered for Exam fee from bookstore,Education
Purchased Bike wash,Transport
Paid for gym Physiotherapy session,Health
Health insurance premium for November,Health
Paid for Amazon Sneakers,Shopping
Recharged InDrive Scooter rental,Transport
Refueled with Uber ride airport transfer,Transport
Shopping for Belt online order,Shopping
Paid for Stand-up comedy show,Entertainment
Paid for Scooter rental to the mall,Transport
Bought Curtains from Amazon,Shopping
Purchased local garage Flight ticket,Transport
Grabbed food court Bread,Food
Sweater - local mall,Shopping
Chowmein for March,Food
Took a Bike fuel to college,Transport
Paid Library fine for the course,Education
Booked Vitamin supplements emergency visit,Health
Apartment rent for October,Bills
Paid for Auto rickshaw fare for a trip,Transport
Power bank from local mall,Shopping
Settled local ISP Gas cylinder,Bills
Paid for Pasta from dhaba,Food
Subscribed to Streaming service from Amazon Prime,Entertainment
Purchased new Kitchenware from boutique,Shopping
Refueled with Diesel from InDrive,Transport
Subscribed to Stand-up comedy show from Disney+,Entertainment
Used Bike repair to office,Transport
Purchased Donuts from food court,Food
Paid for Power bank from Daraz,Shopping
Dinner at dhaba Taco,Food
Refueled with Tire replacement for weekend trip,Transport
Grabbed Taco from street food stall,Food
Paid for Curtains from Daraz,Shopping
Paid bank WiFi payment,Bills
YouTube Premium for September,Entertainment
Paid for Cinema ticket from local cinema,Entertainment
Monthly Loan EMI for the apartment,Bills
Theatre ticket for August,Entertainment
Shirt for July,Shopping
Paid for Loan EMI for the house,Bills
Ordered Rice bag at office,Food
Snack at Juice from street food stall,Food
Took a Sajha Yatayat Petrol,Transport
Took out restaurant Hot dog,Food
Refueled with Bike wash to home,Transport
Purchased Udemy Project materials,Education
Breakfast at Hot dog from food court,Food
Eye checkup for June,Health
Sneakers for January,Shopping
Visited for Gym membership follow-up visit,Health
Purchased university Project materials,Education
Subscribed to Bowling session from Disney+,Entertainment
Paid Property tax from bank,Bills
Shopping for online store Sweater,Shopping
Paid for Cab fare,Transport
Recharged Train ticket from Tootle,Transport
Electronics gadget online order,Shopping
Went for diagnostic center Eye checkup,Health
Bus ticket for July,Transport
Snack at food court Waffles,Food
Purchased Programming course from bookstore,Education
Charger for August,Shopping
Settled local ISP Insurance premium,Bills
Renewed local cinema Disney+ subscription,Entertainment
Paid for local mall Jeans,Shopping
Bought bookstore Coaching class fee,Education
Amazon Bag,Shopping
Bought Burrito on the way home,Food
Shoes from shopping center,Shopping
Had cafe Hot dog,Food
Took out local bakery Chicken curry,Food
Chowmein for September,Food
Paid for Blood test emergency visit,Health
Charger from Daraz,Shopping
Bought Furniture piece for college,Shopping
Lunch at Fruits after work,Food
Paid for Ramen from restaurant,Food
Took a Taxi fare from petrol pump,Transport
PlayStation YouTube Premium,Entertainment
Watch - Daraz,Shopping
Taxi fare - Pathao,Transport
Concert ticket - Netflix,Entertainment
Purchased Petrol from gas station,Transport
Bought online store Kitchenware,Shopping
Phone case - boutique,Shopping
Paid for local garage Car rental,Transport
Belt from boutique,Shopping
Grabbed Salad,Food
Umbrella for February,Shopping
Took out Tea,Food
Bought Streaming service from PlayStation,Entertainment
Purchased university College tuition,Education
Paid for Mobile recharge from insurance company,Bills
Metro card recharge from Pathao,Transport
Used Diesel to college,Transport
Sweater from local mall,Shopping
Booked diagnostic center Vaccination,Health
Renewed YouTube Premium monthly plan,Entertainment
Paid for pharmacy Yoga class fee,Health
Booked Medical bill from wellness center,Health
Kebab - campus canteen,Food
Bought Biryani from hotel restaurant,Food
Paid Coursera School books,Education
Snack at Salad from Domino's,Food
Paid for Bike repair from Uber,Transport
Refueled with Tootle Cab fare,Transport
Bus ticket for weekend trip,Transport
Booked Metro card recharge from Uber,Transport
Registered for School books from university,Education
Had Burger,Food
Video game purchase - YouTube,Entertainment
Toll fee from Tootle,Transport
Bought Curtains from shopping center,Shopping
Paid for Cable TV bill for the apartment,Bills
Had Foodmandu Pasta,Food
Bought Domino's Dumplings,Food
Purchased Xbox Game Pass Comic book,Entertainment
Breakfast at Chowmein from Subway,Food
Renewed Music album from Steam,Entertainment
Booked YouTube Spotify subscription,Entertainment
Booked E-book purchase with friends,Entertainment
Paid for Burger King Bread,Food
Curtains,Shopping
Grabbed Pizza with family,Food
Purchased Music album from local cinema,Entertainment
Amazon Prime Disney+ subscription,Entertainment
Used InDrive Bike wash,Transport
Booked pharmacy Hospital bill,Health
Ordered Steak,Food
Cleared WiFi payment quarterly payment,Bills
Paid for Umbrella for college,Shopping
YouTube Premium - YouTube,Entertainment
Had cafe Rice bag,Food
Pizza - Pizza Hut,Food
Rice bag for July,Food
Purchased Spotify Concert ticket,Entertainment
Dental treatment for May,Health
Ordered cafe Groceries,Food
Car rental,Transport
Recharged Parking fee from InDrive,Transport
Shopping for Sweater from Amazon,Shopping
Paid for boutique Earrings,Shopping
Movie ticket - Netflix,Entertainment
Booked Amazon Prime membership with friends,Entertainment
Ordered Amazon Necklace,Shopping
Curtains seasonal sale,Shopping
Xbox Game Pass Amazon Prime membership,Entertainment
Settled Loan EMI from NEA,Bills
Paid for Hospital bill monthly,Health
Chowmein - Bajeko Sekuwa,Food
Purchased Steam Stand-up comedy show,Entertainment
Took a Toll fee to the mall,Transport
Booked Scooter rental airport transfer,Transport
Toll fee to office,Transport
Perfume for January,Shopping
PlayStation Plus for October,Entertainment
Paid for Electronics gadget for birthday gift,Shopping
Bus ticket for November,Transport
Kitchenware from shopping center,Shopping
Maintenance fee - landlord,Bills
Renewed Amazon Prime Comic book,Entertainment
Lunch at Sushi for the party,Food
Booked petrol pump Cab fare,Transport
Purchased Lab fee from bookstore,Education
Subscribed to Theatre ticket,Entertainment
Arcade tokens - PlayStation,Entertainment
Used Flight ticket for a trip,Transport
Purchased new Jeans,Shopping
Petrol - Sajha Yatayat,Transport
Ordered local mall Bedsheet,Shopping
Study materials for November,Education
Sandwich for December,Food
Subscribed to PlayStation Plus,Entertainment
Purchased new Perfume for college,Shopping
Refueled with Uber ride from gas station,Transport
Bought Arcade tokens,Entertainment
Bought Theatre ticket from YouTube,Entertainment
Purchased coaching center Coaching class fee,Education
Milkshake for May,Food
Bought online store Sneakers,Shopping
Paid for Gym membership follow-up visit,Health
Booked local garage Tire replacement,Transport
Ordered Watch seasonal sale,Shopping
Snack at Bread from Domino's,Food
Subscribed to Video game purchase from Spotify,Entertainment
Took out food court Ramen,Food
Refueled with Sajha Yatayat Cab fare,Transport
Cooking oil for October,Food
Bought Coursera College tuition,Education
Registered for Study materials from bookstore,Education
Subscribed to local cinema Disney+ subscription,Entertainment
Shopping for Phone case seasonal sale,Shopping
Snack at Fruits,Food
Bought Board game weekend outing,Entertainment
Paid for Netflix Music album,Entertainment
Got a new Bag for birthday gift,Shopping
Lunch at Pizza at college,Food
Paid Water tank refill from landlord,Bills
Paid for Watch from Daraz,Shopping
Renewed Amazon Prime YouTube Premium,Entertainment
Paid for Diesel to office,Transport
Purchased Amazon Prime Board game,Entertainment
Bought online store Sweater,Shopping
Purchased local cinema Spotify subscription,Entertainment
Booked Dental appointment routine visit,Health
Enrolled in coaching center Software license for study,Education
Dinner at Grilled fish from local bakery,Food
Cleared Phone bill annual payment,Bills
Used Diesel to office,Transport
Paid for Electronics gadget,Shopping
Subscribed to Comic book from Spotify,Entertainment
PlayStation Plus for November,Entertainment
Ordered Watch online order,Shopping
Recharged Uber ride to office,Transport
Bought local mall Jeans,Shopping
Purchased Movie ticket from Netflix,Entertainment
Monthly Cable TV bill from NEA,Bills
Monthly Water tank refill from landlord,Bills
Booked Yoga class fee from gym,Health
Kebab - Starbucks,Food
Booked Bike wash from Uber,Transport
Took out restaurant Taco,Food
College fee for October,Education
Subscribed to Karaoke night annual plan,Entertainment
Fuel station from petrol pump,Transport
Karaoke night for November,Entertainment
Booked Amusement park ticket from YouTube,Entertainment
Monthly utility company Property tax,Bills
Paid for Metro card recharge from Pathao,Transport
Spotify Board game,Entertainment
Stand-up comedy show for November,Entertainment
Booked local cinema Comic book,Entertainment
Purchased Xbox Game Pass Steam purchase,Entertainment
Petrol for August,Transport
Water bill for June,Bills
Bought Cinema ticket monthly plan,Entertainment
Monthly telecom provider Mobile recharge,Bills
Took a Bus ticket to college,Transport
Bike rental to the mall,Transport
Registered for College tuition from Coursera,Education
Had Soup during break,Food
Bought Programming course,Education
Purchased new Sweater from outlet store,Shopping
Settled Internet bill from NEA,Bills
Settled WiFi payment from landlord,Bills
Purchased Steam purchase monthly plan,Entertainment
House rent for April,Bills
Bought hospital Dental treatment,Health
Enrolled in university School books,Education
Bread - food court,Food
Ordered Kitchenware for birthday gift,Shopping
Bought Fried rice at college,Food
Booked Dental appointment from wellness center,Health
Had food court Dal bhat,Food
Bought local mall Shoes,Shopping
Booked InDrive Fuel station,Transport
Paid for utility company Phone bill,Bills
Settled Insurance premium from bank,Bills
Refueled with Auto rickshaw fare from gas station,Transport
Dinner at Soup from Pizza Hut,Food
Cleared Loan EMI from insurance company,Bills
Went for Vitamin supplements from pharmacy,Health
Booked Pathao Car service,Transport
Ordered Bedsheet for office,Shopping
Took out Cooking oil from dhaba,Food
Purchased Diesel from petrol pump,Transport
Bought hospital Surgery cost,Health
Purchased Video game purchase annual plan,Entertainment
Stationery for October,Education
Bag - Amazon,Shopping
Used Flight ticket airport transfer,Transport
Purchased College supplies from local college,Education
Pathao ride for April,Transport
Exam fee for March,Education
Refueled with Uber ride to home,Transport
Cab fare for May,Transport
Used Bus ticket from InDrive,Transport
Monthly landlord Cable TV bill,Bills
Purchased local cinema E-book purchase,Entertainment
Recharged Toll fee for a trip,Transport
Enrolled in coaching center Coaching class fee,Education
Headphones - local mall,Shopping
Music album from Xbox Game Pass,Entertainment
Paid for Yoga class fee from wellness center,Health
Got a new Amazon Jeans,Shopping
Monthly Garbage collection fee from telecom provider,Bills
Paid for Amazon Prime Streaming service,Entertainment
Donuts for August,Food
Daraz Sneakers,Shopping
Had Fruits from Burger King,Food
Refueled with Pathao Petrol,Transport
Purchased Train ticket from Tootle,Transport
Bought Medical bill from gym,Health
Study materials for September,Education
Purchased bookstore Seminar fee,Education
Renewed Amazon Prime Cinema ticket,Entertainment
Sneakers from Daraz,Shopping
Shopping for boutique Sneakers,Shopping
Ordered Domino's Fried rice,Food
Paid for Medicine from pharmacy,Health
Got a new Power bank from local mall,Shopping
Petrol for June,Transport
Booked Pharmacy purchase from local clinic,Health
Purchased new Jacket seasonal sale,Shopping
Bedsheet for February,Shopping
Purchased new Necklace for birthday gift,Shopping
Bought Music album from Disney+,Entertainment
Had Ramen from dhaba,Food
Paid for Bus ticket to home,Transport
Lunch at dhaba Juice,Food
Paid for Bike repair to college,Transport
Taxi fare for December,Transport
Metro card recharge - Pathao,Transport
Booked X-ray from gym,Health
Dinner at Pizza Hut Snacks,Food
online store Umbrella,Shopping
Paid Udemy Workshop registration,Education
Paid insurance company Property tax,Bills
Ordered Cake,Food
Dosa - campus canteen,Food
Went for Dental appointment checkup,Health
Power bank - Daraz,Shopping
Shopping for boutique T-shirt,Shopping
Purchased Domino's Pancakes,Food
Purchased Music album from PlayStation,Entertainment
Metro card recharge - Tootle,Transport
Got a new Wallet online order,Shopping
Bike wash for November,Transport
Subscribed to Amazon Prime E-book purchase,Entertainment
Visited for hospital Hospital bill,Health
Bought Headphones for birthday gift,Shopping
Booked local garage Ride share,Transport
Booked Bike wash downtown,Transport
Paid for Steam purchase,Entertainment
Registered for Udemy University fee,Education
Pancakes for December,Food
Subscribed to Arcade tokens from Netflix,Entertainment
Video game purchase for July,Entertainment
Purchased Biryani from Bajeko Sekuwa,Food
Paid for Domino's Cooking oil,Food
Bubble tea - dhaba,Food
Visited for wellness center Medicine,Health
Bought Spotify subscription from Disney+,Entertainment
Visited for gym Painkillers,Health
Took a Sajha Yatayat Tire replacement,Transport
Booked Disney+ Streaming service,Entertainment
Booked Flight ticket from Pathao,Transport
Purchased Disney+ Netflix subscription,Entertainment
Paid Coaching class fee from Udemy,Education
PlayStation Plus from Netflix,Entertainment
Booked Steam Karaoke night,Entertainment
Got a new Electronics gadget for birthday gift,Shopping
Purchased Pizza Hut Pizza,Food
Paid for Headphones for college,Shopping
Had Soup from dhaba,Food
Purchased Board game from Xbox Game Pass,Entertainment
Subscribed to YouTube Disney+ subscription,Entertainment
Got a new Headphones from boutique,Shopping
Paid for Diesel downtown,Transport
Subscribed to Arcade tokens from Spotify,Entertainment
Amazon Prime membership - YouTube,Entertainment
Ordered Watch for birthday gift,Shopping
Took out Cake takeaway,Food
Monthly local ISP House rent,Bills
Renewed Spotify subscription annual plan,Entertainment
Purchased University fee from university,Education
Bought Biryani,Food
Auto rickshaw fare - Uber,Transport
Train ticket from petrol pump,Transport
Paid local ISP Monthly rent,Bills
Mobile recharge - bank,Bills
Used Bike fuel from Tootle,Transport
Registered for Study materials from university,Education
Paid for local cinema Concert ticket,Entertainment
Mobile recharge for January,Bills
Helmet purchase from Sajha Yatayat,Transport
Recharged Helmet purchase downtown,Transport
Breakfast at Kebab on the way home,Food
Recharged Fuel station to home,Transport
Purchased new online store Power bank,Shopping
Paid for T-shirt from online store,Shopping
Booked Hospital bill from wellness center,Health
Purchased local cinema Karaoke night,Entertainment
Ordered Electronics gadget from Amazon,Shopping
Shopping for boutique Shoes,Shopping
Bought outlet store Power bank,Shopping
Snacks for March,Food
Refueled with Tire replacement from Pathao,Transport
Purchased Car rental from Uber,Transport
Ordered Makeup kit for college,Shopping
Enrolled in library Programming course,Education
Paid for diagnostic center Medical bill,Health
Music album monthly plan,Entertainment
Paid for Auto rickshaw fare from local garage,Transport
Paid for Umbrella from outlet store,Shopping
Booked local clinic X-ray,Health
Enrolled in Library fine from bookstore,Education
Ordered outlet store Bedsheet,Shopping
Bought Kitchenware for college,Shopping
Got a new Amazon Wallet,Shopping
Enrolled in Lab fee from local college,Education
Used Tootle Cab fare,Transport
Enrolled in Online course this semester,Education
Paid Mobile recharge from utility company,Bills
Refueled with Auto rickshaw fare to home,Transport
Registered for bookstore School books,Education
Bought Karaoke night premium plan,Entertainment
Registered for Thesis printing from bookstore,Education
Purchased new local mall Phone case,Shopping
Renewed Movie ticket from PlayStation,Entertainment
Ordered Bajeko Sekuwa Burger,Food
Shopping for outlet store Wallet,Shopping
Groceries - Starbucks,Food
Renewed Board game weekend outing,Entertainment
Purchased new Shirt from Daraz,Shopping
Took out Salad from KFC,Food
Streaming service for December,Entertainment
Seminar fee for August,Education
Renewed YouTube Netflix subscription,Entertainment
Momo for July,Food
Cake for February,Food
Laptop bag for February,Shopping
Milk - dhaba,Food
Cleared Home loan installment from NEA,Bills
Bought Phone case from Daraz,Shopping
Physiotherapy session for September,Health
Purchased Bike fuel downtown,Transport
Pathao Bike rental,Transport
Lunch at Coffee,Food
Paid for shopping center Sweater,Shopping
Paid for Internet bill from landlord,Bills
Used Uber Car service,Transport
Cleared Credit card payment for the house,Bills
Dinner at Pizza,Food
Bought School books from Coursera,Education
Paid for T-shirt,Shopping
Lunch at Burrito delivery order,Food
Ordered local mall Phone case,Shopping
Recharged Bike rental to home,Transport
Dinner at Juice from hotel restaurant,Food
Took a Metro card recharge to home,Transport
Ice cream for January,Food
Got a new local mall Belt,Shopping
Bought Concert ticket from PlayStation,Entertainment
Shopping for Umbrella for birthday gift,Shopping
Thesis printing for October,Education
Electricity bill - insurance company,Bills
Renewed Concert ticket from Steam,Entertainment
Paid for Internet bill from insurance company,Bills
Paid for hotel restaurant Biryani,Food
Lunch at Rice bag on the way home,Food
outlet store Socks,Shopping
Paid for telecom provider House rent,Bills
Booked Ride share for a trip,Transport
Cap for office,Shopping
YouTube Premium - PlayStation,Entertainment
Got a new boutique Jacket,Shopping
Donuts for July,Food
Flight ticket - local garage,Transport
Paid for Fuel station to hospital,Transport
Purchased YouTube Premium premium plan,Entertainment
Bought Eye checkup follow-up visit,Health
Renewed Amazon Prime Arcade tokens,Entertainment
Bought outlet store Laptop bag,Shopping
Bike rental to home,Transport
Cleared Maintenance fee from insurance company,Bills
Sneakers - outlet store,Shopping
Took a Tootle Bike rental,Transport
Booked Cab fare,Transport
Paid for landlord Water bill,Bills
Ordered boutique Headphones,Shopping
Booked Amazon Prime membership family plan,Entertainment
Bought Medicine follow-up visit,Health
Sushi - cafe,Food
Renewed Xbox Game Pass Amazon Prime membership,Entertainment
Fuel station from Sajha Yatayat,Transport
Grabbed Starbucks Groceries,Food
Insurance premium for March,Bills
Paid for Health insurance premium from diagnostic center,Health
Purchased Amazon Prime Amusement park ticket,Entertainment
Booked Vitamin supplements from diagnostic center,Health
Purchased Netflix subscription from YouTube,Entertainment
Had Wow Momo Sushi,Food
Got a new Sneakers,Shopping
Paid for Disney+ subscription from YouTube,Entertainment
Paid for Apartment rent for the apartment,Bills
Bought French fries after work,Food
Purchased petrol pump Parking fee,Transport
Dinner at Fried rice from Bajeko Sekuwa,Food
Uber ride for October,Transport
Visited for Medical bill emergency visit,Health
Purchased Coursera Software license for study,Education
Paid for Vitamin supplements from local clinic,Health
boutique Necklace,Shopping
Bought Movie ticket weekend outing,Entertainment
Bought Disney+ Gaming subscription,Entertainment
Bus ticket for June,Transport
Purchased new local mall Wallet,Shopping
Took out Tea from restaurant,Food
Booked wellness center Yoga class fee,Health
Chowmein for November,Food
Purchased new Daraz Jacket,Shopping
Subscribed to Board game from Netflix,Entertainment
Mobile recharge for April,Bills
Renewed Amazon Prime Board game,Entertainment
Paid for Water tank refill from telecom provider,Bills
Diesel from Uber,Transport
Ordered outlet store Kitchenware,Shopping
Taco for February,Food
Registered for College supplies from local college,Education
Took out restaurant Eggs,Food
Purchased Disney+ Disney+ subscription,Entertainment
Had Wow Momo Grilled fish,Food
Booked Petrol from Sajha Yatayat,Transport
Used Taxi fare from InDrive,Transport
Sweater for birthday gift,Shopping
Purchased Cake from Burger King,Food
Pharmacy purchase for August,Health
Bought local cinema Video game purchase,Entertainment
Uber ride downtown,Transport
Went for wellness center Surgery cost,Health
Charger from Amazon,Shopping
Donuts for October,Food
Burrito for October,Food
Cable TV bill for March,Bills
Dinner at Groceries delivery order,Food
Registered for College supplies from coaching center,Education
Bike wash - petrol pump,Transport
Subscribed to Xbox Game Pass Video game purchase,Entertainment
Library fine for December,Education
Paid Phone bill from bank,Bills
Purchased new Sweater from boutique,Shopping
Purchased new outlet store Headphones,Shopping
Recharged Ride share for a trip,Transport
Subscribed to Gaming subscription monthly plan,Entertainment
Ordered online store Charger,Shopping
Recharged InDrive Diesel,Transport
Milk - Foodmandu,Food
Shopping for Amazon Sneakers,Shopping
Pizza for March,Food
Had street food stall Thukpa,Food
Paid Apartment rent this month,Bills
Falafel - Subway,Food
Settled Society fee from bank,Bills
Watch for August,Shopping
Purchased Xbox Game Pass PlayStation Plus,Entertainment
Purchased new Electronics gadget for birthday gift,Shopping
Renewed Board game from Amazon Prime,Entertainment
Cleared Mobile recharge from insurance company,Bills
Subscribed to Karaoke night from PlayStation,Entertainment
Fruits for July,Food
Programming course for June,Education
Refueled with Tootle Auto rickshaw fare,Transport
Movie ticket from Netflix,Entertainment
Cleared insurance company Maintenance fee,Bills
petrol pump Ride share,Transport
Refueled with Train ticket downtown,Transport
Snack at Grilled fish with family,Food
Booked Hospital bill from gym,Health
Purchased Concert ticket from local cinema,Entertainment
Donuts - street food stall,Food
Purchased new Daraz Laptop bag,Shopping
Breakfast at local bakery Bread,Food
Bought dhaba Pasta,Food
Purchased Fried chicken from hotel restaurant,Food
Shopping for Wallet seasonal sale,Shopping
Recharged Uber Helmet purchase,Transport
PlayStation Video game purchase,Entertainment
Bought Jacket for office,Shopping
Booked Steam Amazon Prime membership,Entertainment
Paid for Disney+ Streaming service,Entertainment
Ordered Amazon Makeup kit,Shopping
Power bank for July,Shopping
Paid for Bowling session from Spotify,Entertainment
Textbooks - bookstore,Education
Cinema ticket from local cinema,Entertainment
Settled NEA Home loan installment,Bills
Bought Study materials from local college,Education
Bought wellness center Medical bill,Health
Subscribed to Disney+ subscription weekend outing,Entertainment
Grabbed Dumplings at college,Food
Renewed Steam YouTube Premium,Entertainment
Recharged local garage Helmet purchase,Transport
Grilled fish - KFC,Food
Booked Tootle Parking fee,Transport
Refueled with Bike fuel,Transport
Used Helmet purchase downtown,Transport
Bought Sneakers from outlet store,Shopping
Taxi fare for January,Transport
Breakfast at Biryani with family,Food
Purchased Grilled fish for the party,Food
Purchased local cinema Steam purchase,Entertainment
Bedsheet for September,Shopping
Belt - shopping center,Shopping
Bought Shoes from boutique,Shopping
Paid for Coffee from dhaba,Food
Ordered Shirt,Shopping
Paid for Cap from shopping center,Shopping
Pastry for April,Food
Furniture piece - Daraz,Shopping
outlet store Headphones,Shopping
Paid for Amazon Belt,Shopping
Booked YouTube Premium from Xbox Game Pass,Entertainment
Visited for Surgery cost follow-up visit,Health
Enrolled in College supplies this semester,Education
Bought diagnostic center Medicine,Health
Went for local clinic Physiotherapy session,Health
Ordered Fruits at office,Food
Paid for Disney+ Karaoke night,Entertainment
Bought outlet store Earrings,Shopping
Booked Disney+ subscription,Entertainment
Auto rickshaw fare for February,Transport
Electronics gadget,Shopping
Took a Auto rickshaw fare,Transport
Got a new Makeup kit from online store,Shopping
Uber Diesel,Transport
Purchased new Earrings for office,Shopping
Paid for Amusement park ticket family plan,Entertainment
Dinner at Juice,Food
Smoothie for January,Food
Booked Tire replacement from local garage,Transport
Purchased YouTube Premium with friends,Entertainment
Cleared Phone bill from telecom provider,Bills
Snack at Hot dog from food court,Food
Paid for gas station Train ticket,Transport
Ordered Amazon Umbrella,Shopping
Grabbed Pizza takeaway,Food
Paid Online course from bookstore,Education
Bought Comic book,Entertainment
Paid for Starbucks Tea,Food
Refueled with Car service from Uber,Transport
Train ticket for August,Transport
Purchased new local mall Sunglasses,Shopping
Dinner at Milk from Pizza Hut,Food
Renewed local cinema Amazon Prime membership,Entertainment
Purchased Software license for study from coaching center,Education
Necklace - outlet store,Shopping
Monthly Insurance premium from telecom provider,Bills
Took out Burger from hotel restaurant,Food
Monthly local ISP Property tax,Bills
Booked Health checkup from pharmacy,Health
Coaching class fee for September,Education
Purchased Taxi fare from InDrive,Transport
Purchased Starbucks Eggs,Food
Took out Bubble tea from Subway,Food
Got a new Jeans from boutique,Shopping
Went for Surgery cost follow-up visit,Health
Ordered outlet store Shoes,Shopping
Biryani - restaurant,Food
Xbox Game Pass Streaming service,Entertainment
Paid Loan EMI from local ISP,Bills
Purchased Arcade tokens annual plan,Entertainment
Dinner at Sushi,Food
Paid for Petrol airport transfer,Transport
Taxi fare,Transport
Music album - Steam,Entertainment
Streaming service from Netflix,Entertainment
Necklace - boutique,Shopping
Paid for Bedsheet from boutique,Shopping
Ordered Sweater seasonal sale,Shopping
Paid University fee from bookstore,Education
Sandwich - Burger King,Food
Shopping for T-shirt online order,Shopping
Got a new Belt for office,Shopping
Went for Physiotherapy session from pharmacy,Health
Booked Taxi fare from petrol pump,Transport
Paid for Sweater for college,Shopping
Netflix Music album,Entertainment
Registered for local college Project materials,Education
Paid Cable TV bill from landlord,Bills
Refueled with Car service to hospital,Transport
Snack at Ramen on the way home,Food
Insurance premium - utility company,Bills
Bought Arcade tokens weekend outing,Entertainment
Shopping for Charger from online store,Shopping
Ordered local bakery Ice cream,Food
Recharged Pathao ride from petrol pump,Transport
online store Shirt,Shopping
Chicken curry for June,Food
Renewed Music album from Netflix,Entertainment
Purchased new outlet store Bag,Shopping
Paid for diagnostic center Surgery cost,Health
Visited for Physiotherapy session checkup,Health
Bought Amazon T-shirt,Shopping
Paid for Train ticket for weekend trip,Transport
Registered for Seminar fee for the workshop,Education
Booked gas station Bike rental,Transport
Jacket from outlet store,Shopping
Visited for hospital Health insurance premium,Health
Bought Snacks with family,Food
Music album - Netflix,Entertainment
Used Uber Petrol,Transport
Subscribed to Cinema ticket monthly plan,Entertainment
Streaming service for February,Entertainment
Snack at Waffles at office,Food
Pancakes for January,Food
Bought Curtains from Daraz,Shopping
Had Cooking oil,Food
Shopping for Necklace from outlet store,Shopping
Paid for Loan EMI quarterly payment,Bills
Purchased Amazon Prime Theatre ticket,Entertainment
Sneakers - Daraz,Shopping
Purchased Steam Arcade tokens,Entertainment
Snack at Bubble tea from Subway,Food
Paid for online store Furniture piece,Shopping
Burrito - Burger King,Food
Bought local cinema Disney+ subscription,Entertainment
Gaming subscription for April,Entertainment
Ordered online store T-shirt,Shopping
Paid for Spotify Arcade tokens,Entertainment
Refueled with Helmet purchase from Uber,Transport
Paid for Disney+ subscription from local cinema,Entertainment
Enrolled in Software license for study from Udemy,Education
Bought Laptop bag from Daraz,Shopping
Took a gas station Car rental,Transport
Dosa - street food stall,Food
Booked Amusement park ticket weekend outing,Entertainment
Ordered outlet store Curtains,Shopping
Purchased Textbooks this semester,Education
Took a Taxi fare to office,Transport
Shopping for Sunglasses from boutique,Shopping
Paid for local bakery Soup,Food
Registered for Library fine from library,Education
Paid for Comic book annual plan,Entertainment
Settled Monthly rent from local ISP,Bills
Took out Burger from cafe,Food
Netflix subscription - Disney+,Entertainment
Paid for Medical bill routine visit,Health
Paid University fee from Coursera,Education
Monthly Property tax quarterly payment,Bills
Lunch at Bubble tea,Food
Monthly Society fee from local ISP,Bills
Salad - hotel restaurant,Food
Snacks - Bajeko Sekuwa,Food
Renewed Steam Board game,Entertainment
Grabbed dhaba Chicken curry,Food
Ordered Curtains from Daraz,Shopping
Theatre ticket - YouTube,Entertainment
Visited for Pharmacy purchase from local clinic,Health
Disney+ Cinema ticket,Entertainment
Used Bus ticket from Sajha Yatayat,Transport
Juice - hotel restaurant,Food
Purchased Concert ticket from YouTube,Entertainment
Took a Bike rental,Transport
Booked Amazon Prime Music album,Entertainment
Purchased Video game purchase from Steam,Entertainment
Kitchenware for April,Shopping
Bought dhaba French fries,Food
Comic book for November,Entertainment
Paid for Cooking oil delivery order,Food
Ordered Milk from restaurant,Food
Tootle Bike repair,Transport
Bought Project materials from coaching center,Education
Purchased Coffee from local bakery,Food
Paid Home loan installment from landlord,Bills
Paid for Water tank refill from bank,Bills
Ordered Biryani from Burger King,Food
Vaccination for January,Health
Bought Electronics gadget from shopping center,Shopping
Bought Pastry at office,Food
Uber Taxi fare,Transport
Registered for Coaching class fee from Coursera,Education
Ordered Charger from local mall,Shopping
Booked Netflix subscription from local cinema,Entertainment
Bought bookstore Exam fee,Education
Bought Belt for office,Shopping
Dinner at Falafel,Food
Paid for Loan EMI this month,Bills
Amusement park ticket annual plan,Entertainment
Booked Karaoke night from Disney+,Entertainment
Bought shopping center Curtains,Shopping
Paid for outlet store Electronics gadget,Shopping
Paid for Medical bill from hospital,Health
Cleared Water tank refill for the apartment,Bills
Hot dog - food court,Food
Netflix E-book purchase,Entertainment
Purchased Cinema ticket from Xbox Game Pass,Entertainment
Purchased PlayStation Disney+ subscription,Entertainment
Subscribed to YouTube Premium from PlayStation,Entertainment
Paid for Pizza,Food
Enrolled in local college College fee,Education
Paid for Diesel from Pathao,Transport
Paid for boutique Laptop bag,Shopping
Shopping for Sweater from Daraz,Shopping
Purchased new Makeup kit from boutique,Shopping
Booked Uber Metro card recharge,Transport
Registered for College tuition from local college,Education
Coffee - Wow Momo,Food
Renewed Disney+ Music album,Entertainment
Paid for Yoga class fee from gym,Health
Settled Apartment rent for the apartment,Bills
Bought university Exam fee,Education
Refueled with Bike rental for weekend trip,Transport
Renewed PlayStation Movie ticket,Entertainment
Breakfast at Falafel from hotel restaurant,Food
Snack at Burger at office,Food
Went for Hospital bill checkup,Health
Shopping for outlet store Sweater,Shopping
Booked Stand-up comedy show from PlayStation,Entertainment
Bought Disney+ Music album,Entertainment
Subscribed to Amusement park ticket with friends,Entertainment
Snack at Pancakes after work,Food
Paid for Earrings from online store,Shopping
Booked Amazon Prime membership from Disney+,Entertainment
Lunch at Milkshake on the way home,Food
Took out Steak from street food stall,Food
Registered for University fee from coaching center,Education
Had Fried chicken from local bakery,Food
Bought Daraz Umbrella,Shopping
Purchased new Sweater seasonal sale,Shopping
Registered for Udemy Certification exam,Education
Recharged Petrol from Pathao,Transport
Train ticket for February,Transport
Paid for Tootle Vehicle insurance,Transport
Paid for shopping center Socks,Shopping
Visited for Medicine from pharmacy,Health
Booked PlayStation Amazon Prime membership,Entertainment
Renewed Comic book from Amazon Prime,Entertainment
Paid for Steam PlayStation Plus,Entertainment
Paid local ISP Internet bill,Bills
Bought McDonald's Donuts,Food
Paid for Socks from boutique,Shopping
Bought Shirt for birthday gift,Shopping
Streaming service - Xbox Game Pass,Entertainment
Paid for Shirt,Shopping
Bought Dal bhat from restaurant,Food
Cleared Cable TV bill this month,Bills
Bought Disney+ YouTube Premium,Entertainment
Breakfast at Noodles from hotel restaurant,Food
Ordered boutique Charger,Shopping
Fried rice for May,Food
Took a Helmet purchase from gas station,Transport
Taxi fare from Uber,Transport
Snack at Smoothie,Food
Bought Streaming service monthly plan,Entertainment
Pathao ride from Tootle,Transport
Used Vehicle insurance for a trip,Transport
Registered for Lab fee from coaching center,Education
Paid for Taco at office,Food
Ordered Jacket from outlet store,Shopping
Settled insurance company Society fee,Bills
Took out Wow Momo Milk,Food
Booked Tootle Taxi fare,Transport
Ordered Jeans,Shopping
Cake for March,Food
Booked Dental treatment from wellness center,Health
Paid for local ISP Internet bill,Bills
Bag for birthday gift,Shopping
Paid Programming course from coaching center,Education
Purchased Xbox Game Pass Music album,Entertainment
Purchased new Necklace from Amazon,Shopping
Took a Pathao Bike fuel,Transport
Refueled with Pathao ride,Transport
Grabbed hotel restaurant Pizza,Food
Pancakes for November,Food
Refueled with gas station Car service,Transport
Paid for Bedsheet from shopping center,Shopping
Paid for Juice from dhaba,Food
Renewed Stand-up comedy show from Xbox Game Pass,Entertainment
Grabbed campus canteen Ice cream,Food
Booked Cab fare for a trip,Transport
Bought Medicine from gym,Health
Shopping for Bag from online store,Shopping
Bought Bedsheet online order,Shopping
Netflix subscription from PlayStation,Entertainment
Sandwich - street food stall,Food
Purchased Pizza from Pizza Hut,Food
Monthly Gas cylinder for the house,Bills
Blood test for June,Health
Petrol - Pathao,Transport
Jeans - online store,Shopping
Purchased Steam YouTube Premium,Entertainment
Snack at Soup from KFC,Food
Paid for Momo,Food
Refueled with Tootle Tire replacement,Transport
Purchased Comic book monthly plan,Entertainment
Paid for Doctor appointment from wellness center,Health
Took out Thukpa from street food stall,Food
Paid for Bike rental from petrol pump,Transport
Bought Medical bill emergency visit,Health
Necklace for October,Shopping
Visited for diagnostic center X-ray,Health
Purchased new Shirt for office,Shopping
Lunch at Donuts at college,Food
Shopping for Furniture piece from online store,Shopping
Lunch at Tea from Wow Momo,Food
Exam fee for November,Education
Helmet purchase - local garage,Transport
Paid Society fee from utility company,Bills
Shopping for Perfume from shopping center,Shopping
Dinner at Burger King Burger,Food
Refueled with Uber Petrol,Transport
Scooter rental - Pathao,Transport
Steam purchase for February,Entertainment
Bought Spotify Comic book,Entertainment
Went for Health checkup emergency visit,Health
Booked Spotify subscription from YouTube,Entertainment
Purchased local garage Car rental,Transport
Car rental - petrol pump,Transport
Subscribed to Karaoke night from YouTube,Entertainment
Visited for Physiotherapy session monthly,Health
Booked Fuel station for weekend trip,Transport
Dental treatment for December,Health
Electricity bill for May,Bills
Booked Theatre ticket from Spotify,Entertainment
Lunch at Cake from Starbucks,Food
Ordered Kitchenware from local mall,Shopping
Had Burger at college,Food
Booked Train ticket downtown,Transport
Got a new outlet store Kitchenware,Shopping
Milk - food court,Food
Refueled with Cab fare downtown,Transport
Shopping for Belt from local mall,Shopping
Subscribed to Music album with friends,Entertainment
Paid for telecom provider Water bill,Bills
Internet bill - bank,Bills
Cleared telecom provider Gas cylinder,Bills
Took a Bike fuel from petrol pump,Transport
Curtains for July,Shopping
Refueled with Uber Vehicle insurance,Transport
Paid for local cinema Streaming service,Entertainment
Bought online store Watch,Shopping
Uber Bike rental,Transport
Visited for Lab test from diagnostic center,Health
Stand-up comedy show premium plan,Entertainment
Enrolled in Seminar fee from Udemy,Education
Paid for gas station Fuel station,Transport
Soup for April,Food
Paid Monthly rent for the house,Bills
Cab fare for August,Transport
Bag for January,Shopping
Booked Bowling session,Entertainment
Paid for Music album from Spotify,Entertainment
Had Rice bag with family,Food
Tire replacement - petrol pump,Transport
Grabbed Falafel after work,Food
Refueled with Uber ride from Uber,Transport
Took out French fries,Food
Metro card recharge for a trip,Transport
Took a Auto rickshaw fare from gas station,Transport
Hot dog - Bajeko Sekuwa,Food
Paid for Steak from Bajeko Sekuwa,Food
Bought YouTube Arcade tokens,Entertainment
Dinner at Samosa from food court,Food
Bought Netflix Theatre ticket,Entertainment
Registered for Software license for study from coaching center,Education
Renewed Amusement park ticket from Netflix,Entertainment
Bought Software license for study from Coursera,Education
Purchased Theatre ticket,Entertainment
Paid landlord Water tank refill,Bills
Burger for August,Food
Ordered local bakery Falafel,Food
Tea - local bakery,Food
Purchased Salad from hotel restaurant,Food
Purchased Pancakes during break,Food
Lunch at cafe Chicken curry,Food
T-shirt for February,Shopping
Bought Jeans from Amazon,Shopping
Booked Eye checkup from gym,Health
Snack at Burrito from hotel restaurant,Food
Purchased Theatre ticket from YouTube,Entertainment
Snack at restaurant Pasta,Food
Visited for Vaccination from wellness center,Health
Renewed Steam purchase from YouTube,Entertainment
Booked Cinema ticket premium plan,Entertainment
Bought Disney+ subscription from Amazon Prime,Entertainment
Noodles - local bakery,Food
Paid for Streaming service family plan,Entertainment
Renewed Gaming subscription from YouTube,Entertainment
Monthly Electricity bill for the apartment,Bills
Bought Electronics gadget from outlet store,Shopping
Booked Ride share from Tootle,Transport
Paid for Comic book from Amazon Prime,Entertainment
Took out Falafel from local bakery,Food
Jacket - outlet store,Shopping
Spotify Netflix subscription,Entertainment
Subscribed to Steam Amazon Prime membership,Entertainment
Settled local ISP Society fee,Bills
Grabbed Domino's Hot dog,Food
Auto rickshaw fare to home,Transport
Monthly WiFi payment annual payment,Bills
Purchased Bike rental airport transfer,Transport
Breakfast at Starbucks Hot dog,Food
Bought Medical bill from pharmacy,Health
Lunch at Taco,Food
Ordered Pizza Hut Salad,Food
Ordered Necklace for office,Shopping
Monthly telecom provider Electricity bill,Bills
Paid for Doctor appointment checkup,Health
Settled Internet bill annual payment,Bills
Fuel station,Transport
Monthly rent for January,Bills
Wallet from boutique,Shopping
Video game purchase for March,Entertainment
Went for Vaccination checkup,Health
Dinner at Chowmein takeaway,Food
Renewed YouTube Premium from Amazon Prime,Entertainment
Booked Bike rental from InDrive,Transport
shopping center Umbrella,Shopping
Settled Mobile recharge from local ISP,Bills
Paid library College fee,Education
Comic book for October,Entertainment
Took a Bus ticket from petrol pump,Transport
Settled telecom provider Gas cylinder,Bills
Got a new local mall Umbrella,Shopping
Bought Thesis printing from Udemy,Education
Used petrol pump Car rental,Transport
Belt for May,Shopping
Booked Health insurance premium emergency visit,Health
Shopping for Kitchenware from outlet store,Shopping
Renewed Netflix subscription with friends,Entertainment
Ordered Subway Dosa,Food
Recharged Sajha Yatayat Metro card recharge,Transport
Paid for Watch from shopping center,Shopping
Cleared Garbage collection fee this month,Bills
Shopping for Kitchenware from Amazon,Shopping
Bedsheet - Amazon,Shopping
College supplies for December,Education
Subscribed to Amazon Prime membership from YouTube,Entertainment
Paid College tuition from Udemy,Education
Purchased Dal bhat on the way home,Food
Took a petrol pump Diesel,Transport
Purchased Streaming service from local cinema,Entertainment
Refueled with Toll fee from local garage,Transport
Ordered Earrings from outlet store,Shopping
Settled Internet bill from landlord,Bills
Ordered Amazon Kitchenware,Shopping
Paid for Gas cylinder from utility company,Bills
Went for Vitamin supplements from gym,Health
Bought Music album from Amazon Prime,Entertainment
Recharged Parking fee from Tootle,Transport
Purchased Tire replacement from local garage,Transport
Took a Bike fuel from Pathao,Transport
Subscribed to Concert ticket from Steam,Entertainment
Cap for August,Shopping
Paid Garbage collection fee for the house,Bills
Paid for Phone case from Daraz,Shopping
Cleared Maintenance fee annual payment,Bills
Renewed Steam purchase annual plan,Entertainment
Shopping for Sunglasses for birthday gift,Shopping
Shopping for Perfume for birthday gift,Shopping
Booked local garage Uber ride,Transport
Purchased Comic book annual plan,Entertainment
Bought Milkshake takeaway,Food
Subscribed to Streaming service from Xbox Game Pass,Entertainment
Breakfast at Starbucks Coffee,Food
Recharged Fuel station to college,Transport
Took a gas station Pathao ride,Transport
Purchased new shopping center Jeans,Shopping
Bedsheet for August,Shopping
Helmet purchase - petrol pump,Transport
Bought Hospital bill from local clinic,Health
Had Foodmandu Chicken curry,Food
Socks from Daraz,Shopping
Grabbed Ice cream from Bajeko Sekuwa,Food
Streaming service - Amazon Prime,Entertainment
Bought Thesis printing from local college,Education
Bought YouTube Premium from Xbox Game Pass,Entertainment
Monthly insurance company WiFi payment,Bills
Took a Metro card recharge for weekend trip,Transport
Paid for Board game from Steam,Entertainment
Monthly Water tank refill for the apartment,Bills
Went for Doctor appointment routine visit,Health
Booked Comic book from local cinema,Entertainment
Bought local cinema Comic book,Entertainment
Took a Tootle Flight ticket,Transport
Subscribed to E-book purchase premium plan,Entertainment
Ordered restaurant Chicken curry,Food
Renewed Board game with friends,Entertainment
Bowling session for December,Entertainment
Fuel station to hospital,Transport
Recharged Toll fee,Transport
Board game - Steam,Entertainment
Renewed local cinema Bowling session,Entertainment
Bought library Stationery,Education
Pizza for August,Food
Pastry for February,Food
Had Eggs delivery order,Food
Cleared Insurance premium from utility company,Bills
Bought Disney+ Theatre ticket,Entertainment
Bought Wallet from boutique,Shopping
Ordered restaurant Bread,Food
Purchased Project materials from coaching center,Education
Monthly Phone bill for the apartment,Bills
Purchased new boutique Phone case,Shopping
Recharged Toll fee airport transfer,Transport
Bought Project materials from local college,Education
Cleared telecom provider Maintenance fee,Bills
Paid for Comic book from Disney+,Entertainment
Purchased Pathao ride to the mall,Transport
Bought Daraz Sunglasses,Shopping
Bought Curtains for office,Shopping
Purchased Concert ticket from PlayStation,Entertainment
Booked Cab fare from Sajha Yatayat,Transport
Settled landlord Water bill,Bills
Booked Bike fuel from Sajha Yatayat,Transport
Ordered Shoes for college,Shopping
Bought gym Vitamin supplements,Health
Monthly local ISP Apartment rent,Bills
Sunglasses online order,Shopping
Amazon Jacket,Shopping
InDrive Bike fuel,Transport
Subscribed to Steam purchase from YouTube,Entertainment
Used Car rental to college,Transport
Dinner at KFC Tea,Food
Purchased Tootle Bike wash,Transport
Took a Scooter rental for a trip,Transport
Video game purchase from Netflix,Entertainment
Maintenance fee - bank,Bills
Booked Amusement park ticket from Amazon Prime,Entertainment
Disney+ subscription - local cinema,Entertainment
Snack at Pizza Hut Eggs,Food
Bought Wow Momo Momo,Food
Purchased Pathao ride from Uber,Transport
Purchased Foodmandu Pancakes,Food
Purchased Netflix subscription family plan,Entertainment
Registered for university Seminar fee,Education
Refueled with Tootle Bike rental,Transport
Booked Sajha Yatayat Flight ticket,Transport
Paid for Internet bill from telecom provider,Bills
Booked Disney+ subscription monthly plan,Entertainment
Bought Amazon Prime Comic book,Entertainment
Thukpa for May,Food
Ordered Sunglasses online order,Shopping
Purchased new Daraz Cap,Shopping
Ride share for March,Transport
Ramen - hotel restaurant,Food
Registered for Workshop registration from coaching center,Education
Bought Board game premium plan,Entertainment
Socks for June,Shopping
Paid for Subway Coffee,Food
Dinner at Milkshake from McDonald's,Food
Bought outlet store Furniture piece,Shopping
Vaccination for November,Health
Took a Bike repair to office,Transport
Got a new Sweater from shopping center,Shopping
Amazon Prime Netflix subscription,Entertainment
Got a new shopping center Bedsheet,Shopping
Shopping for Furniture piece from outlet store,Shopping
Shopping for online store Laptop bag,Shopping
Shopping for Headphones for office,Shopping
Grabbed Coffee from Starbucks,Food
Steak - McDonald's,Food
Purchased new Daraz Socks,Shopping
Bought Chowmein at office,Food
Ordered Biryani with friends,Food
Purchased Fuel station to home,Transport
Ordered Amazon Charger,Shopping
Paid for Arcade tokens from Amazon Prime,Entertainment
Subscribed to E-book purchase annual plan,Entertainment
Shopping for boutique Bag,Shopping
Cooking oil - cafe,Food
Bought PlayStation Plus from PlayStation,Entertainment
Bought boutique Wallet,Shopping
Bought cafe Kebab,Food
Streaming service premium plan,Entertainment
Renewed Netflix Cinema ticket,Entertainment
Booked local cinema Cinema ticket,Entertainment
Paid for Disney+ subscription family plan,Entertainment
Fried chicken - McDonald's,Food
Snack at Waffles,Food
Shopping for Bag for office,Shopping
Paid for gas station Toll fee,Transport
Amazon Perfume,Shopping
Took a Taxi fare to college,Transport
Monthly Monthly rent from telecom provider,Bills
Booked Painkillers from local clinic,Health
boutique Power bank,Shopping
Registered for university Coaching class fee,Education
Took out Ice cream from Subway,Food
Car rental for February,Transport
Purchased Netflix YouTube Premium,Entertainment
Paid for campus canteen Thukpa,Food
Paid College supplies from library,Education
Ordered Daraz Kitchenware,Shopping
Paid Credit card payment for the apartment,Bills
Breakfast at Vegetables,Food
Booked Pathao ride for a trip,Transport
gas station Taxi fare,Transport
Paid for Karaoke night from Amazon Prime,Entertainment
Paid for Gaming subscription from PlayStation,Entertainment
Grabbed Ice cream from Subway,Food
Had Foodmandu Dal bhat,Food
Sandwich for April,Food
Toll fee for November,Transport
Settled local ISP Credit card payment,Bills
Paid for Painkillers from pharmacy,Health
Bought Jeans from boutique,Shopping
Metro card recharge,Transport
Taxi fare for February,Transport
Purchased Snacks on the way home,Food
Snack at Grilled fish during break,Food
Registered for Seminar fee from university,Education
Recharged Car service airport transfer,Transport
Enrolled in coaching center College tuition,Education
online store Bag,Shopping
Ordered Belt for college,Shopping
Purchased new Necklace seasonal sale,Shopping
Booked Netflix subscription family plan,Entertainment
Subscribed to YouTube Music album,Entertainment
Bought Amazon Prime membership from Spotify,Entertainment
Ramen - street food stall,Food
Shopping for Electronics gadget from shopping center,Shopping
Recharged Tire replacement to college,Transport
Ride share for September,Transport
Shopping for Cap,Shopping
Shopping for local mall Cap,Shopping
Used Bike wash for weekend trip,Transport
Went for Gym membership from pharmacy,Health
Took out Donuts from Burger King,Food
Daraz Shoes,Shopping
Tea for December,Food
Purchased Movie ticket from local cinema,Entertainment
Monthly Insurance premium this month,Bills
Subscribed to Netflix subscription from YouTube,Entertainment
Went for Health insurance premium routine visit,Health
Visited for Hospital bill follow-up visit,Health
Paid for Furniture piece seasonal sale,Shopping
Cleared Garbage collection fee from utility company,Bills
Paid local college Project materials,Education
Visited for diagnostic center Pharmacy purchase,Health
Took a Pathao ride from local garage,Transport
Paid Apartment rent from local ISP,Bills
Purchased local college Programming course,Education
Bought Jacket online order,Shopping
Renewed Gaming subscription from Spotify,Entertainment
Booked Medicine from wellness center,Health
Furniture piece for July,Shopping
Bought diagnostic center Doctor appointment,Health
Recharged Petrol downtown,Transport
Settled landlord Home loan installment,Bills
Refueled with Tootle Car rental,Transport
Snack at Tea,Food
Got a new Power bank seasonal sale,Shopping
Used Diesel from local garage,Transport
Dinner at Bajeko Sekuwa Milk,Food
Stand-up comedy show for July,Entertainment
Paid for YouTube Karaoke night,Entertainment
Purchased Project materials from Coursera,Education
Renewed Amazon Prime Amusement park ticket,Entertainment
Purchased new shopping center Sunglasses,Shopping
Took out Sandwich from KFC,Food
Snack at Milkshake from Pizza Hut,Food
Ordered French fries at office,Food
Car rental - gas station,Transport
Subscribed to Bowling session family plan,Entertainment
Ordered Amazon Curtains,Shopping
Grabbed hotel restaurant Dal bhat,Food
Purchased Spotify YouTube Premium,Entertainment
Purchased new Socks for college,Shopping
Theatre ticket - Spotify,Entertainment
Breakfast at Soup from Starbucks,Food
Snack at Ice cream from Wow Momo,Food
Booked Pharmacy purchase routine visit,Health
Vehicle insurance - Pathao,Transport
Paid for Amazon Prime Comic book,Entertainment
Purchased Spotify subscription from local cinema,Entertainment
Arcade tokens - YouTube,Entertainment
Momo - hotel restaurant,Food
Paid for Pathao Bike repair,Transport
Breakfast at Pizza from KFC,Food
Kitchenware for March,Shopping
Pasta - food court,Food
Paid for Gaming subscription,Entertainment
Went for Surgery cost from local clinic,Health
Monthly insurance company Property tax,Bills
Purchased gas station Uber ride,Transport
Refueled with Parking fee for a trip,Transport
Bought Jacket from boutique,Shopping
Bought X-ray,Health
Paid for Biryani from food court,Food
Paid for Painkillers from gym,Health
Ordered Burger from Pizza Hut,Food
Pancakes - food court,Food
Got a new Curtains from boutique,Shopping
boutique Makeup kit,Shopping
Subscribed to local cinema Steam purchase,Entertainment
Recharged Bus ticket to office,Transport
Visited for Lab test follow-up visit,Health
Got a new Earrings from shopping center,Shopping
Paid for utility company Cable TV bill,Bills
Paid for Painkillers from hospital,Health
Purchased Pastry from Foodmandu,Food
Dinner at Milk from KFC,Food
Purchased new Charger from online store,Shopping
Booked gas station Car service,Transport
Soup - Foodmandu,Food
Paid for local clinic Surgery cost,Health
Registered for Udemy Thesis printing,Education
Subscribed to Amazon Prime Amazon Prime membership,Entertainment
Grabbed hotel restaurant Eggs,Food
Purchased new Furniture piece from Amazon,Shopping
Paid for Biryani,Food
Renewed Disney+ E-book purchase,Entertainment
Paid for gym Hospital bill,Health
Used petrol pump Scooter rental,Transport
Purchased PlayStation Plus annual plan,Entertainment
Went for wellness center Vaccination,Health
Ordered Perfume from outlet store,Shopping
Shoes for August,Shopping
Bought Spotify Concert ticket,Entertainment
Purchased university Library fine,Education
Paid for Electricity bill from insurance company,Bills
Paid for Flight ticket,Transport
Paid for online store Headphones,Shopping
Breakfast at Pancakes during break,Food
Shopping for Makeup kit from shopping center,Shopping
Paid for Helmet purchase to office,Transport
Renewed Disney+ Streaming service,Entertainment
Dinner at KFC Soup,Food
Cleared bank Property tax,Bills
Shirt seasonal sale,Shopping
Ordered Soup from hotel restaurant,Food
Cleared telecom provider Water bill,Bills
Doctor appointment for January,Health
Purchased Tea from KFC,Food
Snack at cafe Juice,Food
Settled House rent from local ISP,Bills
Booked Car service from Uber,Transport
Bought College fee this semester,Education
Booked Netflix Concert ticket,Entertainment
Vehicle insurance - Sajha Yatayat,Transport
Had cafe Milk,Food
Settled Electricity bill from utility company,Bills
Renewed Bowling session monthly plan,Entertainment
Bought Bedsheet,Shopping
Bought Burger,Food
Paid for Sajha Yatayat Ride share,Transport
Bike wash - InDrive,Transport
Took a Bus ticket from local garage,Transport
Dinner at Dal bhat from Bajeko Sekuwa,Food
Bought Amazon Sunglasses,Shopping
Went for Medicine follow-up visit,Health
Spotify subscription - Disney+,Entertainment
Lunch at Donuts on the way home,Food
Booked Uber Parking fee,Transport
Registered for College tuition from Udemy,Education
Enrolled in Udemy Lab fee,Education
Purchased Karaoke night from local cinema,Entertainment
Paid for Steam purchase from Steam,Entertainment
Paid for hospital Surgery cost,Health
Paid for Water tank refill for the house,Bills
Cap for February,Shopping
Had Donuts from Bajeko Sekuwa,Food
Registered for Stationery this semester,Education
local mall Socks,Shopping
Bedsheet for May,Shopping
Bought Jacket seasonal sale,Shopping
Cleared landlord Insurance premium,Bills
Went for Health checkup from local clinic,Health
Had Subway Vegetables,Food
Lunch at Burger King Pancakes,Food
Dinner at McDonald's Milkshake,Food
Purchased Disney+ subscription from Amazon Prime,Entertainment
Visited for Yoga class fee from wellness center,Health
Booked Taxi fare from local garage,Transport
Booked local garage Cab fare,Transport
Purchased Coursera Thesis printing,Education
Booked E-book purchase from PlayStation,Entertainment
E-book purchase - local cinema,Entertainment
Used gas station Uber ride,Transport
Shopping for online store Necklace,Shopping
Lunch at Donuts from dhaba,Food
Paid for Disney+ Video game purchase,Entertainment
Took a Taxi fare from local garage,Transport
Got a new online store Socks,Shopping
Burger for March,Food
Purchased Project materials for the workshop,Education
Bought Netflix subscription annual plan,Entertainment
Cab fare - Pathao,Transport
Purchased Streaming service monthly plan,Entertainment
Settled Garbage collection fee from local ISP,Bills
Enrolled in School books from Udemy,Education
Bought local college Stationery,Education
Booked Comic book from Xbox Game Pass,Entertainment
Socks for November,Shopping
Wallet for July,Shopping
Purchased new outlet store Sunglasses,Shopping
Breakfast at Cooking oil from cafe,Food
Ramen for September,Food
Paid for Netflix Theatre ticket,Entertainment
Taxi fare from gas station,Transport
Took out Cake for the party,Food
Booked Arcade tokens from Spotify,Entertainment
Shopping for Electronics gadget for office,Shopping
Concert ticket for March,Entertainment
Paid for wellness center Painkillers,Health
Subscribed to PlayStation Amazon Prime membership,Entertainment
Lunch at dhaba Dumplings,Food
Booked Dental appointment from hospital,Health
Samosa for November,Food
Bought online store T-shirt,Shopping
Bought Lab test checkup,Health
Paid Certification exam for the course,Education
Sunglasses from online store,Shopping
Falafel - food court,Food
Arcade tokens for June,Entertainment
Took a Bike wash for weekend trip,Transport
Booked Health checkup routine visit,Health
Shopping for Jeans from outlet store,Shopping
Cinema ticket from YouTube,Entertainment
Purchased new Makeup kit for college,Shopping
Took a petrol pump Flight ticket,Transport
Took a Tire replacement from InDrive,Transport
Purchased new boutique Sweater,Shopping
Ordered Pizza Hut Falafel,Food
Booked YouTube Amusement park ticket,Entertainment
Refueled with InDrive Vehicle insurance,Transport
Settled Credit card payment for the apartment,Bills
Registered for Thesis printing from Coursera,Education
Took a Tootle Pathao ride,Transport
Earrings - shopping center,Shopping
Cooking oil for April,Food
Purchased hotel restaurant Sandwich,Food
Steak - hotel restaurant,Food
Theatre ticket from PlayStation,Entertainment
Registered for Thesis printing from local college,Education
Subscribed to Netflix Concert ticket,Entertainment
Laptop bag online order,Shopping
Paid for Fruits,Food
boutique Laptop bag,Shopping
Bought Disney+ subscription with friends,Entertainment
Burger - KFC,Food
House rent for June,Bills
Netflix Video game purchase,Entertainment
Shoes - Daraz,Shopping
Karaoke night for October,Entertainment
Snack at Kebab,Food
Cleared NEA Apartment rent,Bills
Paid for InDrive Toll fee,Transport
Phone bill - landlord,Bills
Settled Credit card payment from NEA,Bills
Booked Bike rental from Pathao,Transport
Shopping for boutique Earrings,Shopping
Took a Petrol to hospital,Transport
Groceries - Foodmandu,Food
Monthly NEA Loan EMI,Bills
Used petrol pump Parking fee,Transport
Refueled with Parking fee from local garage,Transport
Paid for Jeans from Amazon,Shopping
Purchased Toll fee downtown,Transport
Recharged Bus ticket from gas station,Transport
Purchased Fried rice from KFC,Food
Ride share for December,Transport
E-book purchase - PlayStation,Entertainment
Booked pharmacy Pharmacy purchase,Health
Took a Flight ticket airport transfer,Transport
Got a new Umbrella for office,Shopping
Pathao Bike repair,Transport
Paid for Dental appointment from pharmacy,Health
Booked Diesel from Tootle,Transport
Purchased E-book purchase from Spotify,Entertainment
Purchased University fee for the workshop,Education
Painkillers for September,Health
Spotify subscription from YouTube,Entertainment
Bought Streaming service family plan,Entertainment
Bought Netflix subscription family plan,Entertainment
Paid for hospital Hospital bill,Health
Refueled with Tootle Pathao ride,Transport
Registered for Coursera Lab fee,Education
Shopping for boutique Watch,Shopping
Belt for office,Shopping
Bought YouTube Gaming subscription,Entertainment
Purchased Sajha Yatayat Fuel station,Transport
Pathao ride for November,Transport
Fuel station - petrol pump,Transport
Bought Dental appointment checkup,Health
Ordered boutique Perfume,Shopping
Electronics gadget for April,Shopping
Ordered shopping center Perfume,Shopping
Registered for Seminar fee from bookstore,Education
Electronics gadget for October,Shopping
Bought local clinic Yoga class fee,Health
Netflix subscription from Spotify,Entertainment
Booked Cinema ticket family plan,Entertainment
Bought pharmacy Physiotherapy session,Health
Booked Auto rickshaw fare for weekend trip,Transport
Paid for hospital Medical bill,Health
Paid Library fine from library,Education
Used Bike repair airport transfer,Transport
Used Uber Auto rickshaw fare,Transport
Cleared Loan EMI for the apartment,Bills
Phone case from online store,Shopping
Monthly bank Property tax,Bills
Monthly local ISP Society fee,Bills
Paid for Mobile recharge annual payment,Bills
Got a new online store Sunglasses,Shopping
Purchased Scooter rental,Transport
Paid for T-shirt for college,Shopping
Purchased College fee this semester,Education
T-shirt - Amazon,Shopping
shopping center Laptop bag,Shopping
Purchased new Sweater,Shopping
Hot dog for February,Food
Bought university School books,Education
Monthly bank Maintenance fee,Bills
Enrolled in bookstore Online course,Education
Electronics gadget from outlet store,Shopping
E-book purchase from PlayStation,Entertainment
Took out Bajeko Sekuwa Soup,Food
Enrolled in Thesis printing from Udemy,Education
Renewed PlayStation Concert ticket,Entertainment
Bought wellness center Vitamin supplements,Health
Subscribed to Steam purchase annual plan,Entertainment
Renewed Streaming service from local cinema,Entertainment
local mall Makeup kit,Shopping
Cab fare for weekend trip,Transport
Ordered Pizza after work,Food
Dinner at Chowmein for the party,Food
Bought Perfume from boutique,Shopping
Burger for December,Food
Paid for Milkshake with friends,Food
Enrolled in Study materials from local college,Education
Theatre ticket for November,Entertainment
Recharged local garage Flight ticket,Transport
Charger - Daraz,Shopping
Bought Sneakers online order,Shopping
Purchased Bike rental to the mall,Transport
Dinner at dhaba Vegetables,Food
Took out restaurant Dal bhat,Food
Helmet purchase from Uber,Transport
Milk - McDonald's,Food
Paid Udemy Textbooks,Education
Steam Music album,Entertainment
Got a new Sneakers online order,Shopping
Makeup kit for September,Shopping
Paid for hospital Doctor appointment,Health
Visited for Dental appointment from local clinic,Health
Purchased Coaching class fee annual fee,Education
Recharged Petrol to the mall,Transport
Registered for School books from local college,Education
Shoes for March,Shopping
Paid Software license for study from local college,Education
Breakfast at Steak takeaway,Food
Subscribed to Amazon Prime membership from Xbox Game Pass,Entertainment
Necklace from shopping center,Shopping
Monthly NEA Internet bill,Bills
Breakfast at Tea from food court,Food
Bike rental - gas station,Transport
Refueled with Vehicle insurance from gas station,Transport
Purchased Tire replacement from Tootle,Transport
Took out Grilled fish from Wow Momo,Food
Bought Steam Gaming subscription,Entertainment
Shopping for local mall Makeup kit,Shopping
Purchased local college College supplies,Education
Used Sajha Yatayat Metro card recharge,Transport
online store Backpack,Shopping
Grilled fish for October,Food
Settled Maintenance fee from telecom provider,Bills
Took out Taco,Food
Bought Bag from outlet store,Shopping
Ordered Pizza Hut Thukpa,Food
Steam purchase premium plan,Entertainment
Paid Credit card payment for the house,Bills
Booked Toll fee to the mall,Transport
Amazon Prime membership from PlayStation,Entertainment
Burger - Wow Momo,Food
Registered for library Certification exam,Education
Snack at Sandwich from Bajeko Sekuwa,Food
Dinner at Biryani,Food
Paid for Lab test monthly,Health
Monthly Garbage collection fee for the apartment,Bills
Purchased Flight ticket from Uber,Transport
Ordered Falafel during break,Food
Booked Movie ticket with friends,Entertainment
Subscribed to Steam Comic book,Entertainment
Paid Society fee for the apartment,Bills
Took out Steak,Food
Purchased local college Stationery,Education
Recharged Bus ticket from petrol pump,Transport
Used Fuel station from Tootle,Transport
Socks from boutique,Shopping
Bought Blood test routine visit,Health
Paid for hotel restaurant Milkshake,Food
Bought Theatre ticket,Entertainment
Recharged gas station Ride share,Transport
Recharged Pathao ride to the mall,Transport
Paid Library fine this semester,Education
Ordered Donuts from campus canteen,Food
Bought Amazon Prime membership from local cinema,Entertainment
Cab fare to the mall,Transport
Used Car service for a trip,Transport
Paid for Uber Bike wash,Transport
Recharged Bus ticket from Sajha Yatayat,Transport
Purchased new Umbrella from online store,Shopping
Purchased Tootle Vehicle insurance,Transport
Renewed Amusement park ticket family plan,Entertainment
Enrolled in bookstore Textbooks,Education
Booked PlayStation Disney+ subscription,Entertainment
Visited for local clinic Medicine,Health
Booked Music album,Entertainment
Took a Bike fuel,Transport
Bought Necklace,Shopping
Subscribed to Arcade tokens weekend outing,Entertainment
Dinner at Dumplings from restaurant,Food
Monthly Apartment rent annual payment,Bills
Got a new Daraz Makeup kit,Shopping
Bought Hospital bill emergency visit,Health
Perfume for July,Shopping
Booked Arcade tokens from Disney+,Entertainment
Renewed E-book purchase with friends,Entertainment
Booked Uber ride for a trip,Transport
Had food court Fruits,Food
Ordered Dal bhat,Food
Enrolled in local college Workshop registration,Education
YouTube Video game purchase,Entertainment
Purchased Netflix subscription from Disney+,Entertainment
Paid for Laptop bag,Shopping
Shopping for Amazon Bedsheet,Shopping
Paid for Donuts from Bajeko Sekuwa,Food
Snack at Burrito from food court,Food
Purchased new Amazon Perfume,Shopping
Enrolled in Stationery for the course,Education
Bought Earrings from local mall,Shopping
Purchased new Socks seasonal sale,Shopping
Renewed Xbox Game Pass Theatre ticket,Entertainment
Registered for Coursera Project materials,Education
Booked Disney+ Movie ticket,Entertainment
Purchased street food stall Tea,Food
Registered for Library fine for the workshop,Education
Ordered Vegetables at college,Food
Paid for Train ticket from Tootle,Transport
Paid university Thesis printing,Education
Purchased Spotify subscription from Disney+,Entertainment
Renewed Music album from PlayStation,Entertainment
Enrolled in local college Exam fee,Education
Enrolled in University fee from local college,Education
Settled landlord Credit card payment,Bills
Grabbed Chowmein delivery order,Food
Used Car rental downtown,Transport
Booked PlayStation Plus from Xbox Game Pass,Entertainment
Purchased Petrol airport transfer,Transport
Bought Sweater seasonal sale,Shopping
Paid for Earrings,Shopping
Used Sajha Yatayat Bike fuel,Transport
Paid for Stand-up comedy show from Xbox Game Pass,Entertainment
Paid for Theatre ticket from local cinema,Entertainment
Purchased Bike fuel airport transfer,Transport
Took out Tea during break,Food
Took a Pathao Petrol,Transport
Used Diesel from petrol pump,Transport
Used Train ticket from local garage,Transport
Scooter rental for February,Transport
Dental appointment for February,Health
Fuel station - InDrive,Transport
Recharged Scooter rental from local garage,Transport
Cleared Loan EMI for the house,Bills
Recharged Bike repair to hospital,Transport
Purchased Bajeko Sekuwa Dumplings,Food
Monthly Phone bill from utility company,Bills
Paid for Streaming service annual plan,Entertainment
Took a Toll fee from petrol pump,Transport
Registered for University fee annual fee,Education
Got a new Bag from outlet store,Shopping
Subscribed to Board game from PlayStation,Entertainment
Purchased Fried rice with family,Food
Bought Curtains online order,Shopping
Amazon Prime membership - Steam,Entertainment
Took out Pasta from Foodmandu,Food
Bought Karaoke night monthly plan,Entertainment
Refueled with InDrive Car rental,Transport
Used Toll fee from gas station,Transport
Purchased new Phone case from shopping center,Shopping
Power bank from shopping center,Shopping
Went for Pharmacy purchase from wellness center,Health
Paid utility company Loan EMI,Bills
Booked Taxi fare from Pathao,Transport
Bought Perfume,Shopping
Ordered Daraz Sneakers,Shopping
Cleared Mobile recharge from bank,Bills
Purchased new outlet store Curtains,Shopping
Purchased Burger from Bajeko Sekuwa,Food
Shopping for Sneakers from shopping center,Shopping
Monthly Internet bill from telecom provider,Bills
Took out Pasta with family,Food
Shopping for Phone case online order,Shopping
Refueled with Train ticket from Tootle,Transport
Breakfast at Steak for the party,Food
Took out French fries after work,Food
Subscribed to Netflix subscription from Xbox Game Pass,Entertainment
Took a Toll fee to hospital,Transport
Took out Sushi,Food
Paid for Music album from Amazon Prime,Entertainment
Refueled with Parking fee from Uber,Transport
Got a new Umbrella from shopping center,Shopping
Paid for Thukpa from cafe,Food
Soup - Wow Momo,Food
InDrive Bike wash,Transport
Paid for Doctor appointment from diagnostic center,Health
Bought Amusement park ticket from Xbox Game Pass,Entertainment
Auto rickshaw fare from Tootle,Transport
Electronics gadget from boutique,Shopping
Paid for InDrive Uber ride,Transport
Ordered Charger for college,Shopping
Took a Diesel from Tootle,Transport
Bought Bowling session family plan,Entertainment
Lunch at McDonald's Chicken curry,Food
Breakfast at Donuts at office,Food
Shopping for local mall Necklace,Shopping
Dinner at Smoothie on the way home,Food
Bought Kebab,Food
Momo - Foodmandu,Food
Purchased new Daraz Bag,Shopping
Got a new Amazon T-shirt,Shopping
Karaoke night weekend outing,Entertainment
Refueled with Uber Helmet purchase,Transport
Shopping for Sweater seasonal sale,Shopping
Refueled with Train ticket from local garage,Transport
Grabbed Pizza Hut French fries,Food
Paid for petrol pump Bike wash,Transport
Paid for Bowling session from YouTube,Entertainment
Had restaurant Dal bhat,Food
Curtains for college,Shopping
Settled Cable TV bill from NEA,Bills
Enrolled in Coursera College tuition,Education
Donuts for January,Food
Paid for Electricity bill from landlord,Bills
Paid for Train ticket to the mall,Transport
Snacks - Burger King,Food
Paid for Netflix subscription from Steam,Entertainment
Purchased Streaming service from Amazon Prime,Entertainment
Seminar fee for October,Education
Visited for Hospital bill from gym,Health
Used petrol pump Bus ticket,Transport
Paid for Electronics gadget online order,Shopping
Diesel to home,Transport
WiFi payment for June,Bills
Recharged Uber ride from gas station,Transport
Renewed Theatre ticket from Steam,Entertainment
Booked Disney+ E-book purchase,Entertainment
Lunch at dhaba Eggs,Food
Registered for bookstore Thesis printing,Education
Got a new Sneakers from Daraz,Shopping
Took a Fuel station downtown,Transport
Bought Wow Momo Milk,Food
Booked Music album weekend outing,Entertainment
Paid for Cap from online store,Shopping
Got a new Sweater from Amazon,Shopping
Got a new Backpack from Amazon,Shopping
Paid for Video game purchase from YouTube,Entertainment
Arcade tokens for December,Entertainment
YouTube Amusement park ticket,Entertainment
PlayStation Plus from local cinema,Entertainment
Registered for university University fee,Education
Paid for Streaming service from PlayStation,Entertainment
Booked Comic book from PlayStation,Entertainment
Paid for Steam purchase weekend outing,Entertainment
Booked Tootle Bike rental,Transport
Arcade tokens - Steam,Entertainment
Enrolled in bookstore Software license for study,Education
Paid for Daraz Kitchenware,Shopping
Booked Amazon Prime Stand-up comedy show,Entertainment
Purchased Workshop registration for the course,Education
Purchased Uber Cab fare,Transport
Paid for Diesel from Uber,Transport
Train ticket from Sajha Yatayat,Transport
Paid Gas cylinder from insurance company,Bills
Paid for Medicine from local clinic,Health
Bought Vegetables,Food
Went for gym Surgery cost,Health
Paid utility company Credit card payment,Bills
Eggs - KFC,Food
Purchased E-book purchase monthly plan,Entertainment
Recharged Pathao ride downtown,Transport
Purchased new Laptop bag from local mall,Shopping
Purchased Spotify subscription premium plan,Entertainment
Paid Garbage collection fee from telecom provider,Bills
Used Scooter rental airport transfer,Transport
Shopping for online store Jacket,Shopping
Burger - McDonald's,Food
Paid for Cake from cafe,Food
Bought Karaoke night from Netflix,Entertainment
Booked Netflix Music album,Entertainment
Monthly rent - landlord,Bills
Got a new Watch,Shopping
Paid for PlayStation Arcade tokens,Entertainment
Purchased food court Donuts,Food
Ordered Fruits at college,Food
Paid for Electricity bill from utility company,Bills
Recharged Uber ride to home,Transport
Monthly Internet bill from local ISP,Bills
Visited for X-ray routine visit,Health
Bought Domino's Sandwich,Food
Makeup kit - online store,Shopping
Paid House rent quarterly payment,Bills
Purchased new Sweater for birthday gift,Shopping
Lunch at restaurant Pastry,Food
Got a new local mall T-shirt,Shopping
Settled Gas cylinder annual payment,Bills
Booked InDrive Vehicle insurance,Transport
Paid Maintenance fee from utility company,Bills
Purchased Steam purchase from Netflix,Entertainment
Enrolled in Coursera Seminar fee,Education
Shopping for Daraz Watch,Shopping
petrol pump Fuel station,Transport
Bought T-shirt from online store,Shopping
Subscribed to local cinema PlayStation Plus,Entertainment
Paid for Loan EMI from insurance company,Bills
Bought Phone case from boutique,Shopping
Lunch at Chicken curry takeaway,Food
Shopping for Charger seasonal sale,Shopping
Monthly Mobile recharge from insurance company,Bills
Chowmein for February,Food
Grabbed Grilled fish from McDonald's,Food
Purchased Video game purchase from Xbox Game Pass,Entertainment
Took out Ramen,Food
Seminar fee for February,Education
Visited for Vitamin supplements from pharmacy,Health
Paid for Comic book from YouTube,Entertainment
Had Soup from Domino's,Food
Train ticket - Sajha Yatayat,Transport
Dosa - restaurant,Food
Paid for Hospital bill from local clinic,Health
Fried rice for August,Food
Refueled with Tire replacement downtown,Transport
Purchased Fuel station from gas station,Transport
Lunch at Starbucks Bread,Food
Purchased Uber Train ticket,Transport
Paid for Dal bhat from Subway,Food
Bought shopping center Watch,Shopping
Purchased Board game premium plan,Entertainment
Dinner at Snacks during break,Food
Sunglasses for February,Shopping
Renewed Disney+ subscription from Spotify,Entertainment
Board game - Netflix,Entertainment
Subscribed to Bowling session monthly plan,Entertainment
Spotify subscription premium plan,Entertainment
Ordered Bag from local mall,Shopping
Purchased Netflix subscription from Xbox Game Pass,Entertainment
Power bank - boutique,Shopping
Purchased Coursera School books,Education
Perfume for April,Shopping
Bought Workshop registration annual fee,Education
Purchased new Sneakers from shopping center,Shopping
Booked Bike wash to home,Transport
Got a new boutique Makeup kit,Shopping
Ordered boutique Socks,Shopping
Pathao ride to office,Transport
Amusement park ticket from local cinema,Entertainment
Booked Spotify subscription premium plan,Entertainment
Recharged gas station Petrol,Transport
Subscribed to local cinema Bowling session,Entertainment
Bedsheet,Shopping
Got a new Sunglasses online order,Shopping
Paid for hospital Painkillers,Health
Purchased Disney+ PlayStation Plus,Entertainment
Cleared Phone bill from landlord,Bills
Paid for Jeans online order,Shopping
Took out Salad from local bakery,Food
Blood test for January,Health
Furniture piece from online store,Shopping
Bought Dental treatment checkup,Health
Paid NEA Water bill,Bills
Refueled with Toll fee from gas station,Transport
Enrolled in Coursera School books,Education
Renewed PlayStation Spotify subscription,Entertainment
Paid for Daraz Shoes,Shopping
Pathao ride for June,Transport
Shopping for Bedsheet for office,Shopping
Purchased Taxi fare from local garage,Transport
Paid for InDrive Parking fee,Transport
Backpack from local mall,Shopping
Grabbed restaurant Salad,Food
Paid for Toll fee airport transfer,Transport
Vaccination,Health
Paid for local ISP Electricity bill,Bills
Enrolled in Project materials from bookstore,Education
Booked pharmacy Dental appointment,Health
Snack at Cooking oil,Food
Recharged Tootle Taxi fare,Transport
Bought Udemy Lab fee,Education
Belt online order,Shopping
Breakfast at Snacks with family,Food
Bus ticket for May,Transport
Toll fee from Sajha Yatayat,Transport
Booked local clinic Medical bill,Health
Cleared utility company Credit card payment,Bills
Purchased library Software license for study,Education
Ride share to the mall,Transport
Fruits for January,Food
Grilled fish for July,Food
Snack at food court Biryani,Food
Bought PlayStation Plus from YouTube,Entertainment
Bought Arcade tokens from Xbox Game Pass,Entertainment
Watch - Amazon,Shopping
Paid for Sajha Yatayat Pathao ride,Transport
Bought Furniture piece from Amazon,Shopping
Bought Steam Music album,Entertainment
Shopping for Power bank for birthday gift,Shopping
Bought Netflix subscription from Steam,Entertainment
Bought Burger King Bubble tea,Food
Snack at Thukpa,Food
Purchased Flight ticket to home,Transport
Renewed Stand-up comedy show from PlayStation,Entertainment
Pizza - Starbucks,Food
Paid landlord Phone bill,Bills
Ordered cafe Steak,Food
Scooter rental - Sajha Yatayat,Transport
Had Dal bhat,Food
Credit card payment for December,Bills
Gaming subscription from Spotify,Entertainment
Paid for Cooking oil with family,Food
Milk - KFC,Food
Purchased Bus ticket airport transfer,Transport
Subscribed to Disney+ subscription from Spotify,Entertainment
Paid for Physiotherapy session from diagnostic center,Health
Paid for Grilled fish,Food
Bought Stand-up comedy show from Disney+,Entertainment
Purchased Auto rickshaw fare from Tootle,Transport
Jeans from local mall,Shopping
Bought College tuition from library,Education
Purchased new Backpack from Daraz,Shopping
Purchased Chicken curry,Food
Ride share - InDrive,Transport
Renewed Disney+ YouTube Premium,Entertainment
Took out Chowmein from Subway,Food
Streaming service for June,Entertainment
Paid for Eggs,Food
Disney+ subscription - Amazon Prime,Entertainment
Paid for Amusement park ticket monthly plan,Entertainment
Grabbed Waffles,Food
Shoes for October,Shopping
Paid for Movie ticket from Steam,Entertainment
Paid for Headphones from online store,Shopping
Necklace for office,Shopping
Purchased new Makeup kit from Daraz,Shopping
Paid for Shirt seasonal sale,Shopping
Paid for Smoothie,Food
Purchased Bowling session from Spotify,Entertainment
Purchased Xbox Game Pass Spotify subscription,Entertainment
Visited for hospital Painkillers,Health
Momo - restaurant,Food
Purchased Karaoke night from PlayStation,Entertainment
Snack at food court Chowmein,Food
Subscribed to local cinema E-book purchase,Entertainment
Auto rickshaw fare - Tootle,Transport
Petrol for July,Transport
Booked X-ray follow-up visit,Health
Paid for Belt seasonal sale,Shopping
Cap from shopping center,Shopping
Paid Textbooks from Coursera,Education
Paid for telecom provider Insurance premium,Bills
Makeup kit - boutique,Shopping
Movie ticket weekend outing,Entertainment
Snack at French fries,Food
Booked Amazon Prime membership,Entertainment
Ordered restaurant Soup,Food
Paid for Pathao Taxi fare,Transport
Headphones online order,Shopping
Paid for Blood test follow-up visit,Health
Bought Umbrella from boutique,Shopping
Shopping for shopping center Electronics gadget,Shopping
Visited for Surgery cost from diagnostic center,Health
Refueled with Pathao ride from Sajha Yatayat,Transport
Booked Fuel station downtown,Transport
Subscribed to Karaoke night premium plan,Entertainment
Bubble tea for June,Food
Recharged Bike rental for weekend trip,Transport
Purchased Helmet purchase from Sajha Yatayat,Transport
Used Pathao Tire replacement,Transport
Cleared Credit card payment from local ISP,Bills
Paid landlord WiFi payment,Bills
Purchased new online store Socks,Shopping
Purchased new Shoes from outlet store,Shopping
Movie ticket - local cinema,Entertainment
Took out Pancakes,Food
Purchased Fuel station to college,Transport
Dinner at Sandwich at office,Food
Vegetables for February,Food
Purchased Flight ticket airport transfer,Transport
Credit card payment for February,Bills
Soup for June,Food
Shopping for Headphones from boutique,Shopping
Snack at Pancakes from food court,Food
Shopping for Earrings from boutique,Shopping
Booked Painkillers from wellness center,Health
Bought YouTube YouTube Premium,Entertainment
Monthly landlord Water bill,Bills
Booked Train ticket for a trip,Transport
Grabbed Momo for the party,Food
Shopping for Cap seasonal sale,Shopping
Booked Fuel station to the mall,Transport
Breakfast at food court Pasta,Food
Shopping for Shoes from outlet store,Shopping
Bought Momo takeaway,Food
Grabbed Kebab,Food
Cleared Phone bill for the apartment,Bills
Booked Steam Comic book,Entertainment
Dinner at street food stall Milkshake,Food
Purchased new boutique Watch,Shopping
Bike wash for August,Transport
Ordered KFC Ice cream,Food
Vegetables for July,Food
Had Coffee at office,Food
Paid for Stand-up comedy show family plan,Entertainment
Paid for Pharmacy purchase emergency visit,Health
Car rental for June,Transport
Got a new Furniture piece from online store,Shopping
Purchased Falafel from Wow Momo,Food
Bought Xbox Game Pass Music album,Entertainment
Paid for Pathao ride to hospital,Transport
Board game with friends,Entertainment
Bought Bag,Shopping
Refueled with Bike wash to college,Transport
Curtains - shopping center,Shopping
Grabbed Taco from campus canteen,Food
Shopping for Perfume from outlet store,Shopping
Paid for gas station Tire replacement,Transport
Bought Video game purchase from local cinema,Entertainment
Breakfast at dhaba Pasta,Food
Refueled with Bike wash to office,Transport
Had food court Ramen,Food
outlet store Jacket,Shopping
Medicine - local clinic,Health
Got a new Earrings from Daraz,Shopping
Got a new T-shirt for office,Shopping
Got a new boutique Curtains,Shopping
Paid for Ice cream from campus canteen,Food
Purchased local cinema Gaming subscription,Entertainment
Paid for Xbox Game Pass Streaming service,Entertainment
Bought Daraz Socks,Shopping
Cleared Maintenance fee for the apartment,Bills
Tire replacement for March,Transport
Purchased Sajha Yatayat Parking fee,Transport
Paid for Movie ticket annual plan,Entertainment
Belt - online store,Shopping
Monthly Maintenance fee quarterly payment,Bills
Purchased Steak from Subway,Food
Dinner at Fruits from McDonald's,Food
Amusement park ticket - Disney+,Entertainment
Paid School books from bookstore,Education
Bought Exam fee from Coursera,Education
Purchased Burger King Coffee,Food
Steam purchase from YouTube,Entertainment
Charger - boutique,Shopping
Recharged Parking fee to college,Transport
Petrol for March,Transport
YouTube Premium - Disney+,Entertainment
Bought Umbrella from online store,Shopping
Paid for Jacket for birthday gift,Shopping
Monthly Credit card payment for the apartment,Bills
Booked Auto rickshaw fare from Tootle,Transport
Ordered Subway Fried rice,Food
Bike rental for May,Transport
Breakfast at Steak from local bakery,Food
Renewed Disney+ Steam purchase,Entertainment
Electricity bill for January,Bills
Biryani - KFC,Food
Settled Gas cylinder quarterly payment,Bills
Ordered Daraz Bag,Shopping
Cleared bank WiFi payment,Bills
Ordered Wow Momo Rice bag,Food
Milkshake for October,Food
Sushi - KFC,Food
Uber Car service,Transport
Breakfast at Milk from food court,Food
Used local garage Bike fuel,Transport
Enrolled in Lab fee for the course,Education
Chicken curry - local bakery,Food
Paid for Sunglasses from local mall,Shopping
Recharged Train ticket to college,Transport
Monthly Society fee from bank,Bills
Subscribed to Amusement park ticket premium plan,Entertainment
Paid for Belt from Amazon,Shopping
Booked InDrive Ride share,Transport
Paid for Parking fee from Uber,Transport
Settled WiFi payment from bank,Bills
Paid for local clinic Health checkup,Health
Bought Steam Karaoke night,Entertainment
Booked Taxi fare downtown,Transport
Paid for Curtains for college,Shopping
Used Bus ticket to home,Transport
Had Wow Momo Snacks,Food
University fee for July,Education
Shopping for Headphones from local mall,Shopping
Refueled with Uber Bike wash,Transport
Purchased Bike rental from Pathao,Transport
Purchased new boutique Sneakers,Shopping
Used Flight ticket,Transport
Booked Vaccination checkup,Health
Salad - Wow Momo,Food
Toll fee,Transport
Booked Gaming subscription,Entertainment
T-shirt - online store,Shopping
Ride share - Sajha Yatayat,Transport
Took a Pathao Train ticket,Transport
Took a Flight ticket for a trip,Transport
Took a Car rental from Pathao,Transport
Bought Amusement park ticket from Disney+,Entertainment
Breakfast at KFC Burrito,Food
Gaming subscription from Xbox Game Pass,Entertainment
Registered for Study materials from library,Education
Bought Chowmein from McDonald's,Food
Recharged Flight ticket from local garage,Transport
Shopping for Backpack from online store,Shopping
Purchased Netflix Karaoke night,Entertainment
boutique T-shirt,Shopping
Took a Uber Bike wash,Transport
Bought Taco,Food
Thukpa - Foodmandu,Food
Paid for Steak,Food
Concert ticket from Disney+,Entertainment
Paid for Earrings from Daraz,Shopping
Health checkup for August,Health
Booked Ride share from Uber,Transport
Grabbed Grilled fish,Food
Disney+ subscription - YouTube,Entertainment
Breakfast at Cooking oil from campus canteen,Food
Bought local college Workshop registration,Education
Purchased Sandwich with family,Food
Hot dog - local bakery,Food
Board game for October,Entertainment
Dinner at Chowmein after work,Food
Paid Water tank refill quarterly payment,Bills
Booked Tootle Vehicle insurance,Transport
Got a new Charger from shopping center,Shopping
Visited for diagnostic center Lab test,Health
Auto rickshaw fare for June,Transport
Visited for local clinic Yoga class fee,Health
Dinner at Eggs,Food
Breakfast at KFC Dosa,Food
Purchased Ice cream,Food
Paid for T-shirt seasonal sale,Shopping
Had Chicken curry from cafe,Food
Pharmacy purchase for October,Health
Bought Amazon Belt,Shopping
Cable TV bill for April,Bills
Ride share airport transfer,Transport
Breakfast at Ice cream,Food
Subscribed to Arcade tokens premium plan,Entertainment
Took out Donuts from cafe,Food
Booked Karaoke night from Spotify,Entertainment
Paid landlord Maintenance fee,Bills
Paid for petrol pump Car rental,Transport
Purchased Train ticket from Pathao,Transport
Booked Arcade tokens,Entertainment
Booked Spotify Netflix subscription,Entertainment
Dinner at campus canteen Pancakes,Food
Cleared Cable TV bill quarterly payment,Bills
Paid for Noodles,Food
Bedsheet - outlet store,Shopping
Taco - campus canteen,Food
Train ticket from Tootle,Transport
Theatre ticket for December,Entertainment
Paid for Curtains from online store,Shopping
Milkshake - Wow Momo,Food
Purchased Pancakes after work,Food
Monthly bank Water bill,Bills
Booked Netflix YouTube Premium,Entertainment
Purchased PlayStation Plus family plan,Entertainment
Steam purchase for March,Entertainment
Renewed local cinema Karaoke night,Entertainment
Enrolled in Coaching class fee from coaching center,Education
Enrolled in Online course for the course,Education
Booked gas station Ride share,Transport
Booked Tootle Petrol,Transport
Ride share - petrol pump,Transport
Took a Pathao Vehicle insurance,Transport
Got a new online store Belt,Shopping
Paid for Disney+ subscription with friends,Entertainment
Paid for Arcade tokens from Spotify,Entertainment
Bought local clinic Blood test,Health
Kitchenware for June,Shopping
Subscribed to Netflix Cinema ticket,Entertainment
Booked Pathao Fuel station,Transport
Scooter rental - InDrive,Transport
Renewed Movie ticket family plan,Entertainment
Smoothie - Burger King,Food
Bought Bag from local mall,Shopping
Paid for PlayStation Disney+ subscription,Entertainment
Bought Watch from Amazon,Shopping
Got a new Makeup kit from shopping center,Shopping
Comic book from Disney+,Entertainment
Amazon T-shirt,Shopping
Booked Pathao ride from gas station,Transport
Purchased Netflix subscription annual plan,Entertainment
Paid for restaurant Bubble tea,Food
Shopping for Electronics gadget from Daraz,Shopping
Paid Water tank refill from telecom provider,Bills
Pancakes for August,Food
Paid for Music album premium plan,Entertainment
Refueled with Pathao ride to hospital,Transport
Paid for petrol pump Pathao ride,Transport
Bought Coaching class fee from university,Education
Shopping for outlet store Makeup kit,Shopping
Took out Burger King Falafel,Food
Car rental to office,Transport
Purchased Concert ticket from Steam,Entertainment
Pastry - Subway,Food
Metro card recharge from petrol pump,Transport
Booked Stand-up comedy show from Xbox Game Pass,Entertainment
Exam fee for July,Education
Cleared Maintenance fee from NEA,Bills
Bought local clinic Eye checkup,Health
Paid Monthly rent from telecom provider,Bills
Snack at Foodmandu Burrito,Food
Bought local college Textbooks,Education
Paid for Snacks from Foodmandu,Food
Renewed Steam Comic book,Entertainment
Ride share for July,Transport
Paid for Tootle Pathao ride,Transport
Had Foodmandu Pastry,Food
Charger for birthday gift,Shopping
Monthly Electricity bill quarterly payment,Bills
Lunch at Noodles for the party,Food
Used Bike rental downtown,Transport
Booked Sajha Yatayat Fuel station,Transport
Enrolled in Coaching class fee from local college,Education
Bike repair - Uber,Transport
Snack at Domino's Snacks,Food
Paid for street food stall Samosa,Food
Purchased new shopping center Earrings,Shopping
Renewed Karaoke night from Steam,Entertainment
Grabbed food court Snacks,Food
Paid for local garage Bus ticket,Transport
Enrolled in School books for the course,Education
Booked Bike rental,Transport
Ordered Milkshake,Food
Paid for Bike wash to college,Transport
Power bank - Amazon,Shopping
Purchased Bike repair,Transport
Ice cream - Domino's,Food
Subscribed to Comic book from Disney+,Entertainment
Went for Health insurance premium checkup,Health
Soup - dhaba,Food
Shoes online order,Shopping
Enrolled in Certification exam from library,Education
Recharged Tootle Bike wash,Transport
Noodles - KFC,Food
Paid Lab fee from local college,Education
Cab fare - gas station,Transport
Fried rice - McDonald's,Food
online store Shoes,Shopping
Cleared Apartment rent from insurance company,Bills
Subscribed to Xbox Game Pass Bowling session,Entertainment
Paid for Sunglasses online order,Shopping
Snack at Burger King Kebab,Food
Went for Painkillers checkup,Health
Got a new Daraz Socks,Shopping
Used Metro card recharge airport transfer,Transport
Bought shopping center Wallet,Shopping
Purchased YouTube Video game purchase,Entertainment
Purchased new shopping center Sneakers,Shopping
Bought Movie ticket,Entertainment
Shopping for Laptop bag from outlet store,Shopping
Bought shopping center Headphones,Shopping
Shopping for outlet store Headphones,Shopping
Refueled with Uber Parking fee,Transport
Registered for Lab fee from bookstore,Education
Bought Amazon Prime Movie ticket,Entertainment
Paid for Helmet purchase from InDrive,Transport
Furniture piece - boutique,Shopping
Bought Starbucks Steak,Food
Recharged Uber Fuel station,Transport
Snack at Hot dog from Domino's,Food
gas station Petrol,Transport
Ordered outlet store Necklace,Shopping
Took a Tootle Car rental,Transport
Purchased Pathao ride from local garage,Transport
Home loan installment - utility company,Bills
Monthly Garbage collection fee quarterly payment,Bills
Curtains - Amazon,Shopping
Recharged Pathao Fuel station,Transport
Purchased Coursera Stationery,Education
Lunch at Burger from local bakery,Food
Paid for Health insurance premium from wellness center,Health
Bedsheet - Daraz,Shopping
Arcade tokens for August,Entertainment
Purchased library College tuition,Education
Purchased Starbucks Thukpa,Food
Refueled with Parking fee from Pathao,Transport
Paid for Vehicle insurance airport transfer,Transport
Paid for Uber Pathao ride,Transport
Paid for Headphones seasonal sale,Shopping
Burrito - cafe,Food
Society fee for June,Bills
Lunch at Dal bhat with family,Food
Settled local ISP Water tank refill,Bills
local cinema Board game,Entertainment
Paid for Bajeko Sekuwa Steak,Food
Refueled with Train ticket from gas station,Transport
Got a new Cap for office,Shopping
Paid for Flight ticket for a trip,Transport
Subscribed to Stand-up comedy show monthly plan,Entertainment
Took a Bike wash,Transport
Recharged gas station Auto rickshaw fare,Transport
Purchased University fee from library,Education
Took a Tootle Bike wash,Transport
Bought Socks from boutique,Shopping
Bought wellness center Health checkup,Health
Paid WiFi payment from local ISP,Bills
Shopping for Shoes seasonal sale,Shopping
Cleared Apartment rent from NEA,Bills
Booked Netflix Video game purchase,Entertainment
Board game monthly plan,Entertainment
Grabbed Pizza Hut Dal bhat,Food
Bought local mall Sunglasses,Shopping
Purchased Uber Bike repair,Transport
Booked Sajha Yatayat Ride share,Transport
Went for Physiotherapy session from gym,Health
Booked Metro card recharge from Tootle,Transport
Paid local college Coaching class fee,Education
Purchased Waffles from Domino's,Food
Pizza for June,Food
shopping center Bedsheet,Shopping
Stand-up comedy show - local cinema,Entertainment
Settled utility company House rent,Bills
Cinema ticket,Entertainment
Cleared utility company Loan EMI,Bills
Steak for October,Food
Bought Medicine from diagnostic center,Health
Paid for local cinema Amazon Prime membership,Entertainment
Bought boutique Socks,Shopping
Shoes seasonal sale,Shopping
Fried rice - food court,Food
Helmet purchase downtown,Transport
Registered for coaching center Study materials,Education
Hospital bill for January,Health
Went for Blood test from pharmacy,Health
Refueled with Tire replacement from local garage,Transport
Recharged Sajha Yatayat Ride share,Transport
Breakfast at Vegetables on the way home,Food
Board game from YouTube,Entertainment
Exam fee for June,Education
Bought Umbrella online order,Shopping
Purchased Pizza Hut Ice cream,Food
Booked Pathao Bus ticket,Transport
Went for diagnostic center Yoga class fee,Health
Subscribed to Music album from Steam,Entertainment
Paid for local mall Belt,Shopping
Booked local garage Taxi fare,Transport
Booked InDrive Metro card recharge,Transport
Subscribed to Xbox Game Pass Concert ticket,Entertainment
Refueled with Tire replacement to hospital,Transport
Bought Doctor appointment monthly,Health
Video game purchase annual plan,Entertainment
Ordered Laptop bag from Daraz,Shopping
Renewed Amusement park ticket from Spotify,Entertainment
Paid telecom provider Water tank refill,Bills
Booked Painkillers checkup,Health
Got a new local mall Earrings,Shopping
Breakfast at Samosa from Wow Momo,Food
Karaoke night for January,Entertainment
Purchased local garage Metro card recharge,Transport
Registered for Study materials from local college,Education
Ordered Fruits from Domino's,Food
Paid for Painkillers checkup,Health
Booked Toll fee to office,Transport
Dinner at Dosa for the party,Food
Paid for Maintenance fee from local ISP,Bills
Registered for Software license for study from local college,Education
Bought local college Programming course,Education
Settled NEA Cable TV bill,Bills
French fries - food court,Food
Recharged Taxi fare,Transport
Used gas station Toll fee,Transport
Paid Programming course from local college,Education
Purchased new Perfume online order,Shopping
Uber ride to the mall,Transport
Dinner at KFC Samosa,Food
Bike wash from gas station,Transport
Breakfast at Subway Thukpa,Food
Visited for hospital Dental treatment,Health
Bought diagnostic center Vaccination,Health
Booked Bike rental from Sajha Yatayat,Transport
Lunch at Chicken curry at office,Food
local garage Bike repair,Transport
Paid for online store Socks,Shopping
Purchased Netflix Movie ticket,Entertainment
Took a Helmet purchase from Uber,Transport
Recharged Bike rental to hospital,Transport
Renewed Amusement park ticket annual plan,Entertainment
Ordered street food stall Ramen,Food
Paid Monthly rent from NEA,Bills
Toll fee for June,Transport
Recharged Metro card recharge from Tootle,Transport
Refueled with Auto rickshaw fare from petrol pump,Transport
Medical bill for January,Health
Vehicle insurance for February,Transport
Vegetables - Foodmandu,Food
Train ticket - gas station,Transport
Paid for YouTube Stand-up comedy show,Entertainment
Shopping for T-shirt from Daraz,Shopping
Renewed Disney+ Stand-up comedy show,Entertainment
Helmet purchase for March,Transport
Booked wellness center Surgery cost,Health
Paid for gas station Bike repair,Transport
Bought Video game purchase,Entertainment
Booked hospital Health checkup,Health
Kitchenware for August,Shopping
Paid for insurance company House rent,Bills
Bought Phone case for office,Shopping
Monthly Cable TV bill from local ISP,Bills
Ordered Makeup kit for office,Shopping
Booked Spotify subscription monthly plan,Entertainment
shopping center Electronics gadget,Shopping
French fries - Subway,Food
Bought Painkillers from local clinic,Health
Got a new Kitchenware for birthday gift,Shopping
Booked Streaming service with friends,Entertainment
Purchased Tootle Car service,Transport
Bought restaurant Milk,Food
Petrol downtown,Transport
Booked Parking fee from Tootle,Transport
Breakfast at Tea,Food
Bought Coffee from cafe,Food
Purchased Scooter rental from Tootle,Transport
Bought Arcade tokens family plan,Entertainment
Purchased University fee for the course,Education
Metro card recharge from gas station,Transport
Cleared insurance company Society fee,Bills
Paid for Bowling session annual plan,Entertainment
Paid for Uber Vehicle insurance,Transport
Took out Biryani from Foodmandu,Food
Bought Certification exam from university,Education
Used gas station Helmet purchase,Transport
Juice - Starbucks,Food
Used Sajha Yatayat Bike wash,Transport
Sushi for February,Food
Took out Foodmandu Noodles,Food
Sweater for February,Shopping
Paid for Society fee from telecom provider,Bills
Ordered Sweater from Daraz,Shopping
Ordered Fried rice delivery order,Food
Recharged InDrive Bike rental,Transport
Paid for Makeup kit seasonal sale,Shopping
Purchased InDrive Helmet purchase,Transport
Recharged Train ticket from local garage,Transport
Paid WiFi payment this month,Bills
Purchased Bike rental to college,Transport
Purchased new Headphones seasonal sale,Shopping
Took a Metro card recharge from Sajha Yatayat,Transport
Bought Painkillers from pharmacy,Health
X-ray for October,Health
Settled Internet bill from bank,Bills
Recharged Uber ride,Transport
Shopping for Sunglasses from local mall,Shopping
Cooking oil - food court,Food
Necklace for September,Shopping
Bike wash for January,Transport
Purchased College tuition from bookstore,Education
Used Bike wash to hospital,Transport
Recharged Ride share,Transport
Paid bank Insurance premium,Bills
Board game,Entertainment
Recharged Pathao ride for weekend trip,Transport
Paid for outlet store Socks,Shopping
Had Thukpa from dhaba,Food
Booked Bike wash from gas station,Transport
Paid for Groceries,Food
Purchased Bus ticket from Tootle,Transport
Visited for Pharmacy purchase from hospital,Health
Used Fuel station to hospital,Transport
Got a new Kitchenware for college,Shopping
Took a Sajha Yatayat Ride share,Transport
Ordered Jacket from Daraz,Shopping
Pathao ride for July,Transport
Used Tootle Flight ticket,Transport
Paid for Charger seasonal sale,Shopping
Took a Metro card recharge from gas station,Transport
Socks,Shopping
Paid for outlet store Power bank,Shopping
Paid for Vehicle insurance from Sajha Yatayat,Transport
Had Taco,Food
Enrolled in Project materials this semester,Education
Kitchenware from online store,Shopping
Lunch at Soup from local bakery,Food
Refueled with Metro card recharge from gas station,Transport
Used Uber ride from petrol pump,Transport
Purchased Disney+ Board game,Entertainment
Paid for Tootle Train ticket,Transport
Purchased Fruits from Starbucks,Food
Grabbed Foodmandu Chicken curry,Food
Got a new Sweater from online store,Shopping
Curtains for August,Shopping
Pastry - Wow Momo,Food
Steak for May,Food
Purchased Dal bhat after work,Food
Bought coaching center Certification exam,Education
Paid Textbooks from university,Education
Paid for food court Dumplings,Food
Paid Workshop registration from local college,Education
Bought coaching center College fee,Education
Paid insurance company Cable TV bill,Bills
Paid House rent from telecom provider,Bills
Took out cafe Cake,Food
Settled telecom provider House rent,Bills
Paid for Train ticket from Uber,Transport
Parking fee - Pathao,Transport
Subscribed to Theatre ticket from Disney+,Entertainment
Grabbed Fruits on the way home,Food
Paid for Headphones online order,Shopping
Ordered Umbrella from local mall,Shopping
Ordered Chowmein from Foodmandu,Food
Paid for Smoothie at office,Food
Ordered Snacks,Food
Renewed PlayStation Karaoke night,Entertainment
Purchased Bike rental,Transport
Settled Insurance premium from utility company,Bills
Textbooks for November,Education
Bought Stand-up comedy show weekend outing,Entertainment
Took out Cake from hotel restaurant,Food
Booked Car service from Sajha Yatayat,Transport
Bought Music album annual plan,Entertainment
Recharged Metro card recharge for weekend trip,Transport
Streaming service for January,Entertainment
Subscribed to YouTube PlayStation Plus,Entertainment
Fruits for May,Food
Had Dal bhat from Domino's,Food
Paid for Netflix Stand-up comedy show,Entertainment
Breakfast at street food stall Fried chicken,Food
Sweater - Amazon,Shopping
Ordered shopping center Jeans,Shopping
Paid bank Loan EMI,Bills
Purchased Concert ticket from Xbox Game Pass,Entertainment
Monthly Electricity bill from bank,Bills
Had Donuts for the party,Food
Paid for Bag seasonal sale,Shopping
Recharged Metro card recharge to home,Transport
Got a new Daraz Sneakers,Shopping
Settled WiFi payment from utility company,Bills
Bought Study materials for the workshop,Education
Dinner at Waffles from street food stall,Food
Snack at Pancakes during break,Food
Music album for July,Entertainment
Paid for food court Ramen,Food
Purchased new Jeans for birthday gift,Shopping
Breakfast at Burger King Burger,Food
Bought Gaming subscription premium plan,Entertainment
Netflix subscription - local cinema,Entertainment
Purchased Salad during break,Food
Paid for Spotify Stand-up comedy show,Entertainment
Sneakers,Shopping
Paid Workshop registration annual fee,Education
Bought Theatre ticket from Netflix,Entertainment
Bought E-book purchase annual plan,Entertainment
PlayStation Plus for August,Entertainment
Paid for Streaming service,Entertainment
Booked local garage Pathao ride,Transport
Subscribed to YouTube E-book purchase,Entertainment
Subscribed to Amusement park ticket monthly plan,Entertainment
Enrolled in Certification exam from Coursera,Education
Sandwich - restaurant,Food
Amusement park ticket family plan,Entertainment
Used Car rental for a trip,Transport
Recharged Bus ticket from Tootle,Transport
Purchased Cab fare to the mall,Transport
Refueled with local garage Train ticket,Transport
Ordered dhaba Smoothie,Food
Ordered Perfume from local mall,Shopping
Grabbed Domino's Burrito,Food
Registered for College supplies from bookstore,Education
Video game purchase for June,Entertainment
Paid university Library fine,Education
Paid NEA Loan EMI,Bills
Had Grilled fish with friends,Food
Got a new Phone case online order,Shopping
Booked X-ray emergency visit,Health
Paid College supplies from coaching center,Education
Paid for Pathao ride from Tootle,Transport
Registered for local college Certification exam,Education
Renewed E-book purchase family plan,Entertainment
Cab fare for a trip,Transport
Recharged Helmet purchase from gas station,Transport
Cleared landlord Loan EMI,Bills
Recharged local garage Bus ticket,Transport
Bought Shoes for birthday gift,Shopping
Rice bag - Wow Momo,Food
Used InDrive Car service,Transport
Socks seasonal sale,Shopping
Purchased Parking fee from Sajha Yatayat,Transport
Bag for July,Shopping
Snack at Grilled fish,Food
Paid for Property tax from insurance company,Bills
Paid for Waffles after work,Food
Breakfast at Kebab from KFC,Food
Paid for InDrive Bike rental,Transport
Shopping for Makeup kit from local mall,Shopping
Paid for Gaming subscription from Steam,Entertainment
Purchased Vegetables at office,Food
Amusement park ticket from Xbox Game Pass,Entertainment
Paid for Music album,Entertainment
Bought Disney+ Spotify subscription,Entertainment
Grabbed dhaba Momo,Food
Visited for Gym membership from hospital,Health
Purchased new Phone case from local mall,Shopping
Booked Arcade tokens annual plan,Entertainment
Refueled with Parking fee to college,Transport
Used Fuel station from Sajha Yatayat,Transport
Purchased new Sunglasses online order,Shopping
Subscribed to Stand-up comedy show family plan,Entertainment
Paid for Charger for college,Shopping
Took a petrol pump Parking fee,Transport
Booked Pharmacy purchase monthly,Health
Settled Water bill for the apartment,Bills
Monthly House rent from bank,Bills
Subscribed to Spotify YouTube Premium,Entertainment
Booked petrol pump Bike wash,Transport
Ordered online store Bedsheet,Shopping
Renewed local cinema Board game,Entertainment
Cleared insurance company Property tax,Bills
Went for Medicine emergency visit,Health
Cleared NEA Maintenance fee,Bills
Enrolled in Udemy Textbooks,Education
Paid for Tootle Bike repair,Transport
Purchased Vegetables during break,Food
Shopping for Jeans for office,Shopping
Paid for Video game purchase monthly plan,Entertainment
Tire replacement for December,Transport
Furniture piece online order,Shopping
Purchased University fee from coaching center,Education
Visited for local clinic Physiotherapy session,Health
Paid for Daraz Belt,Shopping
Got a new local mall Watch,Shopping
Bought Thesis printing from Coursera,Education
Parking fee,Transport
PlayStation Plus - Amazon Prime,Entertainment
Curtains from local mall,Shopping
Paid for boutique Socks,Shopping
Recharged Scooter rental from InDrive,Transport
Took a Bike fuel from gas station,Transport
Paid College tuition annual fee,Education
Cab fare for November,Transport
Purchased Netflix subscription weekend outing,Entertainment
Bowling session for March,Entertainment
Bike wash from Pathao,Transport
Enrolled in Seminar fee from bookstore,Education
Paid for Physiotherapy session from local clinic,Health
Pancakes - Bajeko Sekuwa,Food
Booked Steam purchase premium plan,Entertainment
Enrolled in local college Software license for study,Education
YouTube Premium for August,Entertainment
Snack at restaurant Ramen,Food
Tootle Bike wash,Transport
Breakfast at Bread at college,Food
Subscribed to Steam Amusement park ticket,Entertainment
Had dhaba Fruits,Food
Paid for Laptop bag for college,Shopping
Movie ticket - Disney+,Entertainment
Shopping for Necklace from Daraz,Shopping
Eggs for September,Food
Paid for Socks from shopping center,Shopping
Registered for Seminar fee from Coursera,Education
Bought Karaoke night with friends,Entertainment
Ordered Dosa,Food
Renewed Netflix subscription from Xbox Game Pass,Entertainment
Purchased Coursera Exam fee,Education
Purchased local garage Helmet purchase,Transport
Paid for Sajha Yatayat Parking fee,Transport
Laptop bag from online store,Shopping
Bought Health insurance premium monthly,Health
Lunch at hotel restaurant Cooking oil,Food
Charger - Amazon,Shopping
Grabbed restaurant Rice bag,Food
Purchased university Workshop registration,Education
Registered for College fee from Coursera,Education
Sweater for October,Shopping
Bought local cinema PlayStation Plus,Entertainment
Paid for Cinema ticket from Spotify,Entertainment
Home loan installment for April,Bills
Bought local college Project materials,Education
Tire replacement for February,Transport
Took a local garage Tire replacement,Transport
Necklace - online store,Shopping
Bike fuel from gas station,Transport
Paid for Streaming service from local cinema,Entertainment
Had Fruits from street food stall,Food
Samosa for December,Food
Bought PlayStation Streaming service,Entertainment
Bought Programming course for the workshop,Education
Bought Cinema ticket from local cinema,Entertainment
Bought restaurant Dal bhat,Food
Paid Programming course for the workshop,Education
Video game purchase with friends,Entertainment
Ordered Electronics gadget from local mall,Shopping
Dinner at cafe Milkshake,Food
Had Ice cream from local bakery,Food
Ordered Wow Momo Grilled fish,Food
Took a Uber ride airport transfer,Transport
Paid NEA Apartment rent,Bills
Subscribed to Movie ticket annual plan,Entertainment
Bought Dosa,Food
Had Foodmandu French fries,Food
Paid for Necklace from boutique,Shopping
Purchased Concert ticket monthly plan,Entertainment
Bowling session - Steam,Entertainment
Refueled with local garage Fuel station,Transport
Purchased new Belt from local mall,Shopping
Purchased Udemy College supplies,Education
Phone bill for June,Bills
Fuel station to office,Transport
Bus ticket for February,Transport
Bought Physiotherapy session routine visit,Health
Paid for Cake,Food
Fruits - Starbucks,Food
Grabbed Waffles from Wow Momo,Food
Registered for coaching center College supplies,Education
Bought YouTube Karaoke night,Entertainment
Got a new T-shirt from Amazon,Shopping
Booked gas station Uber ride,Transport
Got a new Sweater for birthday gift,Shopping
Purchased Fuel station for a trip,Transport
Ordered Charger seasonal sale,Shopping
Cap from online store,Shopping
Bought Soup,Food
Renewed Movie ticket from Netflix,Entertainment
Dental appointment - gym,Health
Purchased Udemy Thesis printing,Education
Had Starbucks Pastry,Food
Lunch at street food stall Sandwich,Food
Breakfast at Sandwich at college,Food
Shopping for Curtains online order,Shopping
Car rental from Uber,Transport
Watch for January,Shopping
Used Car rental to hospital,Transport
Burrito for May,Food
Visited for Dental appointment emergency visit,Health
Paid for Petrol from local garage,Transport
Paid for Credit card payment this month,Bills
Breakfast at Noodles,Food
Ordered local mall Power bank,Shopping
Bought boutique Earrings,Shopping
Booked Yoga class fee monthly,Health
Bought Disney+ Karaoke night,Entertainment
Got a new Daraz Necklace,Shopping
Refueled with Car rental airport transfer,Transport
Tea - campus canteen,Food
outlet store Laptop bag,Shopping
Paid Project materials from university,Education
Shopping for Power bank from online store,Shopping
Had street food stall Snacks,Food
Went for Pharmacy purchase checkup,Health
Took a local garage Fuel station,Transport
Lunch at Chicken curry from Domino's,Food
Wallet online order,Shopping
Shoes - shopping center,Shopping
Booked Video game purchase from PlayStation,Entertainment
Paid for Uber ride to hospital,Transport
Purchased Ice cream with friends,Food
Ordered Steak from Pizza Hut,Food
Bowling session from PlayStation,Entertainment
Cleared landlord WiFi payment,Bills
Bought Chicken curry from dhaba,Food
Subscribed to Netflix Spotify subscription,Entertainment
Had street food stall Waffles,Food
Bought Biryani at college,Food
Headphones for office,Shopping
Refueled with Bike wash from gas station,Transport
Lunch at Chowmein from local bakery,Food
Paid for PlayStation Plus,Entertainment
Cleared WiFi payment annual payment,Bills
Paid College tuition from Coursera,Education
Got a new shopping center Socks,Shopping
Laptop bag - online store,Shopping
Booked Amazon Prime Movie ticket,Entertainment
Grabbed Donuts from Foodmandu,Food
Paid for Laptop bag from Daraz,Shopping
Eye checkup for November,Health
Recharged Pathao Scooter rental,Transport
Shopping for Perfume from boutique,Shopping
Took out Thukpa,Food
College fee - university,Education
Purchased PlayStation Plus from PlayStation,Entertainment
Cleared Phone bill from local ISP,Bills
Sajha Yatayat Auto rickshaw fare,Transport
Pathao Diesel,Transport
Registered for College supplies from Coursera,Education
Coaching class fee - university,Education
Salad - Burger King,Food
Netflix subscription for November,Entertainment
Bought Amazon Furniture piece,Shopping
Enrolled in Online course annual fee,Education
Booked Physiotherapy session monthly,Health
Bought Eggs from Domino's,Food
Purchased cafe Fruits,Food
Purchased university Programming course,Education
Paid for Vitamin supplements from pharmacy,Health
Purchased new Headphones,Shopping
Booked Bike rental airport transfer,Transport
Subscribed to Arcade tokens from Steam,Entertainment
Purchased new Amazon Cap,Shopping
Recharged Fuel station from Tootle,Transport
Recharged Car rental for a trip,Transport
Purchased Taxi fare from Tootle,Transport
Lunch at Wow Momo Bubble tea,Food
Online course for May,Education
Sweater - Daraz,Shopping
Vehicle insurance - petrol pump,Transport
Paid for online store Watch,Shopping
Snack at Donuts from Bajeko Sekuwa,Food
Bought Shoes from shopping center,Shopping
Bought Laptop bag for office,Shopping
Helmet purchase for June,Transport
Fruits - KFC,Food
Used local garage Bike repair,Transport
Steam purchase for May,Entertainment
Curtains for February,Shopping
Purchased Auto rickshaw fare to home,Transport
Curtains for March,Shopping
Paid for Dosa from Bajeko Sekuwa,Food
Purchased Cab fare from Sajha Yatayat,Transport
Dinner at Tea at office,Food
Purchased Comic book with friends,Entertainment
Paid for McDonald's Sushi,Food
Paid Maintenance fee from NEA,Bills
Paid for Yoga class fee routine visit,Health
Paid for Uber Parking fee,Transport
Enrolled in College fee for the course,Education
Booked Steam Theatre ticket,Entertainment
Paid for Toll fee from local garage,Transport
Paid for Jacket from Amazon,Shopping
Bought Netflix Music album,Entertainment
Makeup kit for August,Shopping
Booked Steam Netflix subscription,Entertainment
Purchased Netflix Cinema ticket,Entertainment
Sneakers - boutique,Shopping
Got a new Daraz Umbrella,Shopping
Pathao ride from Uber,Transport
Visited for Health checkup emergency visit,Health
Paid for Metro card recharge airport transfer,Transport
Umbrella - local mall,Shopping
Dinner at Foodmandu Snacks,Food
Visited for Gym membership from wellness center,Health
Yoga class fee for May,Health
Bought Spotify Board game,Entertainment
Paid for Burger from hotel restaurant,Food
Shopping for Electronics gadget seasonal sale,Shopping
Shopping for Earrings,Shopping
Got a new shopping center Electronics gadget,Shopping
Settled telecom provider Property tax,Bills
Had Dumplings from cafe,Food
Samosa - cafe,Food
Visited for pharmacy X-ray,Health
Lunch at Groceries,Food
Purchased Metro card recharge to college,Transport
Paid university Workshop registration,Education
Had Ice cream during break,Food
Paid for online store Kitchenware,Shopping
Dinner at Ramen takeaway,Food
Enrolled in Certification exam,Education
Ordered Sweater from outlet store,Shopping
Grabbed French fries from KFC,Food
Bought coaching center Thesis printing,Education
Purchased YouTube Premium annual plan,Entertainment
Paid for Home loan installment from NEA,Bills
Refueled with gas station Car rental,Transport
Had Fried chicken from KFC,Food
Used petrol pump Petrol,Transport
Bought hotel restaurant Milk,Food
Umbrella - Daraz,Shopping
Flight ticket to the mall,Transport
Paid Certification exam from Udemy,Education
Purchased coaching center School books,Education
Took a Tootle Bike fuel,Transport
Paid for Pizza Hut Vegetables,Food
Settled landlord Insurance premium,Bills
Garbage collection fee for July,Bills
Bag,Shopping
Cleared Property tax from NEA,Bills
Bought Xbox Game Pass Netflix subscription,Entertainment
Visited for X-ray checkup,Health
Board game - PlayStation,Entertainment
Subscribed to E-book purchase monthly plan,Entertainment
Paid telecom provider Electricity bill,Bills
Paid coaching center Library fine,Education
Subscribed to Xbox Game Pass Theatre ticket,Entertainment
Cleared Internet bill annual payment,Bills
Bought Belt for birthday gift,Shopping
Ice cream for May,Food
Refueled with Parking fee downtown,Transport
Bought Pancakes from street food stall,Food
Bought Jeans from shopping center,Shopping
Bought X-ray from local clinic,Health
Bought Spotify Spotify subscription,Entertainment
Bike wash - Pathao,Transport
Dumplings for July,Food
Paid NEA Monthly rent,Bills
Enrolled in coaching center College fee,Education
Went for Hospital bill follow-up visit,Health
Refueled with InDrive Bike repair,Transport
Booked Doctor appointment from gym,Health
Grabbed Pizza from Wow Momo,Food
Shoes from Daraz,Shopping
Purchased College supplies from bookstore,Education
Booked Gym membership from pharmacy,Health
Bought Concert ticket from Netflix,Entertainment
Lunch at Milkshake with family,Food
Paid for Jeans,Shopping
Ordered Watch from outlet store,Shopping
Ordered Earrings from online store,Shopping
Ice cream - Starbucks,Food
Milk - Subway,Food
Bought Concert ticket from Amazon Prime,Entertainment
Shoes for June,Shopping
Renewed Amazon Prime membership from local cinema,Entertainment
Paid for InDrive Auto rickshaw fare,Transport
Paid for local mall Necklace,Shopping
Purchased Spotify subscription weekend outing,Entertainment
Cleared Water bill from landlord,Bills
Paid Stationery from library,Education
Used local garage Bike rental,Transport
Amazon Umbrella,Shopping
Recharged Car rental airport transfer,Transport
Ordered Tea with family,Food
Settled Water tank refill from landlord,Bills
Toll fee - Pathao,Transport
Necklace for birthday gift,Shopping
Purchased Fruits from local bakery,Food
Bought Power bank from Daraz,Shopping
Bought Makeup kit from outlet store,Shopping
Purchased School books this semester,Education
Booked Car rental downtown,Transport
Got a new shopping center Earrings,Shopping
Used Bus ticket to the mall,Transport
Car service for July,Transport
Settled Apartment rent from insurance company,Bills
Cleared Society fee from NEA,Bills
Used Sajha Yatayat Bus ticket,Transport
Settled Mobile recharge from telecom provider,Bills
Tire replacement - Sajha Yatayat,Transport
Used Bike repair,Transport
Purchased Scooter rental from Pathao,Transport
Cleared Garbage collection fee annual payment,Bills
Paid for street food stall Kebab,Food
E-book purchase for October,Entertainment
Dinner at Pasta from Domino's,Food
Subscribed to Spotify subscription premium plan,Entertainment
Took a Car service from Uber,Transport
College fee for September,Education
Purchased Streaming service annual plan,Entertainment
Renewed Netflix Amazon Prime membership,Entertainment
Car rental from Pathao,Transport
Paid local ISP WiFi payment,Bills
Recharged Scooter rental airport transfer,Transport
Purchased Chicken curry on the way home,Food
Took a InDrive Vehicle insurance,Transport
Lunch at Noodles,Food
Went for Health checkup checkup,Health
Recharged Flight ticket to office,Transport
Paid for Movie ticket from local cinema,Entertainment
Lunch at Wow Momo Pasta,Food
Bike fuel to the mall,Transport
Purchased Bowling session monthly plan,Entertainment
Went for Health checkup monthly,Health
Uber ride - Pathao,Transport
Booked Health insurance premium from wellness center,Health
Refueled with Car service to home,Transport
Necklace for December,Shopping
Breakfast at Burger,Food
Monthly Internet bill annual payment,Bills
Snack at Waffles from KFC,Food
Used Train ticket from gas station,Transport
Paid for Amazon Prime membership annual plan,Entertainment
Water tank refill for February,Bills
Purchased Udemy College tuition,Education
Paid for restaurant Sushi,Food
Took a local garage Petrol,Transport
Groceries - restaurant,Food
Bought local college Lab fee,Education
Bought local bakery Pastry,Food
Paid for Car service from Tootle,Transport
Purchased new Curtains for birthday gift,Shopping
Ordered McDonald's Grilled fish,Food
Shopping for boutique Curtains,Shopping
Bought outlet store Sweater,Shopping
Recharged Sajha Yatayat Scooter rental,Transport
Enrolled in Coursera Coaching class fee,Education
Bought Juice,Food
Breakfast at Salad on the way home,Food
Purchased new Curtains from online store,Shopping
Had Sandwich during break,Food
Paid Home loan installment for the apartment,Bills
Bought Software license for study from local college,Education
Bought Cake,Food
Bike rental - local garage,Transport
Laptop bag - outlet store,Shopping
Amusement park ticket from YouTube,Entertainment
Visited for Painkillers monthly,Health
Paid for outlet store Bag,Shopping
Booked Xbox Game Pass Arcade tokens,Entertainment
Renewed Music album from Disney+,Entertainment
Subscribed to PlayStation Gaming subscription,Entertainment
Falafel for March,Food
Bought Gaming subscription with friends,Entertainment
Paid for Vehicle insurance from petrol pump,Transport
Cleared bank Electricity bill,Bills
Monthly landlord Mobile recharge,Bills
Amazon Prime Gaming subscription,Entertainment
Purchased Car service to college,Transport
Amazon Prime membership family plan,Entertainment
Snack at Vegetables from Foodmandu,Food
Paid for Pathao ride to the mall,Transport
Wallet from outlet store,Shopping
Subscribed to Netflix Comic book,Entertainment
Breakfast at Bajeko Sekuwa Pastry,Food
Purchased local college Seminar fee,Education
Got a new Bag,Shopping
Got a new Daraz Cap,Shopping
Subscribed to Amazon Prime Stand-up comedy show,Entertainment
Bought Library fine from Udemy,Education
Registered for Thesis printing from library,Education
Booked Pathao Parking fee,Transport
Refueled with Ride share downtown,Transport
Paid for Pathao ride from gas station,Transport
Paid for Wallet seasonal sale,Shopping
Purchased new Socks for office,Shopping
Enrolled in Stationery from Coursera,Education
local cinema Bowling session,Entertainment
Bought outlet store Cap,Shopping
Booked hospital X-ray,Health
Snack at Fried rice,Food
Visited for Gym membership from pharmacy,Health
Purchased Steam purchase from Disney+,Entertainment
Bought gym Blood test,Health
Subscribed to Steam purchase from Spotify,Entertainment
Burger - hotel restaurant,Food
Music album with friends,Entertainment
Used Flight ticket from Sajha Yatayat,Transport
Ordered Makeup kit online order,Shopping
Fuel station for May,Transport
Grabbed restaurant Milkshake,Food
Dinner at Donuts from food court,Food
Took a InDrive Metro card recharge,Transport
Settled utility company Water bill,Bills
Took a Uber ride from Sajha Yatayat,Transport
Charger,Shopping
Visited for wellness center Hospital bill,Health
Had Soup from hotel restaurant,Food
Karaoke night - Spotify,Entertainment
Bought Dental treatment from gym,Health
Purchased new Amazon Bag,Shopping
T-shirt - shopping center,Shopping
Subscribed to PlayStation Theatre ticket,Entertainment
Furniture piece - Amazon,Shopping
Breakfast at Noodles at office,Food
Shopping for Backpack online order,Shopping
Paid local ISP Gas cylinder,Bills
Enrolled in local college Textbooks,Education
Purchased Stand-up comedy show from Xbox Game Pass,Entertainment
Ordered Shirt from Daraz,Shopping
Paid library Online course,Education
Shopping for Sneakers seasonal sale,Shopping
Theatre ticket annual plan,Entertainment
Dinner at Vegetables with friends,Food
Electronics gadget - shopping center,Shopping
Ordered T-shirt from Daraz,Shopping
Renewed Bowling session annual plan,Entertainment
Purchased Certification exam this semester,Education
Paid telecom provider Water bill,Bills
Dal bhat for November,Food
Monthly local ISP Electricity bill,Bills
Kitchenware from local mall,Shopping
Cake - local bakery,Food
Purchased new Curtains for college,Shopping
Ramen - local bakery,Food
Paid local ISP Insurance premium,Bills
Bike fuel - Uber,Transport
Ordered Shoes from boutique,Shopping
Netflix subscription annual plan,Entertainment
Dinner at Starbucks Milkshake,Food
Paid for Bedsheet for office,Shopping
Bought Programming course from library,Education
Bought McDonald's Samosa,Food
Purchased Dal bhat from street food stall,Food
Booked Amazon Prime Cinema ticket,Entertainment
Purchased Lab fee from Coursera,Education
Used Bike repair for a trip,Transport
Enrolled in Textbooks from coaching center,Education
Dinner at Coffee on the way home,Food
Renewed Gaming subscription from Netflix,Entertainment
Ice cream for December,Food
Bread - hotel restaurant,Food
Grabbed Falafel,Food
Bought PlayStation Video game purchase,Entertainment
Ordered T-shirt from local mall,Shopping
Enrolled in coaching center Thesis printing,Education
Monthly Apartment rent from NEA,Bills
Purchased Cinema ticket from Amazon Prime,Entertainment
Scooter rental,Transport
Paid for boutique Power bank,Shopping
Paid for Bike wash from local garage,Transport
Registered for university College fee,Education
Snack at Pastry from Bajeko Sekuwa,Food
Refueled with Bus ticket for weekend trip,Transport
Paid for Maintenance fee from landlord,Bills
Purchased hotel restaurant Bread,Food
Purchased Pathao Taxi fare,Transport
Purchased Tootle Tire replacement,Transport
Steam Spotify subscription,Entertainment
Yoga class fee for July,Health
Paid for Amazon Prime Amusement park ticket,Entertainment
Paid for landlord Home loan installment,Bills
PlayStation Plus - Netflix,Entertainment
Paid for Sweater from Amazon,Shopping
Cleared Property tax for the apartment,Bills
Shopping for Laptop bag for college,Shopping
Bus ticket - petrol pump,Transport
Cinema ticket annual plan,Entertainment
Used Petrol downtown,Transport
Visited for Dental treatment checkup,Health
Netflix subscription - Amazon Prime,Entertainment
Paid for gas station Bike rental,Transport
Shopping for local mall Backpack,Shopping
Ordered street food stall Tea,Food
Subscribed to Disney+ subscription from Amazon Prime,Entertainment
Recharged Toll fee to hospital,Transport
Subscribed to Video game purchase,Entertainment
Purchased Stand-up comedy show annual plan,Entertainment
Paid for Netflix subscription weekend outing,Entertainment
Paid for petrol pump Diesel,Transport
Refueled with Metro card recharge downtown,Transport
Bought Kitchenware from shopping center,Shopping
Went for Lab test from pharmacy,Health
Paid for Petrol from InDrive,Transport
Earrings for September,Shopping
Pathao ride - local garage,Transport
Paid for PlayStation Plus monthly plan,Entertainment
Bought Comic book premium plan,Entertainment
Grabbed McDonald's Juice,Food
Cake - McDonald's,Food
Grabbed Smoothie after work,Food
Spotify subscription - local cinema,Entertainment
Settled Electricity bill from NEA,Bills
Got a new Charger from local mall,Shopping
Settled bank Mobile recharge,Bills
Perfume for May,Shopping
Paid Stationery from coaching center,Education
Registered for Exam fee for the course,Education
Used gas station Scooter rental,Transport
Visited for local clinic Medical bill,Health
Snack at Pastry delivery order,Food
Ordered Wallet for birthday gift,Shopping
Ordered local mall Furniture piece,Shopping
Renewed Amazon Prime Video game purchase,Entertainment
Visited for local clinic Vaccination,Health
Paid for Earrings from local mall,Shopping
Went for pharmacy Lab test,Health
Booked Gaming subscription from Steam,Entertainment
Settled Water tank refill from insurance company,Bills
Booked Board game weekend outing,Entertainment
Paid for InDrive Ride share,Transport
Purchased Disney+ Arcade tokens,Entertainment
Booked Fuel station to office,Transport
Booked Lab test from local clinic,Health
Used Taxi fare to the mall,Transport
Went for diagnostic center Dental appointment,Health
Sneakers for November,Shopping
Booked petrol pump Flight ticket,Transport
Purchased new Wallet,Shopping
Paid for Sneakers from boutique,Shopping
Subscribed to Bowling session with friends,Entertainment
Booked Dental treatment from pharmacy,Health
Subscribed to local cinema Spotify subscription,Entertainment
Took a Diesel to college,Transport
Paid for Spotify Amazon Prime membership,Entertainment
Lunch at Starbucks Vegetables,Food
Ride share for August,Transport
shopping center Backpack,Shopping
Necklace from local mall,Shopping
Ordered Noodles for the party,Food
Enrolled in Thesis printing from university,Education
Purchased Auto rickshaw fare airport transfer,Transport
Paid for Perfume from Daraz,Shopping
Eggs - Burger King,Food
Fuel station for August,Transport
Lab fee,Education
Workshop registration for August,Education
Took a Pathao Bike repair,Transport
Paid University fee from local college,Education
Renewed Karaoke night from Xbox Game Pass,Entertainment
Breakfast at Bread from Wow Momo,Food
Enrolled in Thesis printing for the workshop,Education
Breakfast at food court Samosa,Food
Went for Painkillers from hospital,Health
Bought Xbox Game Pass E-book purchase,Entertainment
Lunch at Thukpa,Food
Paid for local clinic Health insurance premium,Health
Got a new Makeup kit for office,Shopping
Bought Coursera Seminar fee,Education
Paid local ISP Property tax,Bills
Paid for PlayStation Plus from Steam,Entertainment
Bought Coursera Study materials,Education
Ordered outlet store Sweater,Shopping
Cleared Gas cylinder from local ISP,Bills
Bought boutique Sneakers,Shopping
Had Grilled fish with family,Food
Purchased Amazon Prime Concert ticket,Entertainment
Bought Power bank for office,Shopping
Bought Medicine from hospital,Health
Monthly utility company Apartment rent,Bills
Cinema ticket for May,Entertainment
Renewed Steam Spotify subscription,Entertainment
Shopping for Laptop bag for office,Shopping
Breakfast at Soup with family,Food
Ordered online store Cap,Shopping
Snack at Juice from local bakery,Food
Phone case for August,Shopping
Purchased Netflix Gaming subscription,Entertainment
Bought Xbox Game Pass Streaming service,Entertainment
Bought Online course from Udemy,Education
Renewed Steam purchase premium plan,Entertainment
Tootle Toll fee,Transport
Purchased Parking fee for a trip,Transport
Used Sajha Yatayat Diesel,Transport
Hot dog - Pizza Hut,Food
Breakfast at Dosa at college,Food
Visited for wellness center X-ray,Health
Booked Ride share from gas station,Transport
Sunglasses - Daraz,Shopping
Paid for Foodmandu Taco,Food
Booked Gym membership from hospital,Health
Rice bag for November,Food
Renewed PlayStation Plus from Disney+,Entertainment
Booked Doctor appointment emergency visit,Health
Used Helmet purchase to hospital,Transport
Settled NEA Apartment rent,Bills
Got a new Laptop bag seasonal sale,Shopping
Booked Surgery cost checkup,Health
Purchased Disney+ subscription family plan,Entertainment
Paid for landlord Phone bill,Bills
Used Pathao ride airport transfer,Transport
Paid for Yoga class fee from diagnostic center,Health
Settled bank Loan EMI,Bills
Credit card payment,Bills
Visited for Painkillers from diagnostic center,Health
Snack at restaurant Sandwich,Food
Pasta for November,Food
Cap - online store,Shopping
Paid for shopping center Headphones,Shopping
Used Bike fuel from Pathao,Transport
Breakfast at Ramen from KFC,Food
Refueled with Bike wash from Sajha Yatayat,Transport
Purchased Train ticket for weekend trip,Transport
Took a Auto rickshaw fare to office,Transport
Paid for outlet store Bedsheet,Shopping
Booked YouTube YouTube Premium,Entertainment
Registered for Textbooks from Coursera,Education
Got a new Sunglasses for college,Shopping
Subscribed to Video game purchase family plan,Entertainment
Registered for Textbooks from university,Education
Cab fare from InDrive,Transport
Paid for Karaoke night from Xbox Game Pass,Entertainment
Paid for Metro card recharge,Transport
Got a new Bag from shopping center,Shopping
Paid for Bike rental to college,Transport
Ordered T-shirt for office,Shopping
Renewed Board game annual plan,Entertainment
Ordered Smoothie from Bajeko Sekuwa,Food
Paid for Maintenance fee from bank,Bills
Refueled with Tootle Parking fee,Transport
Car rental airport transfer,Transport
Bought Daraz Sneakers,Shopping
Renewed Amazon Prime E-book purchase,Entertainment
University fee for February,Education
Subscribed to Theatre ticket from Xbox Game Pass,Entertainment
Cleared Mobile recharge from telecom provider,Bills
Recharged Cab fare to the mall,Transport
Went for Blood test monthly,Health
Ordered shopping center Charger,Shopping
Car rental - Tootle,Transport
Snack at Eggs from McDonald's,Food
Renewed Amazon Prime membership from Spotify,Entertainment
Booked Vitamin supplements monthly,Health
Went for pharmacy Medicine,Health
Took a gas station Fuel station,Transport
Had Chicken curry from restaurant,Food
Purchased new Umbrella for college,Shopping
Bought Xbox Game Pass Stand-up comedy show,Entertainment
Monthly WiFi payment for the house,Bills
Concert ticket for May,Entertainment
Renewed Xbox Game Pass Cinema ticket,Entertainment
Booked diagnostic center Surgery cost,Health
Enrolled in Library fine from coaching center,Education
Used Sajha Yatayat Vehicle insurance,Transport
Snack at Pancakes for the party,Food
Paid landlord Cable TV bill,Bills
Paid for Watch from local mall,Shopping
Cap for birthday gift,Shopping
Monthly Apartment rent quarterly payment,Bills
Paid for Insurance premium from landlord,Bills
Scooter rental - petrol pump,Transport
Purchased Fried chicken after work,Food
Used gas station Petrol,Transport
Booked Amazon Prime membership annual plan,Entertainment
Car rental from Sajha Yatayat,Transport
Purchased Steam purchase with friends,Entertainment
Thesis printing - library,Education
Paid Programming course from university,Education
Paid NEA Electricity bill,Bills
Thesis printing for February,Education
Settled local ISP Phone bill,Bills
Disney+ subscription - Steam,Entertainment
Used Sajha Yatayat Auto rickshaw fare,Transport
Bought Arcade tokens premium plan,Entertainment
Booked Pharmacy purchase emergency visit,Health
Purchased new Phone case from Daraz,Shopping
Paid for Daraz Furniture piece,Shopping
Ordered Shoes from Daraz,Shopping
Ordered boutique Shoes,Shopping
Booked Dental appointment from diagnostic center,Health
Electronics gadget from local mall,Shopping
Bought shopping center Jeans,Shopping
Purchased Auto rickshaw fare,Transport
Took a Taxi fare from gas station,Transport
Settled Internet bill from telecom provider,Bills
Booked Ride share for weekend trip,Transport
shopping center Jeans,Shopping
Paid for Ride share from gas station,Transport
Renewed Stand-up comedy show monthly plan,Entertainment
Ordered outlet store Shirt,Shopping
Dinner at Dal bhat from local bakery,Food
Snack at Noodles after work,Food
Renewed Disney+ subscription from Amazon Prime,Entertainment
Groceries for January,Food
Burger for November,Food
Paid for telecom provider Apartment rent,Bills
Enrolled in Library fine for the workshop,Education
Booked Movie ticket premium plan,Entertainment
Booked Gym membership monthly,Health
Breakfast at Cooking oil,Food
Paid for Steam Karaoke night,Entertainment
Ordered Bag for office,Shopping
Cinema ticket family plan,Entertainment
Kitchenware for January,Shopping
Purchased new outlet store Earrings,Shopping
Tea - KFC,Food
Bought Steam YouTube Premium,Entertainment
Used Bike wash from gas station,Transport
Booked Spotify subscription with friends,Entertainment
Cleared Garbage collection fee from landlord,Bills
Paid for Bike repair,Transport
Grabbed Bread from dhaba,Food
Waffles - food court,Food
Booked Vehicle insurance,Transport
Recharged Scooter rental from Uber,Transport
Uber Car rental,Transport
Paid for local ISP Water bill,Bills
Refueled with Helmet purchase from Pathao,Transport
Paid coaching center Seminar fee,Education
Registered for Certification exam from university,Education
Booked Amazon Prime Amazon Prime membership,Entertainment
Booked petrol pump Parking fee,Transport
Recharged Scooter rental from gas station,Transport
Recharged Ride share from Uber,Transport
Purchased Board game from local cinema,Entertainment
Theatre ticket for February,Entertainment
Spotify subscription from Spotify,Entertainment
Settled Water tank refill from utility company,Bills
Snack at Kebab for the party,Food
Paid for PlayStation Plus annual plan,Entertainment
Purchased local bakery Sandwich,Food
Refueled with gas station Petrol,Transport
Laptop bag from local mall,Shopping
Backpack online order,Shopping
Renewed Theatre ticket with friends,Entertainment
Booked Scooter rental to the mall,Transport
Dinner at Soup from street food stall,Food
Cap from local mall,Shopping
Had Subway Dosa,Food
Booked Surgery cost monthly,Health
Recharged Car rental from Pathao,Transport
Paid for Taxi fare from Pathao,Transport
Dinner at Cake at office,Food
Cleared Credit card payment from utility company,Bills
Purchased Exam fee from Coursera,Education
Settled bank House rent,Bills
Got a new boutique Power bank,Shopping
Netflix subscription for May,Entertainment
Enrolled in university Library fine,Education
Bought Amazon Prime Board game,Entertainment
Got a new outlet store Sneakers,Shopping
Purchased Bike fuel to home,Transport
Paid for Vaccination follow-up visit,Health
Went for Dental appointment monthly,Health
Took a Petrol from local garage,Transport
Subscribed to YouTube Gaming subscription,Entertainment
Ordered Steak after work,Food
Had Bajeko Sekuwa Bubble tea,Food
Used Tire replacement from Uber,Transport
Purchased Board game monthly plan,Entertainment
Shopping for Sweater from local mall,Shopping
Purchased Arcade tokens premium plan,Entertainment
Pathao Scooter rental,Transport
Grabbed Sushi at college,Food
Laptop bag - shopping center,Shopping
Paid for NEA Monthly rent,Bills
Renewed Board game monthly plan,Entertainment
Uber Flight ticket,Transport
Paid for Xbox Game Pass Movie ticket,Entertainment
Shopping for Wallet for college,Shopping
Shopping for Daraz Sneakers,Shopping
Breakfast at Sushi,Food
Bought coaching center School books,Education
Falafel - KFC,Food
Paid for Maintenance fee from utility company,Bills
Booked InDrive Diesel,Transport
Pathao ride from petrol pump,Transport
Grabbed Bubble tea for the party,Food
Purchased Steam purchase,Entertainment
Paid House rent from landlord,Bills
online store Phone case,Shopping
Booked YouTube Concert ticket,Entertainment
Ordered Soup from street food stall,Food
Paid for Coffee from Domino's,Food
Paid for Amazon Shoes,Shopping
Paid Internet bill from telecom provider,Bills
Paid for Jeans for birthday gift,Shopping
Purchased new Sneakers for birthday gift,Shopping
Took a Vehicle insurance to hospital,Transport
Subscribed to Bowling session annual plan,Entertainment
Took out dhaba Sandwich,Food
Paid Certification exam this semester,Education
Registered for Stationery for the workshop,Education
Bought Coaching class fee from local college,Education
Paid for Maintenance fee for the apartment,Bills
Ordered Jeans for office,Shopping
Took a Toll fee from gas station,Transport
Subscribed to Spotify Video game purchase,Entertainment
Cleared utility company Water bill,Bills
Monthly NEA Garbage collection fee,Bills
Purchased new Curtains seasonal sale,Shopping
Bought boutique Jacket,Shopping
Booked Pharmacy purchase from hospital,Health
Went for gym Medical bill,Health
Went for gym X-ray,Health
Settled WiFi payment quarterly payment,Bills
Belt for August,Shopping
Backpack from Amazon,Shopping
Charger from local mall,Shopping
Purchased Tootle Auto rickshaw fare,Transport
Paid for online store Shoes,Shopping
E-book purchase for July,Entertainment
Booked local cinema Karaoke night,Entertainment
Petrol from Tootle,Transport
Registered for Software license for study from Udemy,Education
Settled Maintenance fee quarterly payment,Bills
Bought Medicine monthly,Health
Recharged Uber ride from local garage,Transport
Uber ride from Tootle,Transport
Used Uber Parking fee,Transport
Recharged Bike wash for weekend trip,Transport
Paid for Waffles from Pizza Hut,Food
Booked Spotify Video game purchase,Entertainment
Enrolled in Lab fee annual fee,Education
Booked Bowling session from YouTube,Entertainment
Belt for birthday gift,Shopping
Bought Belt seasonal sale,Shopping
Music album for April,Entertainment
Disney+ subscription - Netflix,Entertainment
Paid for French fries at office,Food
Booked Concert ticket from PlayStation,Entertainment
Used Uber ride to home,Transport
Cake for August,Food
Refueled with petrol pump Vehicle insurance,Transport
Settled local ISP Mobile recharge,Bills
Booked Gaming subscription from PlayStation,Entertainment
Curtains for May,Shopping
Video game purchase from YouTube,Entertainment
Shopping for T-shirt from shopping center,Shopping
Refueled with Bike rental to hospital,Transport
Purchased YouTube Premium from Xbox Game Pass,Entertainment
Grabbed Dosa,Food
Enrolled in Certification exam this semester,Education
Bought Fried chicken from food court,Food
Paid for Snacks at office,Food
Purchased Library fine annual fee,Education
Chicken curry - cafe,Food
Purchased Netflix subscription from Spotify,Entertainment
Purchased Movie ticket from Disney+,Entertainment
Snack at Bajeko Sekuwa Steak,Food
Bought gym Doctor appointment,Health
Took out Cooking oil during break,Food
Paid local college Software license for study,Education
Dosa for October,Food
Bought Milk delivery order,Food
Shopping for Umbrella from boutique,Shopping
Pathao ride - InDrive,Transport
Bought Netflix Streaming service,Entertainment
Ordered Electronics gadget from outlet store,Shopping
Purchased PlayStation Streaming service,Entertainment
Refueled with Auto rickshaw fare downtown,Transport
Bought wellness center Eye checkup,Health
Grilled fish for April,Food
Renewed Netflix subscription from YouTube,Entertainment
Purchased Movie ticket annual plan,Entertainment
Ordered Electronics gadget for birthday gift,Shopping
Renewed Karaoke night with friends,Entertainment
Went for Medical bill from hospital,Health
Ordered Amazon Sneakers,Shopping
Renewed Video game purchase from Netflix,Entertainment
Paid for Taxi fare for weekend trip,Transport
Subscribed to Steam Netflix subscription,Entertainment
Bike rental for April,Transport
Ordered shopping center Kitchenware,Shopping
Cab fare from local garage,Transport
Paid for Streaming service premium plan,Entertainment
Breakfast at Waffles takeaway,Food
Booked gas station Train ticket,Transport
Settled Water bill for the house,Bills
Paid for Arcade tokens from YouTube,Entertainment
Renewed PlayStation Plus from Amazon Prime,Entertainment
Ice cream - Subway,Food
Paid Certification exam from library,Education
Booked Steam purchase from local cinema,Entertainment
Shopping for outlet store Sneakers,Shopping
Visited for Eye checkup from pharmacy,Health
Uber Bike repair,Transport
Bought Dal bhat from campus canteen,Food
Subscribed to Amazon Prime Bowling session,Entertainment
Bought Health insurance premium routine visit,Health
Booked PlayStation Movie ticket,Entertainment
Coffee for January,Food
Went for Physiotherapy session emergency visit,Health
Lunch at McDonald's Juice,Food
Shopping for outlet store Umbrella,Shopping
Purchased new boutique Kitchenware,Shopping
petrol pump Pathao ride,Transport
Booked Car rental,Transport
Taxi fare for October,Transport
Recharged Train ticket to the mall,Transport
Purchased Ride share,Transport
Paid for Video game purchase from PlayStation,Entertainment
Bought outlet store Curtains,Shopping
Bought Yoga class fee monthly,Health
Settled Property tax from NEA,Bills
Dinner at Fruits,Food
Bought Foodmandu Steak,Food
Belt for April,Shopping
Paid insurance company Credit card payment,Bills
Purchased Software license for study for the workshop,Education
Paid university Stationery,Education
Refueled with Helmet purchase from InDrive,Transport
Took a gas station Vehicle insurance,Transport
Ice cream for September,Food
Paid for Music album weekend outing,Entertainment
Cooking oil - McDonald's,Food
Breakfast at Subway Cake,Food
Took out Hot dog from hotel restaurant,Food
Bought local college Coaching class fee,Education
Bought Daraz Electronics gadget,Shopping
Paid for Lab test emergency visit,Health
Got a new Daraz Sunglasses,Shopping
Cleared bank House rent,Bills
Enrolled in Study materials from bookstore,Education
Purchased Scooter rental airport transfer,Transport
Paid for T-shirt online order,Shopping
Bike wash from Tootle,Transport
Recharged Metro card recharge from InDrive,Transport
Backpack from Daraz,Shopping
Bought Netflix Spotify subscription,Entertainment
Purchased Udemy Seminar fee,Education
Booked petrol pump Bike fuel,Transport
Paid for YouTube Premium from Amazon Prime,Entertainment
Scooter rental from gas station,Transport
Purchased Taxi fare from Sajha Yatayat,Transport
Subscribed to Disney+ Comic book,Entertainment
Booked Bowling session from PlayStation,Entertainment
Pasta for January,Food
Booked PlayStation Comic book,Entertainment
Comic book for December,Entertainment
Renewed Comic book premium plan,Entertainment
Bought local cinema Gaming subscription,Entertainment
Recharged Fuel station to office,Transport
Pathao ride - Pathao,Transport
Lunch at Momo takeaway,Food
Went for pharmacy Medical bill,Health
Got a new Backpack seasonal sale,Shopping
Paid Thesis printing this semester,Education
Furniture piece from Daraz,Shopping
Subscribed to Movie ticket from YouTube,Entertainment
Paid for Burger King Chicken curry,Food
Purchased new Charger seasonal sale,Shopping
Belt for college,Shopping
Booked PlayStation Karaoke night,Entertainment
Paid for hotel restaurant Sandwich,Food
Subscribed to Gaming subscription from local cinema,Entertainment
Ordered T-shirt from online store,Shopping
Booked Pathao Petrol,Transport
Got a new Daraz Shoes,Shopping
Helmet purchase for February,Transport
Bedsheet for April,Shopping
Spotify Stand-up comedy show,Entertainment
Purchased Tire replacement from petrol pump,Transport
Paid for Parking fee from Tootle,Transport
Furniture piece for office,Shopping
Refueled with Vehicle insurance downtown,Transport
Booked Concert ticket from YouTube,Entertainment
Bought Comic book from local cinema,Entertainment
Purchased coaching center Textbooks,Education
Grabbed Fruits from Wow Momo,Food
Got a new Electronics gadget from Amazon,Shopping
Refueled with Tootle Flight ticket,Transport
Subscribed to Comic book from Steam,Entertainment
Purchased Bowling session,Entertainment
Purchased Pathao Bike rental,Transport
Ordered Amazon Sweater,Shopping
Purchased Eggs,Food
Helmet purchase from gas station,Transport
Paid for Toll fee from Sajha Yatayat,Transport
Perfume for February,Shopping
Breakfast at Biryani with friends,Food
Kitchenware - boutique,Shopping
Ordered Makeup kit,Shopping
Bought street food stall Eggs,Food
Donuts for March,Food
Bought diagnostic center Lab test,Health
Purchased Karaoke night from Amazon Prime,Entertainment
Netflix subscription weekend outing,Entertainment
Booked Disney+ subscription with friends,Entertainment
Donuts - Pizza Hut,Food
Subscribed to local cinema Cinema ticket,Entertainment
Got a new T-shirt from Daraz,Shopping
Chowmein for October,Food
Subscribed to Steam Stand-up comedy show,Entertainment
Vehicle insurance from Tootle,Transport
Booked local cinema Gaming subscription,Entertainment
Purchased new Furniture piece from outlet store,Shopping
Paid for Wow Momo Vegetables,Food
Paid for boutique Sunglasses,Shopping
Renewed local cinema Stand-up comedy show,Entertainment
Paid for Internet bill annual payment,Bills
Scooter rental - gas station,Transport
Took out KFC Soup,Food
Refueled with Diesel to office,Transport
Kebab - dhaba,Food
Paid Electricity bill from NEA,Bills
Video game purchase for December,Entertainment
Took out dhaba Biryani,Food
Comic book for May,Entertainment
Purchased Online course from Udemy,Education
Booked Car service,Transport
Metro card recharge for October,Transport
Bought pharmacy Yoga class fee,Health
Bought local bakery Taco,Food
Bought library Lab fee,Education
Got a new Watch for birthday gift,Shopping
Recharged Train ticket from Pathao,Transport
Went for gym Dental treatment,Health
Dinner at campus canteen Milkshake,Food
Booked Car service to home,Transport
Purchased E-book purchase from Netflix,Entertainment
Booked Comic book weekend outing,Entertainment
Amazon Prime membership for January,Entertainment
Renewed local cinema E-book purchase,Entertainment
Went for Painkillers routine visit,Health
Booked Uber ride from petrol pump,Transport
Certification exam for August,Education
Karaoke night - Xbox Game Pass,Entertainment
Sunglasses for August,Shopping
Bought Bedsheet from shopping center,Shopping
Paid for Amazon Prime Music album,Entertainment
Recharged Helmet purchase to college,Transport
Registered for Coaching class fee from local college,Education
Purchased Coursera Programming course,Education
Amazon Prime membership from Xbox Game Pass,Entertainment
Bought hospital Vitamin supplements,Health
Had Eggs,Food
Settled utility company Apartment rent,Bills
Ordered dhaba Sushi,Food
Steak - KFC,Food
Booked Comic book from Netflix,Entertainment
Bowling session premium plan,Entertainment
Went for wellness center Doctor appointment,Health
Renewed PlayStation Plus from PlayStation,Entertainment
Renewed Music album from Spotify,Entertainment
Shopping for Watch for office,Shopping
Purchased PlayStation Plus weekend outing,Entertainment
Fuel station for September,Transport
Recharged Pathao Bike repair,Transport
Booked Blood test from diagnostic center,Health
Purchased Xbox Game Pass Streaming service,Entertainment
Ice cream for April,Food
Paid for gas station Helmet purchase,Transport
Water tank refill for April,Bills
Got a new Phone case from Amazon,Shopping
Workshop registration for April,Education
Had Biryani from local bakery,Food
Biryani for August,Food
Toll fee from InDrive,Transport
Recharged Tootle Toll fee,Transport
Paid for Comic book from Spotify,Entertainment
Bedsheet for birthday gift,Shopping
Purchased Board game from Amazon Prime,Entertainment
Lunch at French fries from local bakery,Food
Refueled with Tootle Bike fuel,Transport
Ordered Bag seasonal sale,Shopping
Steam YouTube Premium,Entertainment
Refueled with Flight ticket to office,Transport
Ordered cafe Samosa,Food
Refueled with Car rental downtown,Transport
Purchased Karaoke night from Disney+,Entertainment
Booked Lab test routine visit,Health
Purchased YouTube Stand-up comedy show,Entertainment
Took a Uber Diesel,Transport
Pasta - Foodmandu,Food
Milk for May,Food
Went for Vaccination routine visit,Health
Ordered campus canteen Milk,Food
Shirt - local mall,Shopping
Went for X-ray from wellness center,Health
Refueled with Bike fuel to office,Transport
Disney+ Karaoke night,Entertainment
Purchased Smoothie on the way home,Food
Dinner at Pizza at office,Food
Monthly insurance company Electricity bill,Bills
Shopping for Daraz T-shirt,Shopping
Steam purchase - Disney+,Entertainment
Ordered Belt from boutique,Shopping
Monthly insurance company Insurance premium,Bills
Purchased new Daraz Curtains,Shopping
Toll fee for December,Transport
Renewed Arcade tokens premium plan,Entertainment
Purchased new Umbrella seasonal sale,Shopping
Paid for Sajha Yatayat Tire replacement,Transport
Bought Textbooks annual fee,Education
Paid Monthly rent from utility company,Bills
Purchased new Curtains from shopping center,Shopping
Shopping for Headphones online order,Shopping
Subscribed to Video game purchase with friends,Entertainment
Paid Workshop registration from Udemy,Education
Sajha Yatayat Petrol,Transport
Took a Tire replacement to home,Transport
House rent for December,Bills
Paid for Belt from shopping center,Shopping
Booked Taxi fare from Tootle,Transport
Used Auto rickshaw fare to the mall,Transport
Purchased dhaba Donuts,Food
Breakfast at Chowmein from Burger King,Food
Purchased Music album annual plan,Entertainment
local mall Laptop bag,Shopping
Paid for Helmet purchase from Pathao,Transport
Went for Dental treatment checkup,Health
Spotify subscription for July,Entertainment
Got a new outlet store Jacket,Shopping
Purchased Sajha Yatayat Petrol,Transport
Chicken curry - hotel restaurant,Food
Steam Netflix subscription,Entertainment
Cab fare for January,Transport
Booked Bowling session from Amazon Prime,Entertainment
Socks - boutique,Shopping
Subscribed to YouTube Premium from Amazon Prime,Entertainment
Snack at Biryani from Starbucks,Food
Cleared Property tax for the house,Bills
Booked Auto rickshaw fare for a trip,Transport
Ordered Cap from Amazon,Shopping
Paid for PlayStation Video game purchase,Entertainment
Took a gas station Parking fee,Transport
Renewed Spotify Theatre ticket,Entertainment
Bought Momo,Food
Paid for Sweater online order,Shopping
Momo - Bajeko Sekuwa,Food
Purchased Coursera Project materials,Education
Paid for Car rental to hospital,Transport
Renewed Bowling session weekend outing,Entertainment
Recharged InDrive Bike fuel,Transport
Purchased Scooter rental for a trip,Transport
Booked Xbox Game Pass E-book purchase,Entertainment
Used Ride share from Tootle,Transport
Library fine - Udemy,Education
Phone case for May,Shopping
Purchased Concert ticket from Spotify,Entertainment
Renewed Music album from YouTube,Entertainment
Software license for study for August,Education
Shopping for Watch,Shopping
Ordered Laptop bag from outlet store,Shopping
Took a Uber Vehicle insurance,Transport
Recharged Car rental from InDrive,Transport
Electronics gadget seasonal sale,Shopping
Ordered Smoothie from campus canteen,Food
Purchased Amusement park ticket with friends,Entertainment
Ordered Kitchenware from boutique,Shopping
Metro card recharge for April,Transport
Paid for YouTube Cinema ticket,Entertainment
Lunch at KFC Momo,Food
Booked Taxi fare from Uber,Transport
Renewed Steam Cinema ticket,Entertainment
Shopping for Jeans from Amazon,Shopping
Took a Bike fuel to the mall,Transport
Used Pathao Car service,Transport
Purchased Car service from local garage,Transport
Video game purchase - Amazon Prime,Entertainment
Ordered outlet store Laptop bag,Shopping
Purchased Burger for the party,Food
Watch for March,Shopping
Gaming subscription with friends,Entertainment
Shopping for Belt for college,Shopping
Paid for NEA Garbage collection fee,Bills
Registered for local college Seminar fee,Education
Amazon Cap,Shopping
Refueled with Sajha Yatayat Petrol,Transport
Bought Movie ticket premium plan,Entertainment
Renewed Netflix subscription family plan,Entertainment
Used Pathao ride to hospital,Transport
Paid bookstore Textbooks,Education
Purchased Pizza takeaway,Food
Booked YouTube PlayStation Plus,Entertainment
Paid Gas cylinder quarterly payment,Bills
Subscribed to Movie ticket,Entertainment
Gaming subscription for September,Entertainment
Got a new Umbrella from local mall,Shopping
Purchased Fuel station from Pathao,Transport
Went for Vitamin supplements routine visit,Health
Paid local ISP Society fee,Bills
Paid Cable TV bill from local ISP,Bills
Renewed Movie ticket monthly plan,Entertainment
Had Bajeko Sekuwa Coffee,Food
Paid bookstore Workshop registration,Education
Booked Uber Car rental,Transport
Paid for Uber Flight ticket,Transport
Paid for local cinema E-book purchase,Entertainment
Sandwich for May,Food
Settled utility company Internet bill,Bills
Gaming subscription for November,Entertainment
Paid for Scooter rental,Transport
Purchased Cake,Food
Snack at Falafel from Pizza Hut,Food
Paid for McDonald's Pasta,Food
Took a Scooter rental from InDrive,Transport
Bought library Online course,Education
Monthly Apartment rent from landlord,Bills
Bought Board game from Spotify,Entertainment
Pancakes for February,Food
Paid for telecom provider Internet bill,Bills
Coffee - restaurant,Food
Purchased new Bag for college,Shopping
Purchased local garage Tire replacement,Transport
Paid for local cinema Steam purchase,Entertainment
Booked Health insurance premium from pharmacy,Health
Netflix Disney+ subscription,Entertainment
Refueled with Car service from Sajha Yatayat,Transport
Bought Belt from boutique,Shopping
Music album annual plan,Entertainment
Booked Bowling session from Disney+,Entertainment
Went for diagnostic center Painkillers,Health
Ordered Soup at college,Food
Bag - Daraz,Shopping
Purchased new Necklace from outlet store,Shopping
Purchased new Makeup kit from Amazon,Shopping
Subscribed to Gaming subscription from Amazon Prime,Entertainment
Taco - Burger King,Food
Used petrol pump Bike repair,Transport
Paid for Auto rickshaw fare from Tootle,Transport
Booked Bike wash to college,Transport
Bought online store Makeup kit,Shopping
Refueled with Cab fare airport transfer,Transport
Shopping for online store Kitchenware,Shopping
PlayStation Plus for March,Entertainment
Uber ride from Sajha Yatayat,Transport
Lunch at French fries from KFC,Food
Paid for shopping center Earrings,Shopping
Bought Lab fee from bookstore,Education
Grabbed Burger at office,Food
Registered for University fee from library,Education
Booked Concert ticket monthly plan,Entertainment
Got a new Socks from outlet store,Shopping
Paid for Ride share downtown,Transport
Settled Maintenance fee from utility company,Bills
Monthly bank Society fee,Bills
Bought Shoes from online store,Shopping
Purchased Burger at college,Food
Paid for Cable TV bill from landlord,Bills
Train ticket - petrol pump,Transport
Visited for Vitamin supplements checkup,Health
Paid for Garbage collection fee from landlord,Bills
Sushi for March,Food
Purchased Bike repair from petrol pump,Transport
Ride share downtown,Transport
Refueled with Sajha Yatayat Car service,Transport
Paid for online store Bag,Shopping
Renewed Movie ticket,Entertainment
Booked Petrol from Uber,Transport
Had Soup from Pizza Hut,Food
Electronics gadget - local mall,Shopping
Karaoke night - PlayStation,Entertainment
Booked Amazon Prime membership from Amazon Prime,Entertainment
Monthly rent for February,Bills
Necklace from Amazon,Shopping
Purchased new online store Sweater,Shopping
Scooter rental - local garage,Transport
Paid for Comic book from local cinema,Entertainment
Paid for Spotify Theatre ticket,Entertainment
Took a Uber Toll fee,Transport
Bought Xbox Game Pass Arcade tokens,Entertainment
Bought Theatre ticket family plan,Entertainment
Shopping for Umbrella from online store,Shopping
Monthly Garbage collection fee annual payment,Bills
Purchased new Daraz Power bank,Shopping
Paid WiFi payment from NEA,Bills
Renewed Amazon Prime Concert ticket,Entertainment
Purchased Biryani at office,Food
Took a Bus ticket airport transfer,Transport
Took a Tire replacement airport transfer,Transport
Went for Health checkup from diagnostic center,Health
Paid College fee annual fee,Education
Took a Ride share,Transport
Phone case from Amazon,Shopping
Booked Bike wash from local garage,Transport
Refueled with Train ticket from Uber,Transport
Wallet from Amazon,Shopping
Shopping for Sneakers for office,Shopping
Took out dhaba Bubble tea,Food
Paid for Uber Scooter rental,Transport
Recharged Bike rental from InDrive,Transport
Settled telecom provider Water tank refill,Bills
Snack at KFC Sandwich,Food
Purchased new Power bank seasonal sale,Shopping
Purchased Netflix Video game purchase,Entertainment
Paid landlord Electricity bill,Bills
Took out hotel restaurant Donuts,Food
Bought PlayStation Plus annual plan,Entertainment
Bought Movie ticket family plan,Entertainment
Purchased Grilled fish,Food
Steam Movie ticket,Entertainment
Lab fee for January,Education
Monthly Phone bill from insurance company,Bills
Bought YouTube Premium with friends,Entertainment
Purchased new Daraz Kitchenware,Shopping
Arcade tokens - Xbox Game Pass,Entertainment
Booked Bike fuel from Tootle,Transport
Monthly House rent annual payment,Bills
Paid for Necklace for college,Shopping
Took a Vehicle insurance from Sajha Yatayat,Transport
Gym membership for December,Health
Used Fuel station for a trip,Transport
Ordered Belt online order,Shopping
Purchased Karaoke night,Entertainment
E-book purchase for May,Entertainment
Recharged Uber Scooter rental,Transport
Booked Parking fee for a trip,Transport
Refueled with Parking fee to hospital,Transport
Paid for Car rental from petrol pump,Transport
Disney+ subscription from Spotify,Entertainment
Purchased Concert ticket from Netflix,Entertainment
Ordered Shirt from shopping center,Shopping
Subscribed to Concert ticket from Disney+,Entertainment
Snack at Pizza Hut Milkshake,Food
Paid for Lab test from hospital,Health
Used Helmet purchase from Pathao,Transport
Paid for wellness center Hospital bill,Health
Grabbed McDonald's Donuts,Food
Video game purchase - Spotify,Entertainment
Snack at Salad from Starbucks,Food
Got a new online store Curtains,Shopping
Grabbed Thukpa after work,Food
Phone case for July,Shopping
E-book purchase - YouTube,Entertainment
Went for hospital Doctor appointment,Health
Paid for Steak for the party,Food
Booked Tire replacement airport transfer,Transport
Sunglasses for October,Shopping
Ordered McDonald's Tea,Food
Bought shopping center Charger,Shopping
Bought online store Headphones,Shopping
Renewed Comic book monthly plan,Entertainment
Purchased new Umbrella from boutique,Shopping
Refueled with Scooter rental from Uber,Transport
Purchased university Certification exam,Education
Booked Movie ticket from Steam,Entertainment
Flight ticket from Uber,Transport
Taco - KFC,Food
Tire replacement from Sajha Yatayat,Transport
Paid for YouTube Movie ticket,Entertainment
Bag for June,Shopping
Grabbed Wow Momo Milkshake,Food
Purchased Stationery from university,Education
Cab fare to home,Transport
Booked Cinema ticket from Disney+,Entertainment
Paid for Internet bill from NEA,Bills
Bought Amazon Prime Netflix subscription,Entertainment
Dinner at Cake delivery order,Food
Paid Home loan installment from telecom provider,Bills
Bought E-book purchase weekend outing,Entertainment
Lunch at KFC Chowmein,Food
Bought Eye checkup from local clinic,Health
Furniture piece for college,Shopping
Paid for Petrol to office,Transport
Settled NEA Garbage collection fee,Bills
Took out Fruits at college,Food
Took a petrol pump Train ticket,Transport
Paid for Ice cream,Food
Bread - restaurant,Food
Subscribed to Concert ticket premium plan,Entertainment
Purchased Waffles with friends,Food
Snack at Milkshake from Foodmandu,Food
Metro card recharge for May,Transport
Paid for restaurant Sandwich,Food
Bought Amazon Electronics gadget,Shopping
Registered for Udemy Textbooks,Education
Paid Mobile recharge this month,Bills
Paid for Pathao ride from InDrive,Transport
Went for Hospital bill from pharmacy,Health
Shopping for Charger from boutique,Shopping
Paid for gym Gym membership,Health
Bought Dental treatment follow-up visit,Health
Purchased Tire replacement from InDrive,Transport
Subscribed to Theatre ticket from Steam,Entertainment
Recharged Sajha Yatayat Bike fuel,Transport
Purchased Exam fee from university,Education
Recharged Pathao Cab fare,Transport
Used Tootle Bus ticket,Transport
Went for Lab test from gym,Health
Breakfast at Grilled fish with friends,Food
Breakfast at Sushi at college,Food
Paid for Milk on the way home,Food
Fried chicken for January,Food
Bought Amazon Prime Video game purchase,Entertainment
Recharged gas station Cab fare,Transport
Took out Rice bag during break,Food
Snack at Salad for the party,Food
Refueled with Bike repair from Tootle,Transport
Took out Biryani after work,Food
Visited for Medical bill follow-up visit,Health
Dinner at Pasta at college,Food
Cleared Gas cylinder annual payment,Bills
Booked Doctor appointment from local clinic,Health
Paid for shopping center Perfume,Shopping
Lunch at Ramen from Foodmandu,Food
Got a new Makeup kit from Amazon,Shopping
Went for Pharmacy purchase from diagnostic center,Health
Had Salad during break,Food
Got a new Shoes from local mall,Shopping
Purchased new Jacket from Amazon,Shopping
Paid for Jeans for college,Shopping
Dumplings for October,Food
Visited for Medicine routine visit,Health
Shopping for Daraz Perfume,Shopping
Metro card recharge from InDrive,Transport
Cap - Amazon,Shopping
Renewed Amazon Prime membership from Xbox Game Pass,Entertainment
Got a new shopping center Jeans,Shopping
Tea - restaurant,Food
Purchased Taxi fare to hospital,Transport
Recharged Vehicle insurance to hospital,Transport
Headphones for April,Shopping
Breakfast at KFC Soup,Food
Booked Dental treatment monthly,Health
Dinner at food court Soup,Food
Renewed Disney+ subscription annual plan,Entertainment
Dinner at Wow Momo Burger,Food
Had Chowmein from local bakery,Food
Lunch at Waffles,Food
Took a Metro card recharge to the mall,Transport
Shopping for Amazon Necklace,Shopping
Purchased new online store Necklace,Shopping
Booked Karaoke night premium plan,Entertainment
Took a Pathao Bike rental,Transport
Bought Seminar fee for the course,Education
Purchased Scooter rental to hospital,Transport
Booked Comic book from Steam,Entertainment
Bowling session from Spotify,Entertainment
Kebab - street food stall,Food
Enrolled in bookstore Coaching class fee,Education
Grabbed Pancakes for the party,Food
Uber ride airport transfer,Transport
Recharged Taxi fare from Sajha Yatayat,Transport
Ordered Belt from Amazon,Shopping
Paid Udemy Coaching class fee,Education
Purchased Music album with friends,Entertainment
Got a new Jacket from boutique,Shopping
Ordered Starbucks Fruits,Food
Renewed Video game purchase from Steam,Entertainment
Bought E-book purchase from Amazon Prime,Entertainment
Grabbed Sushi takeaway,Food
Paid for Socks from Amazon,Shopping
Thukpa - restaurant,Food
Got a new Backpack online order,Shopping
Purchased Cab fare to hospital,Transport
Got a new online store Kitchenware,Shopping
Booked Pathao ride to office,Transport
Renewed Netflix Streaming service,Entertainment
Renewed Spotify Concert ticket,Entertainment
Visited for Health checkup from hospital,Health
Had Kebab for the party,Food
Bought YouTube Premium weekend outing,Entertainment
Purchased Bowling session from Steam,Entertainment
Paid for hospital Health checkup,Health
Purchased Tire replacement from gas station,Transport
Bought Streaming service weekend outing,Entertainment
Booked Diesel for weekend trip,Transport
Parking fee to college,Transport
Had Fried chicken delivery order,Food
Took a Pathao Bus ticket,Transport
Visited for X-ray from pharmacy,Health
Scooter rental for May,Transport
Streaming service for May,Entertainment
Renewed YouTube Concert ticket,Entertainment
Bought Cap for office,Shopping
Subscribed to Cinema ticket premium plan,Entertainment
Bike fuel airport transfer,Transport
Registered for Stationery from bookstore,Education
Bought Netflix subscription from Spotify,Entertainment
Paid for online store Shirt,Shopping
Monthly telecom provider Water bill,Bills
Cab fare - Sajha Yatayat,Transport
Took a Uber Helmet purchase,Transport
Purchased Ride share to office,Transport
Paid for gym Lab test,Health
Bought Disney+ Streaming service,Entertainment
Bought Fruits with family,Food
Purchased Coffee from McDonald's,Food
Grabbed Biryani from Starbucks,Food
Ordered Shoes from shopping center,Shopping
Got a new shopping center Kitchenware,Shopping
Ordered Headphones for birthday gift,Shopping
Bought Steam Cinema ticket,Entertainment
Settled WiFi payment from telecom provider,Bills
Refueled with gas station Tire replacement,Transport
Groceries for May,Food
Bought Lab fee from coaching center,Education
Ride share from gas station,Transport
YouTube Premium for March,Entertainment
Snack at hotel restaurant Steak,Food
Went for Pharmacy purchase from pharmacy,Health
Visited for Painkillers emergency visit,Health
Bought Shirt for college,Shopping
Taco for December,Food
Purchased Bajeko Sekuwa Momo,Food
Booked Disney+ Board game,Entertainment
Bought Pharmacy purchase routine visit,Health
Milk for November,Food
Bedsheet for November,Shopping
Went for local clinic Gym membership,Health
Ordered online store Jacket,Shopping
Bought Udemy School books,Education
Paid for Daraz T-shirt,Shopping
Booked Surgery cost from wellness center,Health
Refueled with gas station Taxi fare,Transport
Took a Cab fare from Sajha Yatayat,Transport
Purchased Karaoke night from Netflix,Entertainment
Dinner at Ice cream with friends,Food
Bought Lab test from gym,Health
Got a new online store Power bank,Shopping
Sandwich - Foodmandu,Food
Grabbed Momo from Bajeko Sekuwa,Food
Petrol - Tootle,Transport
Bike wash to home,Transport
Purchased new T-shirt,Shopping
Subscribed to Stand-up comedy show weekend outing,Entertainment
Took a Bike fuel to home,Transport
Refueled with Metro card recharge from local garage,Transport
Bought Netflix subscription from PlayStation,Entertainment
Parking fee from Uber,Transport
Purchased Cinema ticket from Netflix,Entertainment
Purchased new Belt from shopping center,Shopping
Purchased Vehicle insurance from gas station,Transport
Purchased Dumplings from Starbucks,Food
Chowmein - campus canteen,Food
Amusement park ticket for January,Entertainment
Subscribed to Gaming subscription,Entertainment
Paid for PlayStation Streaming service,Entertainment
Registered for Library fine from bookstore,Education
Steak for July,Food
Bread for November,Food
Ordered Umbrella online order,Shopping
Got a new Earrings from online store,Shopping
Refueled with Toll fee to office,Transport
Enrolled in College tuition this semester,Education
Bought Music album from Netflix,Entertainment
Purchased Steam Amazon Prime membership,Entertainment
Purchased Amazon Prime Streaming service,Entertainment
Cleared Electricity bill this month,Bills
Booked Theatre ticket from Amazon Prime,Entertainment
Refueled with Pathao ride from gas station,Transport
Refueled with local garage Bus ticket,Transport
Subscribed to Bowling session,Entertainment
Thesis printing - university,Education
Bought outlet store Phone case,Shopping
Took out Chicken curry from Bajeko Sekuwa,Food
Got a new Jacket for college,Shopping
Paid library Study materials,Education
Bought diagnostic center Painkillers,Health
Shopping for Makeup kit from online store,Shopping
Tire replacement - Uber,Transport
petrol pump Car rental,Transport
Sunglasses for January,Shopping
Cleared Property tax quarterly payment,Bills
Used Parking fee airport transfer,Transport
Bought YouTube Comic book,Entertainment
Bought Amazon Headphones,Shopping
Purchased Amazon Prime membership from Disney+,Entertainment
Breakfast at Ramen from Wow Momo,Food
Got a new Curtains for college,Shopping
Bought Dumplings,Food
Purchased Taxi fare to college,Transport
Paid for bank Apartment rent,Bills
Got a new boutique Shoes,Shopping
Paid for WiFi payment this month,Bills
Bought Kebab from Subway,Food
Jeans for September,Shopping
Paid telecom provider Apartment rent,Bills
Renewed Amazon Prime Music album,Entertainment
Amusement park ticket - Steam,Entertainment
Ordered Kitchenware,Shopping
Bought local mall Umbrella,Shopping
Refueled with Ride share from Pathao,Transport
Paid library Stationery,Education
Bought Kitchenware for birthday gift,Shopping
Bought Perfume from online store,Shopping
Paid for Home loan installment from bank,Bills
Bought wellness center Blood test,Health
Bought Spotify subscription from PlayStation,Entertainment
Had local bakery Smoothie,Food
Visited for hospital Vaccination,Health
Refueled with Metro card recharge for a trip,Transport
Shopping for shopping center Laptop bag,Shopping
Recharged Bike wash from Sajha Yatayat,Transport
Steam purchase for April,Entertainment
Home loan installment for January,Bills
Monthly Mobile recharge quarterly payment,Bills
Jeans for May,Shopping
Purchased Cinema ticket,Entertainment
Registered for Programming course from university,Education
Hot dog - street food stall,Food
Bought coaching center Study materials,Education
Got a new Daraz Electronics gadget,Shopping
Went for hospital Vitamin supplements,Health
Purchased Disney+ Bowling session,Entertainment
Monthly Water bill from landlord,Bills
Got a new shopping center Wallet,Shopping
Car service for October,Transport
Paid for utility company Society fee,Bills
boutique Cap,Shopping
Went for Vaccination monthly,Health
Train ticket - Uber,Transport
Grabbed Ramen after work,Food
Flight ticket for July,Transport
Bag - local mall,Shopping
Purchased Scooter rental from local garage,Transport
Registered for Coaching class fee for the course,Education
Purchased Vegetables from Starbucks,Food
Took a Cab fare to home,Transport
Disney+ subscription for February,Entertainment
outlet store Belt,Shopping
Ordered Sandwich from Subway,Food
Makeup kit - Daraz,Shopping
Breakfast at Eggs,Food
Paid for Spotify Disney+ subscription,Entertainment
Car rental for May,Transport
Daraz Electronics gadget,Shopping
Disney+ subscription for January,Entertainment
Purchased YouTube Steam purchase,Entertainment
Subscribed to E-book purchase from Netflix,Entertainment
Cleared NEA Internet bill,Bills
Registered for Study materials from Udemy,Education
Ordered boutique Phone case,Shopping
Purchased Bike rental for a trip,Transport
YouTube Premium - local cinema,Entertainment
Refueled with Taxi fare to hospital,Transport
Curtains - online store,Shopping
Laptop bag for July,Shopping
Recharged Tire replacement to the mall,Transport
Got a new Daraz Backpack,Shopping
Purchased Grilled fish from Burger King,Food
Streaming service with friends,Entertainment
Snack at Pasta from campus canteen,Food
Music album - PlayStation,Entertainment
Paid for Streaming service from YouTube,Entertainment
Purchased Metro card recharge from Tootle,Transport
Bought local bakery Waffles,Food
Amazon Prime Board game,Entertainment
Settled Loan EMI for the apartment,Bills
Purchased Bowling session from Amazon Prime,Entertainment
Ordered boutique Sneakers,Shopping
Ordered Phone case from Daraz,Shopping
Bought Headphones for college,Shopping
Monthly NEA Electricity bill,Bills
Used Petrol for a trip,Transport
Sneakers for October,Shopping
Ordered Electronics gadget from shopping center,Shopping
Bought College supplies from local college,Education
Breakfast at Thukpa at college,Food
Renewed local cinema Gaming subscription,Entertainment
Paid for Sandwich from Domino's,Food
Electronics gadget - boutique,Shopping
Lunch at Sushi at college,Food
Paid School books annual fee,Education
Bought local bakery Fried rice,Food
Bought boutique Bedsheet,Shopping
Auto rickshaw fare for April,Transport
Enrolled in School books for the workshop,Education
Paid for Auto rickshaw fare to hospital,Transport
Toll fee for May,Transport
Renewed Comic book from PlayStation,Entertainment
Registered for Stationery from Coursera,Education
Paid for Dental appointment from gym,Health
Dinner at Burger King Eggs,Food
Paid for Fried rice from campus canteen,Food
Refueled with Helmet purchase from local garage,Transport
Purchased Burger King Pastry,Food
Refueled with Uber Taxi fare,Transport
Lunch at Cake,Food
Visited for local clinic X-ray,Health
Purchased Textbooks annual fee,Education
Paid for Comic book premium plan,Entertainment
Registered for Certification exam from library,Education
Bought Surgery cost from wellness center,Health
Shopping for Amazon Curtains,Shopping
Paid for Vehicle insurance for weekend trip,Transport
Recharged Cab fare from Sajha Yatayat,Transport
Booked Car rental to hospital,Transport
Samosa for October,Food
Registered for Software license for study for the workshop,Education
Got a new Laptop bag for office,Shopping
Snack at Starbucks Sushi,Food
T-shirt,Shopping
Booked Metro card recharge from Sajha Yatayat,Transport
Bought local cinema Theatre ticket,Entertainment
Groceries - Subway,Food
Grabbed Eggs,Food
Shopping for Umbrella from shopping center,Shopping
Bought Jacket from outlet store,Shopping
Dinner at Kebab from Wow Momo,Food
Socks from online store,Shopping
Bread for December,Food
Paid for Xbox Game Pass Comic book,Entertainment
Got a new Headphones from shopping center,Shopping
Purchased Software license for study from Udemy,Education
Bought YouTube Bowling session,Entertainment
Purchased new Furniture piece from boutique,Shopping
Metro card recharge to the mall,Transport
Recharged Bike repair from petrol pump,Transport
Purchased Exam fee from local college,Education
Paid for Netflix subscription from YouTube,Entertainment
Garbage collection fee for April,Bills
Ordered online store Watch,Shopping
Went for diagnostic center Health checkup,Health
Sunglasses for July,Shopping
Paid Phone bill for the apartment,Bills
Fried chicken - hotel restaurant,Food
Flight ticket for March,Transport
Uber ride for December,Transport
Booked Lab test monthly,Health
Booked Disney+ Spotify subscription,Entertainment
Cab fare from Tootle,Transport
Fried rice - street food stall,Food
Visited for Surgery cost routine visit,Health
Pasta - Domino's,Food
Monthly Society fee for the apartment,Bills
Refueled with Toll fee from InDrive,Transport
Ordered Subway Noodles,Food
Ordered Headphones,Shopping
Subscribed to Comic book from Netflix,Entertainment
Got a new shopping center Bag,Shopping
Dumplings - hotel restaurant,Food
Salad - Pizza Hut,Food
Purchased Cab fare,Transport
Purchased Library fine for the workshop,Education
outlet store Furniture piece,Shopping
Bought Steam purchase annual plan,Entertainment
Snack at Biryani,Food
Sweater for August,Shopping
Pancakes - Subway,Food
Flight ticket for October,Transport
YouTube Premium from Amazon Prime,Entertainment
Car service to home,Transport
Recharged Helmet purchase,Transport
Bought Belt from Amazon,Shopping
Visited for Doctor appointment from diagnostic center,Health
Subscribed to Music album from PlayStation,Entertainment
Renewed Xbox Game Pass Karaoke night,Entertainment
Shopping for shopping center Bedsheet,Shopping
Bought shopping center Makeup kit,Shopping
Paid for Concert ticket premium plan,Entertainment
Visited for Blood test routine visit,Health
Dinner at Subway Steak,Food
Purchased Pathao Uber ride,Transport
Bought Jacket for college,Shopping
Purchased Rice bag with family,Food
Renewed Spotify Board game,Entertainment
Paid for Spotify Movie ticket,Entertainment
Bought McDonald's Waffles,Food
Bought Pharmacy purchase monthly,Health
Paid for Amazon Bag,Shopping
Bought Eye checkup emergency visit,Health
Went for X-ray from pharmacy,Health
Bought Lab test from local clinic,Health
Ordered Pastry,Food
Pancakes for May,Food
Got a new online store Electronics gadget,Shopping
Grabbed KFC Sushi,Food
Booked gas station Helmet purchase,Transport
Pizza - KFC,Food
Registered for Thesis printing for the course,Education
Snack at Milkshake,Food
Dinner at Domino's Smoothie,Food
Settled NEA Mobile recharge,Bills
Cleared Loan EMI from bank,Bills
Momo - Pizza Hut,Food
Paid bank Water bill,Bills
Paid utility company Insurance premium,Bills
Paid for Sneakers from Daraz,Shopping
Metro card recharge from Uber,Transport
Purchased YouTube Theatre ticket,Entertainment
Necklace online order,Shopping
Purchased university Seminar fee,Education
Booked Board game,Entertainment
Used Pathao Toll fee,Transport
Ordered Foodmandu Samosa,Food
Visited for Medical bill from local clinic,Health
Arcade tokens from Steam,Entertainment
Subscribed to Stand-up comedy show from YouTube,Entertainment
Paid for Earrings from Amazon,Shopping
Paid for pharmacy Vaccination,Health
Bought Backpack from Amazon,Shopping
Ordered Sushi with friends,Food
Paid Insurance premium for the apartment,Bills
Used Vehicle insurance downtown,Transport
Enrolled in coaching center College supplies,Education
Purchased PlayStation Spotify subscription,Entertainment
Booked Board game from YouTube,Entertainment
Bought Shoes from Amazon,Shopping
Purchased Bus ticket for weekend trip,Transport
Booked Comic book monthly plan,Entertainment
Bought Furniture piece seasonal sale,Shopping
Paid for Wallet,Shopping
Taxi fare for May,Transport
Backpack seasonal sale,Shopping
Ordered Phone case from Amazon,Shopping
Snack at Thukpa from food court,Food
Vehicle insurance for January,Transport
Arcade tokens monthly plan,Entertainment
Took a Bike rental from Pathao,Transport
Used Scooter rental from Pathao,Transport
Uber ride for January,Transport
Got a new Power bank from Daraz,Shopping
Purchased Sajha Yatayat Bike wash,Transport
Settled bank Maintenance fee,Bills
Paid for shopping center Laptop bag,Shopping
Booked Car service to hospital,Transport
Purchased Pathao Metro card recharge,Transport
Paid Phone bill from telecom provider,Bills
Amazon Prime membership from Steam,Entertainment
Purchased Spotify Comic book,Entertainment
Purchased Pasta,Food
Booked Cab fare from Uber,Transport
Rice bag - restaurant,Food
Renewed Steam Amusement park ticket,Entertainment
Ordered Sweater for office,Shopping
Bought Vitamin supplements routine visit,Health
Ordered Perfume for birthday gift,Shopping
Paid for Power bank,Shopping
Took a Cab fare from InDrive,Transport
Car service for January,Transport
Got a new Makeup kit from Daraz,Shopping
Paid for Tire replacement downtown,Transport
Paid for Eggs from hotel restaurant,Food
Mobile recharge for March,Bills
Ordered French fries with family,Food
Bought PlayStation Gaming subscription,Entertainment
Settled Insurance premium from landlord,Bills
Had food court Ice cream,Food
Purchased Tootle Metro card recharge,Transport
Paid for local ISP Monthly rent,Bills
Purchased gas station Vehicle insurance,Transport
Bought Shirt from online store,Shopping
Bought College supplies from Udemy,Education
Took a petrol pump Ride share,Transport
Bought Blood test follow-up visit,Health
Power bank for February,Shopping
Paid for Tootle Uber ride,Transport
Purchased Coursera Library fine,Education
Bought Steam Streaming service,Entertainment
Renewed Streaming service from Steam,Entertainment
Lunch at Waffles from hotel restaurant,Food
Paid for Music album from Xbox Game Pass,Entertainment
Renewed PlayStation Bowling session,Entertainment
PlayStation Plus - Steam,Entertainment
Got a new boutique Phone case,Shopping
Paid for Cinema ticket monthly plan,Entertainment
Purchased Amazon Prime Movie ticket,Entertainment
local garage Car rental,Transport
Paid Study materials from library,Education
Purchased PlayStation Plus premium plan,Entertainment
Ordered Snacks from restaurant,Food
Uber Bike wash,Transport
Renewed Steam purchase from Netflix,Entertainment
Snack at Milkshake at college,Food
Bought Stationery from library,Education
Refueled with gas station Diesel,Transport
Purchased new Amazon Bedsheet,Shopping
Kitchenware for October,Shopping
Bought Samosa at college,Food
Purchased Cake from McDonald's,Food
Booked Spotify subscription from Spotify,Entertainment
Ordered Curtains,Shopping
Coffee - street food stall,Food
Visited for Dental treatment routine visit,Health
Ordered online store Sneakers,Shopping
Purchased Textbooks from Udemy,Education
Paid for Medical bill emergency visit,Health
Jacket - online store,Shopping
Registered for university Study materials,Education
Bought PlayStation Plus with friends,Entertainment
Steam purchase - YouTube,Entertainment
Purchased new local mall Headphones,Shopping
Bought Gaming subscription annual plan,Entertainment
Subscribed to Steam Disney+ subscription,Entertainment
Paid for Medicine checkup,Health
Used Helmet purchase airport transfer,Transport
Shopping for online store Earrings,Shopping
Recharged Bike wash to hospital,Transport
E-book purchase from Xbox Game Pass,Entertainment
Cab fare for April,Transport
Ordered Curtains from shopping center,Shopping
Recharged InDrive Car rental,Transport
Ordered outlet store Phone case,Shopping
Purchased Auto rickshaw fare from InDrive,Transport
Paid for Auto rickshaw fare from Sajha Yatayat,Transport
Music album premium plan,Entertainment
Jacket for September,Shopping
Got a new Amazon Cap,Shopping
Subscribed to Disney+ subscription from Disney+,Entertainment
Dinner at McDonald's Burger,Food
Paid for Backpack from boutique,Shopping
Netflix subscription for March,Entertainment
Purchased Fried rice on the way home,Food
Purchased Disney+ Karaoke night,Entertainment
Purchased Bike rental from gas station,Transport
Booked Lab test from gym,Health
Got a new online store Earrings,Shopping
Took out Waffles with family,Food
Bike wash for December,Transport
Paid for Arcade tokens annual plan,Entertainment
Cleared local ISP Maintenance fee,Bills
Paid for bank Water tank refill,Bills
Booked pharmacy Painkillers,Health
Samosa - KFC,Food
Bought Certification exam from local college,Education
Purchased PlayStation Stand-up comedy show,Entertainment
Donuts - Foodmandu,Food
Refueled with Car service from local garage,Transport
Fried chicken for October,Food
Ordered Laptop bag from shopping center,Shopping
Purchased Video game purchase premium plan,Entertainment
Flight ticket from gas station,Transport
Booked diagnostic center Vitamin supplements,Health
Breakfast at hotel restaurant Samosa,Food
Renewed Arcade tokens from PlayStation,Entertainment
Monthly insurance company Society fee,Bills
Subscribed to YouTube Premium from YouTube,Entertainment
Took out Burrito at office,Food
Paid for NEA Water bill,Bills
Cleared insurance company Monthly rent,Bills
Disney+ Comic book,Entertainment
Got a new Furniture piece from local mall,Shopping
Bought Board game,Entertainment
Breakfast at Subway Rice bag,Food
Booked Vehicle insurance from gas station,Transport
Curtains online order,Shopping
Shopping for Electronics gadget from local mall,Shopping
Grabbed Snacks,Food
Perfume for August,Shopping
Doctor appointment for October,Health
Train ticket to the mall,Transport
Paid for Board game annual plan,Entertainment
Purchased new Headphones from Amazon,Shopping
Booked Movie ticket from Xbox Game Pass,Entertainment
Ordered Earrings for birthday gift,Shopping
Ordered Power bank for college,Shopping
Booked Ride share airport transfer,Transport
Cleared Garbage collection fee from NEA,Bills
Bought Charger seasonal sale,Shopping
Took out KFC Chicken curry,Food
Grabbed dhaba Cooking oil,Food
Booked Pathao ride from Tootle,Transport
Used Pathao Auto rickshaw fare,Transport
E-book purchase for December,Entertainment
Recharged local garage Cab fare,Transport
Bought coaching center Workshop registration,Education
Ordered Amazon Bedsheet,Shopping
Shopping for Sunglasses for office,Shopping
Purchased Diesel from local garage,Transport
Used gas station Diesel,Transport
Subscribed to E-book purchase from Spotify,Entertainment
Ordered Burrito from McDonald's,Food
Paid insurance company Home loan installment,Bills
Ordered Pizza at office,Food
Bought Coffee from Wow Momo,Food
Paid for Starbucks Snacks,Food
Streaming service for July,Entertainment
Perfume seasonal sale,Shopping
Paid for Waffles,Food
Theatre ticket from local cinema,Entertainment
Paid for Burger King Dosa,Food
Monthly Society fee for the house,Bills
Renewed Cinema ticket from YouTube,Entertainment
Sunglasses for December,Shopping
Xbox Game Pass Bowling session,Entertainment
Internet bill for September,Bills
Paid for Umbrella from Amazon,Shopping
Paid for shopping center Phone case,Shopping
Stationery for March,Education
Lunch at Steak from Starbucks,Food
Coaching class fee for December,Education
Paid for Gas cylinder for the house,Bills
Went for Medical bill monthly,Health
Paid for Maintenance fee from telecom provider,Bills
Used Bike fuel for weekend trip,Transport
Purchased Karaoke night weekend outing,Entertainment
Home loan installment for February,Bills
Renewed Spotify subscription from local cinema,Entertainment
Cleared Mobile recharge for the house,Bills
Got a new Sunglasses from shopping center,Shopping
gas station Bike fuel,Transport
Got a new Jacket,Shopping
Got a new Cap from online store,Shopping
Booked Gaming subscription monthly plan,Entertainment
Breakfast at Milk delivery order,Food
Booked Bowling session family plan,Entertainment
Purchased Netflix Theatre ticket,Entertainment
Steam purchase weekend outing,Entertainment
Uber ride to hospital,Transport
Bought PlayStation Plus from Amazon Prime,Entertainment
Makeup kit,Shopping
Snack at Soup during break,Food
Took out Foodmandu Steak,Food
Got a new Socks,Shopping
Purchased new outlet store Charger,Shopping
Purchased petrol pump Tire replacement,Transport
Board game - Amazon Prime,Entertainment
Used Ride share to the mall,Transport
Breakfast at Grilled fish at office,Food
Bought Chowmein from Wow Momo,Food
Recharged InDrive Pathao ride,Transport
Chowmein - Foodmandu,Food
Paid for Socks for office,Shopping
Bought shopping center Phone case,Shopping
Smoothie for July,Food
Recharged Helmet purchase from Tootle,Transport
Paid landlord Apartment rent,Bills
Uber Bike fuel,Transport
Cleared Garbage collection fee for the house,Bills
Settled Cable TV bill from utility company,Bills
Snack at Noodles,Food
Ramen - campus canteen,Food
Renewed Board game from PlayStation,Entertainment
Shopping for shopping center Makeup kit,Shopping
Enrolled in College fee from coaching center,Education
Renewed E-book purchase premium plan,Entertainment
Got a new outlet store Bedsheet,Shopping
Subscribed to Gaming subscription weekend outing,Entertainment
Purchased E-book purchase premium plan,Entertainment
Bought YouTube Amusement park ticket,Entertainment
Enrolled in library Library fine,Education
Subscribed to Music album,Entertainment
Streaming service - Netflix,Entertainment
Shopping for Daraz Bag,Shopping
Paid for Vegetables from KFC,Food
Recharged Bike repair from InDrive,Transport
Grabbed McDonald's Snacks,Food
Bought Watch for college,Shopping
PlayStation Theatre ticket,Entertainment
Gaming subscription - PlayStation,Entertainment
Renewed YouTube E-book purchase,Entertainment
Subscribed to Amusement park ticket from Disney+,Entertainment
Purchased Bowling session from Netflix,Entertainment
Booked Tootle Bus ticket,Transport
Purchased Amazon Prime Spotify subscription,Entertainment
Used Ride share downtown,Transport
Bought YouTube E-book purchase,Entertainment
online store Sneakers,Shopping
Paid for outlet store Umbrella,Shopping
Tire replacement - gas station,Transport
Grabbed Chowmein,Food
Paid for bank Loan EMI,Bills
Paid for Dental appointment checkup,Health
Paid for Xbox Game Pass Spotify subscription,Entertainment
Subscribed to Arcade tokens with friends,Entertainment
Took out Waffles,Food
Stand-up comedy show monthly plan,Entertainment
Took a Auto rickshaw fare from Tootle,Transport
Registered for Coaching class fee this semester,Education
Paid for Spotify subscription from Steam,Entertainment
Bought Amazon Bedsheet,Shopping
Paid for hospital Gym membership,Health
Booked Cinema ticket monthly plan,Entertainment
College fee for December,Education
Dinner at Bubble tea delivery order,Food
Bought Cap from shopping center,Shopping
Bought College supplies from Coursera,Education
Purchased new Sunglasses for college,Shopping
Sunglasses seasonal sale,Shopping
Train ticket for a trip,Transport
Booked Blood test emergency visit,Health
Garbage collection fee - landlord,Bills
Booked Petrol from local garage,Transport
Renewed Bowling session,Entertainment
Registered for Thesis printing from coaching center,Education
gas station Bike rental,Transport
Spotify subscription with friends,Entertainment
Tire replacement to home,Transport
Ordered local bakery Chowmein,Food
Breakfast at Fried chicken,Food
YouTube Premium for May,Entertainment
Paid for Steam purchase from Disney+,Entertainment
Paid for Spotify Concert ticket,Entertainment
Paid for Belt from boutique,Shopping
Took a Metro card recharge from Tootle,Transport
Booked Car rental from Sajha Yatayat,Transport
Used Petrol to college,Transport
Shopping for Socks for office,Shopping
Got a new Sunglasses from local mall,Shopping
Monthly Monthly rent from insurance company,Bills
Ordered Rice bag from food court,Food
Ordered Ice cream from McDonald's,Food
Bought Biryani with family,Food
Paid Property tax from landlord,Bills
Booked Xbox Game Pass Theatre ticket,Entertainment
Paid for Petrol from gas station,Transport
Paid for Blood test from local clinic,Health
Paid for telecom provider Property tax,Bills
Paid for Uber Auto rickshaw fare,Transport
Subscribed to Steam purchase family plan,Entertainment
Got a new Shirt seasonal sale,Shopping
Chowmein - KFC,Food
Auto rickshaw fare - Sajha Yatayat,Transport
Refueled with Bus ticket from local garage,Transport
Milk for April,Food
Paid for diagnostic center Gym membership,Health
Subscribed to Stand-up comedy show from Steam,Entertainment
Registered for local college Thesis printing,Education
Visited for wellness center Doctor appointment,Health
Dinner at Bubble tea for the party,Food
Refueled with Cab fare from petrol pump,Transport
Purchased new Belt from outlet store,Shopping
Paid for Tire replacement from Pathao,Transport
Subscribed to Spotify subscription from Steam,Entertainment
Booked Scooter rental from Tootle,Transport
Fuel station for December,Transport
Purchased new Backpack for office,Shopping
Bike rental for March,Transport
Visited for Surgery cost monthly,Health
local cinema E-book purchase,Entertainment
Paid for Petrol from petrol pump,Transport
outlet store Power bank,Shopping
Enrolled in local college Project materials,Education
Pathao ride for December,Transport
Shopping for Electronics gadget,Shopping
Paid for Amusement park ticket from Steam,Entertainment
Took a petrol pump Pathao ride,Transport
Pasta for April,Food
Renewed PlayStation Plus from Xbox Game Pass,Entertainment
Lunch at Falafel,Food
Bought Steam Theatre ticket,Entertainment
Bought School books from university,Education
Recharged Bike rental from local garage,Transport
Ordered Charger from shopping center,Shopping
Shopping for Sneakers from boutique,Shopping
Doctor appointment for March,Health
Purchased new Cap from boutique,Shopping
Breakfast at Milkshake from restaurant,Food
Purchased new online store Perfume,Shopping
Scooter rental for July,Transport
Used Train ticket from Pathao,Transport
Paid for PlayStation Spotify subscription,Entertainment
Paid for shopping center Bag,Shopping
Fuel station for June,Transport
Subscribed to Disney+ Bowling session,Entertainment
Had Sushi from Burger King,Food
Paid for Bike rental from Sajha Yatayat,Transport
Purchased local garage Taxi fare,Transport
Paid for Insurance premium this month,Bills
Dumplings - KFC,Food
Cleared local ISP Gas cylinder,Bills
Dinner at Ramen,Food
Refueled with Tootle Uber ride,Transport
Purchased new Amazon Shoes,Shopping
Breakfast at cafe Cake,Food
Grabbed Ice cream from restaurant,Food
Purchased Kebab,Food
Hot dog - McDonald's,Food
Booked Surgery cost from hospital,Health
Burger - street food stall,Food
Took a Train ticket to office,Transport
Grabbed Dal bhat from Bajeko Sekuwa,Food
Bought Gym membership from hospital,Health
Stand-up comedy show for February,Entertainment
Grabbed Pizza,Food
Visited for Yoga class fee from diagnostic center,Health
Laptop bag for April,Shopping
Monthly Loan EMI from local ISP,Bills
Went for wellness center Pharmacy purchase,Health
Renewed Spotify Spotify subscription,Entertainment
Bought Milkshake,Food
Settled telecom provider Apartment rent,Bills
Bought Physiotherapy session from gym,Health
Ordered online store Backpack,Shopping
Bought Necklace from outlet store,Shopping
Purchased new Umbrella,Shopping
Used Uber Ride share,Transport
Booked Amazon Prime YouTube Premium,Entertainment
Dinner at Waffles from dhaba,Food
Daraz Cap,Shopping
Breakfast at Hot dog during break,Food
Ordered Furniture piece from shopping center,Shopping
Got a new Amazon Bedsheet,Shopping
Steam Gaming subscription,Entertainment
Dal bhat for December,Food
Vehicle insurance - gas station,Transport
Ordered Socks online order,Shopping
Subscribed to YouTube Stand-up comedy show,Entertainment
Socks for birthday gift,Shopping
Textbooks for January,Education
Smoothie - McDonald's,Food
Purchased new Daraz Wallet,Shopping
Purchased gas station Scooter rental,Transport
Purchased hotel restaurant Dosa,Food
Uber Bus ticket,Transport
Paid for Electricity bill from bank,Bills
Subscribed to Disney+ subscription from YouTube,Entertainment
Subscribed to YouTube Board game,Entertainment
Purchased new Power bank from shopping center,Shopping
Dinner at Chicken curry from McDonald's,Food
Paid Lab fee for the course,Education
Ordered Necklace seasonal sale,Shopping
Booked PlayStation Stand-up comedy show,Entertainment
Subscribed to Bowling session from YouTube,Entertainment
Recharged Bus ticket to the mall,Transport
Paid for Belt for birthday gift,Shopping
Renewed Bowling session family plan,Entertainment
Diesel for September,Transport
Used Fuel station downtown,Transport
Purchased Amazon Prime E-book purchase,Entertainment
Took out Thukpa from cafe,Food
Paid Internet bill from insurance company,Bills
Bike fuel for a trip,Transport
Renewed Amusement park ticket from Xbox Game Pass,Entertainment
Socks - outlet store,Shopping
Ordered Burger King Sandwich,Food
Bought library Workshop registration,Education
Paid Seminar fee for the course,Education
Music album - Disney+,Entertainment
Enrolled in Certification exam from university,Education
Took a Car rental from local garage,Transport
Purchased Spotify Spotify subscription,Entertainment
Paid for PlayStation Plus from local cinema,Entertainment
Paid Coursera Coaching class fee,Education
Ordered Milkshake from Subway,Food
Bought Concert ticket from local cinema,Entertainment
Video game purchase from PlayStation,Entertainment
boutique Electronics gadget,Shopping
Purchased Coursera Online course,Education
Juice for May,Food
Bedsheet from online store,Shopping
Health insurance premium for May,Health
Bought Backpack for birthday gift,Shopping
Refueled with Uber Fuel station,Transport
Took out Groceries from Pizza Hut,Food
Paid for Karaoke night premium plan,Entertainment
Purchased Disney+ Concert ticket,Entertainment
Renewed Stand-up comedy show with friends,Entertainment
Monthly NEA Phone bill,Bills
Paid for Electronics gadget from boutique,Shopping
Snack at Falafel from local bakery,Food
Grabbed Tea from KFC,Food
Paid local college Certification exam,Education
Eggs for November,Food
Dinner at Hot dog takeaway,Food
Bowling session for August,Entertainment
Amusement park ticket for June,Entertainment
Fruits - cafe,Food
Recharged Metro card recharge for a trip,Transport
Jeans from outlet store,Shopping
Booked Surgery cost emergency visit,Health
Took out Foodmandu Coffee,Food
Paid for Netflix Disney+ subscription,Entertainment
Watch,Shopping
Bought Samosa on the way home,Food
Used petrol pump Fuel station,Transport
Subscribed to Xbox Game Pass Amusement park ticket,Entertainment
Laptop bag for March,Shopping
Soup - McDonald's,Food
Paid for House rent for the house,Bills
Paid for Monthly rent from NEA,Bills
Paid for local garage Taxi fare,Transport
Booked Music album annual plan,Entertainment
Steak - Wow Momo,Food
Had Cooking oil from Foodmandu,Food
Snacks - Pizza Hut,Food
Bought outlet store Wallet,Shopping
Booked Netflix subscription from Spotify,Entertainment
Paid for shopping center Bedsheet,Shopping
Cooking oil for May,Food
Grabbed Burger King Kebab,Food
Netflix Movie ticket,Entertainment
Ordered boutique Bag,Shopping
Cleared telecom provider Phone bill,Bills
Bought shopping center Backpack,Shopping
Took out Fried rice,Food
Settled utility company Garbage collection fee,Bills
Purchased Coaching class fee from local college,Education
Used Vehicle insurance from gas station,Transport
Refueled with Diesel from gas station,Transport
Purchased Software license for study from bookstore,Education
Booked Sajha Yatayat Cab fare,Transport
Makeup kit for December,Shopping
Refueled with gas station Ride share,Transport
Subscribed to Netflix subscription,Entertainment
Ordered outlet store Headphones,Shopping
Bought local clinic X-ray,Health
Spotify subscription for June,Entertainment
Ordered Amazon Earrings,Shopping
Purchased Amusement park ticket from Disney+,Entertainment
Booked local cinema Theatre ticket,Entertainment
Shopping for Curtains from boutique,Shopping
Ordered food court Snacks,Food
Took out Starbucks Fruits,Food
Purchased Bowling session from Disney+,Entertainment
Paid for Hot dog from Wow Momo,Food
Bought Milk,Food
Purchased new Socks,Shopping
Recharged Sajha Yatayat Train ticket,Transport
Purchased Bowling session from local cinema,Entertainment
Bought hospital X-ray,Health
Used Bike repair to hospital,Transport
Ordered Power bank from boutique,Shopping
Snack at Sushi for the party,Food
Refueled with Bus ticket to home,Transport
Booked Pathao Ride share,Transport
Recharged Bike rental for a trip,Transport
Booked Medical bill from gym,Health
Purchased Gaming subscription,Entertainment
Took a InDrive Bike repair,Transport
Purchased Thesis printing from library,Education
Monthly Credit card payment this month,Bills
Purchased gas station Ride share,Transport
Refueled with Pathao Uber ride,Transport
Had Biryani,Food
Recharged gas station Bike repair,Transport
Paid for Netflix Steam purchase,Entertainment
Bought pharmacy Eye checkup,Health
Bought Hot dog from Wow Momo,Food
Sandwich for July,Food
Purchased new Amazon Earrings,Shopping
Had Rice bag from Bajeko Sekuwa,Food
Workshop registration - university,Education
Spotify subscription for April,Entertainment
Paid for YouTube Premium with friends,Entertainment
Dinner at dhaba Groceries,Food
Purchased Steam Comic book,Entertainment
Burger - Bajeko Sekuwa,Food
Recharged local garage Fuel station,Transport
Ordered Curtains for college,Shopping
Paid for Netflix Comic book,Entertainment
Went for gym Health insurance premium,Health
Petrol - gas station,Transport
Bought Grilled fish during break,Food
Paid for Bike fuel,Transport
Cinema ticket for January,Entertainment
Ordered boutique Necklace,Shopping
Helmet purchase for December,Transport
local garage Tire replacement,Transport
Grabbed Starbucks Burger,Food
Refueled with Sajha Yatayat Uber ride,Transport
Used petrol pump Uber ride,Transport
Enrolled in library Stationery,Education
Disney+ subscription for June,Entertainment
Cake for October,Food
Used Bike fuel from InDrive,Transport
Paid for bank Electricity bill,Bills
Theatre ticket - PlayStation,Entertainment
Bought Electronics gadget from Amazon,Shopping
Paid Home loan installment annual payment,Bills
Recharged Tire replacement downtown,Transport
Subscribed to PlayStation Comic book,Entertainment
Grabbed Juice with friends,Food
Settled Property tax from bank,Bills
Bought local mall Belt,Shopping
Purchased street food stall Vegetables,Food
Settled Garbage collection fee annual payment,Bills
Booked Steam purchase weekend outing,Entertainment
Renewed Streaming service from Netflix,Entertainment
Paid for YouTube Premium annual plan,Entertainment
Recharged petrol pump Scooter rental,Transport
Refueled with Bus ticket downtown,Transport
Disney+ subscription for December,Entertainment
Refueled with Flight ticket for weekend trip,Transport
Recharged Bike repair from gas station,Transport
Renewed Gaming subscription annual plan,Entertainment
Cinema ticket for September,Entertainment
Renewed PlayStation Plus from Steam,Entertainment
Textbooks - local college,Education
Cleared telecom provider WiFi payment,Bills
Video game purchase for September,Entertainment
Subscribed to Bowling session premium plan,Entertainment
Bought Pharmacy purchase from hospital,Health
Sushi - food court,Food
Had Dosa,Food
Breakfast at Sushi from Pizza Hut,Food
Health checkup for September,Health
Paid for Gym membership from gym,Health
Paid for Phone case from outlet store,Shopping
Paid for Ride share for weekend trip,Transport
Bought Netflix E-book purchase,Entertainment
Ordered Eggs from Domino's,Food
Makeup kit for college,Shopping
Had Ice cream from hotel restaurant,Food
Purchased Thukpa from street food stall,Food
Paid for online store Perfume,Shopping
Paid for insurance company Mobile recharge,Bills
Disney+ subscription for August,Entertainment
Steam Board game,Entertainment
Dinner at Pizza Hut Fried rice,Food
Bought Xbox Game Pass Amusement park ticket,Entertainment
Bought Phone case seasonal sale,Shopping
Renewed Steam E-book purchase,Entertainment
Booked Scooter rental downtown,Transport
Electronics gadget for college,Shopping
Fruits - street food stall,Food
Visited for Dental treatment from local clinic,Health
Purchased Disney+ E-book purchase,Entertainment
Ordered Milk at office,Food
Paid for Spotify subscription with friends,Entertainment
Cleared Phone bill from insurance company,Bills
Purchased new Kitchenware for birthday gift,Shopping
Ordered Sunglasses from Amazon,Shopping
Ordered Salad from food court,Food
Purchased library Study materials,Education
Headphones for July,Shopping
Paid College supplies from local college,Education
Netflix subscription from local cinema,Entertainment
Bought online store Bag,Shopping
Sneakers for May,Shopping
Purchased School books from Udemy,Education
Booked Physiotherapy session from hospital,Health
Ordered Shoes from online store,Shopping
Used Scooter rental from petrol pump,Transport
Paid for Concert ticket monthly plan,Entertainment
Bought Eggs from cafe,Food
Registered for College fee this semester,Education
Settled local ISP Monthly rent,Bills
Refueled with InDrive Helmet purchase,Transport
Snack at Burrito,Food
Cab fare from Sajha Yatayat,Transport
Refueled with Sajha Yatayat Metro card recharge,Transport
Purchased Stand-up comedy show from Netflix,Entertainment
Snack at Falafel,Food
Renewed Amusement park ticket with friends,Entertainment
Enrolled in Programming course from library,Education
Purchased Bike repair from Sajha Yatayat,Transport
Bought Cooking oil at office,Food
Purchased local garage Petrol,Transport
Paid for Bus ticket from local garage,Transport
Refueled with Bike wash from local garage,Transport
Paid for YouTube Theatre ticket,Entertainment
Paid for Metro card recharge to office,Transport
Movie ticket from Xbox Game Pass,Entertainment
Purchased Seminar fee from Udemy,Education
Ordered Chicken curry from restaurant,Food
Pathao Auto rickshaw fare,Transport
Bought Concert ticket weekend outing,Entertainment
Jeans for July,Shopping
Paid for Furniture piece for birthday gift,Shopping
Phone case for October,Shopping
Used Flight ticket from local garage,Transport
Renewed Steam Netflix subscription,Entertainment
Paid for Taco,Food
Paid for outlet store Jeans,Shopping
Registered for local college Workshop registration,Education
Recharged gas station Train ticket,Transport
Got a new Sneakers for office,Shopping
Concert ticket with friends,Entertainment
Took out Bread from food court,Food
InDrive Auto rickshaw fare,Transport
Used Toll fee,Transport
Monthly utility company Society fee,Bills
Insurance premium - local ISP,Bills
Paid for petrol pump Bike rental,Transport
Breakfast at Sushi from Wow Momo,Food
Headphones - Amazon,Shopping
Took a Flight ticket from InDrive,Transport
Paid for Health checkup from local clinic,Health
Scooter rental from InDrive,Transport
Took a Train ticket airport transfer,Transport
Bought Spotify subscription family plan,Entertainment
Snack at Burger King Pancakes,Food
Subscribed to Spotify subscription weekend outing,Entertainment
Booked Parking fee from petrol pump,Transport
Paid for PlayStation Plus from Disney+,Entertainment
Purchased local cinema YouTube Premium,Entertainment
Booked petrol pump Bike rental,Transport
Booked Car service from gas station,Transport
Purchased Arcade tokens from local cinema,Entertainment
Breakfast at Hot dog from campus canteen,Food
Purchased new Shoes for birthday gift,Shopping
Bought Phone case,Shopping
Paid for Steam Disney+ subscription,Entertainment
Bought hospital Pharmacy purchase,Health
Took out hotel restaurant Pizza,Food
Music album for September,Entertainment
Recharged Parking fee for weekend trip,Transport
Parking fee from InDrive,Transport
Purchased Stand-up comedy show from local cinema,Entertainment
Paid for Shoes online order,Shopping
Bought Concert ticket from Spotify,Entertainment
Bike repair for weekend trip,Transport
Purchased College fee from coaching center,Education
Booked wellness center Medicine,Health
Booked Train ticket to college,Transport
Paid for gym Doctor appointment,Health
Shirt for August,Shopping
Paid for Car rental from Uber,Transport
Visited for wellness center Health checkup,Health
Purchased Streaming service family plan,Entertainment
Bought university Thesis printing,Education
Lunch at Starbucks Noodles,Food
Booked local clinic Medicine,Health
Purchased Comic book from Steam,Entertainment
Bought Software license for study from library,Education
Spotify Arcade tokens,Entertainment
Grabbed Foodmandu Steak,Food
Paid for Starbucks Noodles,Food
Lunch at Pancakes,Food
Booked Fuel station to college,Transport
Took out Hot dog from Bajeko Sekuwa,Food
Purchased Toll fee from Tootle,Transport
Paid for NEA Internet bill,Bills
Refueled with Vehicle insurance for weekend trip,Transport
Fuel station - gas station,Transport
Used Pathao ride to home,Transport
Purchased Amazon Prime membership from Xbox Game Pass,Entertainment
Purchased Bike fuel,Transport
Grilled fish - Burger King,Food
Paid bank Apartment rent,Bills
Took a Scooter rental to college,Transport
Car service from Tootle,Transport
Ice cream - Bajeko Sekuwa,Food
Registered for Workshop registration from bookstore,Education
Ordered food court Fried rice,Food
Lunch at Ice cream,Food
Sneakers - local mall,Shopping
Purchased Samosa after work,Food
Paid for Arcade tokens with friends,Entertainment
Wallet for office,Shopping
Purchased Amazon Prime Comic book,Entertainment
Thukpa - campus canteen,Food
Paid for Momo from cafe,Food
Paid for Bike wash airport transfer,Transport
Purchased Car rental from InDrive,Transport
Purchased Xbox Game Pass Video game purchase,Entertainment
Ordered Socks from shopping center,Shopping
Amazon Prime membership from Disney+,Entertainment
Took a Sajha Yatayat Vehicle insurance,Transport
Bought Cap for college,Shopping
Took a Bike rental to home,Transport
Renewed Steam Steam purchase,Entertainment
Booked Sajha Yatayat Taxi fare,Transport
Purchased Karaoke night from Xbox Game Pass,Entertainment
Subscribed to Amusement park ticket from local cinema,Entertainment
Visited for Vitamin supplements from hospital,Health
Paid for Sweater for office,Shopping
Bought Dental appointment emergency visit,Health
Subscribed to YouTube Premium weekend outing,Entertainment
Sneakers for June,Shopping
Refueled with Train ticket to the mall,Transport
Steam purchase from Netflix,Entertainment
Booked Steam Gaming subscription,Entertainment
Booked local clinic Vaccination,Health
Booked Disney+ Bowling session,Entertainment
Paid for Backpack for office,Shopping
Renewed Karaoke night,Entertainment
Subscribed to Netflix subscription from local cinema,Entertainment
Bedsheet from boutique,Shopping
Ordered Necklace from outlet store,Shopping
Took a Metro card recharge to hospital,Transport
Sunglasses from outlet store,Shopping
Bought Dal bhat,Food
Bike repair to home,Transport
Ordered Dal bhat at college,Food
Paid Electricity bill for the house,Bills
Settled bank WiFi payment,Bills
Bike fuel for June,Transport
Booked Comic book family plan,Entertainment
Disney+ Arcade tokens,Entertainment
Recharged Diesel downtown,Transport
Booked Eye checkup from local clinic,Health
Took out cafe Ramen,Food
Daraz Power bank,Shopping
Paid for Bag from local mall,Shopping
Breakfast at French fries at office,Food
Used Fuel station to the mall,Transport
Used Fuel station for weekend trip,Transport
Settled bank Cable TV bill,Bills
Shopping for Sneakers online order,Shopping
Visited for local clinic Health checkup,Health
Sneakers - shopping center,Shopping
Steam purchase for September,Entertainment
Recharged Uber ride downtown,Transport
Visited for pharmacy Health insurance premium,Health
Purchased new Cap,Shopping
Socks - online store,Shopping
Kitchenware for February,Shopping
Used gas station Bus ticket,Transport
T-shirt from local mall,Shopping
Enrolled in University fee from university,Education
Booked pharmacy Eye checkup,Health
Kitchenware from Amazon,Shopping
Diesel from Pathao,Transport
Dinner at Foodmandu Cake,Food
Took out Biryani,Food
Bought food court Fruits,Food
Monthly landlord House rent,Bills
Renewed YouTube Spotify subscription,Entertainment
Purchased InDrive Auto rickshaw fare,Transport
Bought Waffles from Foodmandu,Food
Purchased Disney+ Theatre ticket,Entertainment
Snack at Pancakes from Foodmandu,Food
Smoothie for September,Food
Belt from online store,Shopping
Purchased E-book purchase from Disney+,Entertainment
Enrolled in Project materials from Udemy,Education
Lunch at Milkshake from Starbucks,Food
Booked Helmet purchase to the mall,Transport
Monthly insurance company Credit card payment,Bills
Took out McDonald's Kebab,Food
Took out Chowmein at office,Food
Used Car rental from petrol pump,Transport
Paid for Cap for birthday gift,Shopping
Shopping for Power bank from Amazon,Shopping
local garage Metro card recharge,Transport
Amusement park ticket - Xbox Game Pass,Entertainment
Breakfast at Sushi at office,Food
Took a petrol pump Taxi fare,Transport
Settled Phone bill annual payment,Bills
Phone bill for August,Bills
Paid for Noodles for the party,Food
Waffles - Starbucks,Food
Renewed Amusement park ticket premium plan,Entertainment
Power bank for October,Shopping
Had Smoothie at office,Food
Bought outlet store Jacket,Shopping
Amazon Prime membership weekend outing,Entertainment
Ordered Umbrella for office,Shopping
Registered for local college Coaching class fee,Education
Settled Property tax for the apartment,Bills
Paid for Hot dog takeaway,Food
Got a new online store Laptop bag,Shopping
Got a new Charger for college,Shopping
Stand-up comedy show - Amazon Prime,Entertainment
Subscribed to Amazon Prime Netflix subscription,Entertainment
Fried chicken - Starbucks,Food
Purchased Steam purchase from Steam,Entertainment
Paid for Belt for office,Shopping
Purchased Petrol to office,Transport
Paid for Perfume seasonal sale,Shopping
Tire replacement from gas station,Transport
Bought Disney+ Comic book,Entertainment
Bought Library fine from bookstore,Education
Shopping for Bag from Amazon,Shopping
Booked Dental treatment routine visit,Health
Bus ticket downtown,Transport
Cab fare - InDrive,Transport
Settled insurance company Loan EMI,Bills
Recharged Metro card recharge from gas station,Transport
Purchased new boutique Makeup kit,Shopping
Got a new Electronics gadget from Daraz,Shopping
Purchased new Amazon Backpack,Shopping
Booked Pathao ride for weekend trip,Transport
Ordered Vegetables takeaway,Food
Dinner at Fruits on the way home,Food
Bought Textbooks from Udemy,Education
Bought Coursera College fee,Education
Paid for diagnostic center Blood test,Health
Purchased new shopping center Bedsheet,Shopping
Purchased Bus ticket from local garage,Transport
Refueled with Vehicle insurance from Uber,Transport
Bike rental - Pathao,Transport
Bought Dental appointment from gym,Health
Ordered T-shirt seasonal sale,Shopping
Booked Scooter rental from local garage,Transport
Paid for Cable TV bill from bank,Bills
Had Momo at college,Food
Went for Medicine from gym,Health
Bought Amazon Backpack,Shopping
Bought Coffee from Foodmandu,Food
Umbrella for April,Shopping
Paid for Furniture piece from outlet store,Shopping
French fries for February,Food
Recharged Car rental to office,Transport
Subscribed to Disney+ subscription from Netflix,Entertainment
Diesel for weekend trip,Transport
Purchased InDrive Taxi fare,Transport
University fee for May,Education
Vehicle insurance for April,Transport
Paid for Pancakes,Food
Shopping for Sunglasses from online store,Shopping
Purchased Disney+ subscription,Entertainment
Grilled fish for January,Food
Booked Dental appointment emergency visit,Health
Paid School books this semester,Education
Paid for diagnostic center Vaccination,Health
Bought Netflix Amusement park ticket,Entertainment
Dumplings for April,Food
Shopping for Electronics gadget for college,Shopping
Shopping for Headphones from shopping center,Shopping
Recharged Tootle Tire replacement,Transport
Renewed Steam purchase from local cinema,Entertainment
Purchased YouTube Premium from YouTube,Entertainment
Bought Milkshake after work,Food
Purchased Netflix subscription from local cinema,Entertainment
Purchased university Software license for study,Education
Lunch at Foodmandu Groceries,Food
Refueled with Fuel station to home,Transport
Had Tea after work,Food
Paid for Apartment rent for the house,Bills
Bought Sneakers from Daraz,Shopping
Paid for Mobile recharge from NEA,Bills
Bought Amazon Prime membership,Entertainment
Paid for Amazon Prime Theatre ticket,Entertainment
Monthly Society fee from landlord,Bills
Sweater for December,Shopping
Paid for Cinema ticket weekend outing,Entertainment
Subscribed to Gaming subscription from YouTube,Entertainment
Purchased Library fine from local college,Education
Makeup kit - Amazon,Shopping
Milkshake - restaurant,Food
Rice bag - McDonald's,Food
Had Bread from McDonald's,Food
Dinner at local bakery Groceries,Food
Purchased new Shirt for birthday gift,Shopping
Dinner at Dosa from food court,Food
Recharged Bike fuel from petrol pump,Transport
Booked Hospital bill from diagnostic center,Health
Refueled with Tootle Petrol,Transport
Dental appointment for April,Health
Theatre ticket for July,Entertainment
Booked Pathao ride from Sajha Yatayat,Transport
Purchased Netflix subscription from PlayStation,Entertainment
Paid NEA Garbage collection fee,Bills
Settled Mobile recharge from landlord,Bills
Purchased bookstore Certification exam,Education
Booked Tire replacement to the mall,Transport
Purchased Disney+ subscription weekend outing,Entertainment
Bought university Textbooks,Education
Booked Spotify Movie ticket,Entertainment
Got a new Phone case from online store,Shopping
Dinner at Burger King Juice,Food
Ordered Eggs takeaway,Food
Monthly insurance company Water tank refill,Bills
Purchased new shopping center Umbrella,Shopping
Got a new Amazon Phone case,Shopping
Earrings from Daraz,Shopping
Refueled with Taxi fare from local garage,Transport
Jeans seasonal sale,Shopping
Booked pharmacy Physiotherapy session,Health
Dental appointment for November,Health
Breakfast at Sandwich with friends,Food
Refueled with Pathao Vehicle insurance,Transport
Renewed Disney+ Disney+ subscription,Entertainment
Purchased new Sneakers from boutique,Shopping
Booked Comic book with friends,Entertainment
Refueled with local garage Tire replacement,Transport
Bought Physiotherapy session from diagnostic center,Health
Paid Internet bill annual payment,Bills
Purchased E-book purchase from local cinema,Entertainment
Bought Umbrella,Shopping
Paid university Exam fee,Education
Got a new Headphones seasonal sale,Shopping
Paid for Sushi from campus canteen,Food
Eggs - restaurant,Food
Went for Medicine from hospital,Health
Ordered Daraz Earrings,Shopping
Used Car service from petrol pump,Transport
Recharged Uber Toll fee,Transport
Enrolled in local college School books,Education
Booked Theatre ticket weekend outing,Entertainment
Paid for Vegetables from campus canteen,Food
Recharged Helmet purchase from Uber,Transport
Paid for Curtains online order,Shopping
Breakfast at Domino's Kebab,Food
Used Scooter rental for weekend trip,Transport
Flight ticket airport transfer,Transport
Breakfast at Groceries from McDonald's,Food
Bought Amazon Prime Arcade tokens,Entertainment
Tootle Car service,Transport
Ordered Headphones from shopping center,Shopping
Took out Starbucks Soup,Food
Paid for Steam Amazon Prime membership,Entertainment
Shopping for Makeup kit,Shopping
Purchased Petrol from Sajha Yatayat,Transport
Paid for Car rental to home,Transport
Renewed Netflix subscription annual plan,Entertainment
Renewed Concert ticket monthly plan,Entertainment
Bought Streaming service from Xbox Game Pass,Entertainment
Enrolled in university College fee,Education
Visited for pharmacy Medicine,Health
Bought Cake from Pizza Hut,Food
Used Tire replacement from Sajha Yatayat,Transport
Shopping for Amazon Charger,Shopping
Paid for gas station Bike fuel,Transport
Lunch at Fried rice with friends,Food
Purchased coaching center Online course,Education
Bought PlayStation PlayStation Plus,Entertainment
Purchased new Belt from Amazon,Shopping
Paid for Starbucks Coffee,Food
Purchased YouTube E-book purchase,Entertainment
Shopping for Bedsheet from online store,Shopping
Used Pathao Ride share,Transport
Ordered outlet store Jeans,Shopping
Purchased Ramen on the way home,Food
Ordered Steak during break,Food
Paid for Sunglasses for college,Shopping
Shopping for Amazon Shoes,Shopping
Sweater from Daraz,Shopping
Shopping for Amazon Makeup kit,Shopping
Paid for Car service from Uber,Transport
Bike repair from Sajha Yatayat,Transport
Registered for Library fine from Udemy,Education
Purchased Amusement park ticket from PlayStation,Entertainment
Comic book weekend outing,Entertainment
Visited for wellness center Medical bill,Health
Ordered Grilled fish during break,Food
Ordered shopping center Phone case,Shopping
Recharged local garage Bike fuel,Transport
Breakfast at Fried chicken from Bajeko Sekuwa,Food
Got a new Perfume for birthday gift,Shopping
Dinner at Cooking oil at office,Food
Refueled with local garage Toll fee,Transport
Purchased Amusement park ticket from Xbox Game Pass,Entertainment
Settled Loan EMI from insurance company,Bills
local cinema PlayStation Plus,Entertainment
Bike wash - gas station,Transport
Shirt - outlet store,Shopping
Grabbed Tea from Pizza Hut,Food
Bought Amazon Prime Theatre ticket,Entertainment
Paid for Tootle Auto rickshaw fare,Transport
Paid for Pathao Bus ticket,Transport
Ordered Falafel from Foodmandu,Food
Bought T-shirt for office,Shopping
Steam Karaoke night,Entertainment
Used Pathao Bike rental,Transport
Amusement park ticket - Spotify,Entertainment
Bought Disney+ subscription from Disney+,Entertainment
Kebab for March,Food
Movie ticket from Disney+,Entertainment
Bought wellness center Vaccination,Health
Recharged Uber Parking fee,Transport
Visited for gym Yoga class fee,Health
Purchased College supplies this semester,Education
Booked PlayStation Plus from local cinema,Entertainment
Tootle Taxi fare,Transport
Recharged Taxi fare downtown,Transport
Lunch at Starbucks Smoothie,Food
Bought Phone case for college,Shopping
Breakfast at Pastry,Food
Booked Toll fee,Transport
Purchased hotel restaurant Chowmein,Food
Booked Bike wash from Sajha Yatayat,Transport
Ride share - Pathao,Transport
Used local garage Bike wash,Transport
Settled Electricity bill for the house,Bills
Purchased new Sneakers from Amazon,Shopping
Paid for Kitchenware,Shopping
Booked PlayStation Plus premium plan,Entertainment
Shopping for Shirt,Shopping
PlayStation Plus from PlayStation,Entertainment
Paid for boutique Sweater,Shopping
Renewed YouTube Premium weekend outing,Entertainment
Lunch at Domino's Burger,Food
Shopping for Jacket for office,Shopping
Medical bill - hospital,Health
Snack at KFC Ice cream,Food
Lunch at Samosa at college,Food
Breakfast at Fried chicken on the way home,Food
Bike wash - Tootle,Transport
Paid for Karaoke night from Steam,Entertainment
Bought Netflix subscription from Xbox Game Pass,Entertainment
Thukpa for December,Food
Bought Netflix subscription from Amazon Prime,Entertainment
InDrive Car service,Transport
Ordered Smoothie,Food
Ordered Falafel,Food
Purchased new Phone case for birthday gift,Shopping
Lunch at Burger on the way home,Food
Ordered Subway Groceries,Food
Snack at hotel restaurant Burrito,Food
Subscribed to Amazon Prime Board game,Entertainment
Paid for Milk,Food
Refueled with local garage Petrol,Transport
Booked E-book purchase from Steam,Entertainment
Pancakes for March,Food
Cleared Electricity bill quarterly payment,Bills
Dal bhat - restaurant,Food
Subscribed to Steam Video game purchase,Entertainment
Booked Concert ticket weekend outing,Entertainment
Purchased Diesel from Pathao,Transport
Paid for Monthly rent quarterly payment,Bills
Ordered Eggs from food court,Food
Bought Disney+ subscription from Netflix,Entertainment
Purchased Gaming subscription monthly plan,Entertainment
E-book purchase - Amazon Prime,Entertainment
Grabbed Sandwich with friends,Food
Purchased Sandwich,Food
Paid bank House rent,Bills
Bought PlayStation Amusement park ticket,Entertainment
Monthly insurance company Internet bill,Bills
Steak for January,Food
Purchased new T-shirt from online store,Shopping
Went for Blood test from diagnostic center,Health
Took out Sandwich from Starbucks,Food
Booked Comic book from Disney+,Entertainment
Lunch at Hot dog,Food
Used Train ticket to hospital,Transport
Burger - Burger King,Food
Makeup kit - local mall,Shopping
Paid Online course for the course,Education
Snack at Subway Cake,Food
Amazon Laptop bag,Shopping
Shopping for Jeans from online store,Shopping
Visited for diagnostic center Painkillers,Health
Paid university Online course,Education
Breakfast at Ice cream with friends,Food
Paid for Charger from shopping center,Shopping
Cleared Apartment rent for the house,Bills
Cap - Daraz,Shopping
Recharged Cab fare,Transport
Ordered Tea from Burger King,Food
Paid for utility company Water bill,Bills
Sandwich - dhaba,Food
Purchased new Watch,Shopping
Fruits - Wow Momo,Food
Bought Amazon Prime Amusement park ticket,Entertainment
Bought gym Surgery cost,Health
Lunch at Juice at office,Food
Subscribed to Disney+ subscription monthly plan,Entertainment
Bought Sunglasses seasonal sale,Shopping
Breakfast at Domino's Samosa,Food
Paid for Board game with friends,Entertainment
Car service to the mall,Transport
Bought PlayStation Spotify subscription,Entertainment
Purchased new Wallet online order,Shopping
Renewed Karaoke night weekend outing,Entertainment
Used InDrive Toll fee,Transport
Purchased E-book purchase from Steam,Entertainment
Grabbed Donuts from hotel restaurant,Food
Ordered Backpack from boutique,Shopping
Dental treatment for February,Health
Fried chicken for July,Food
Bought Amazon Prime Disney+ subscription,Entertainment
Bought Software license for study for the workshop,Education
Ordered Wallet seasonal sale,Shopping
T-shirt - local mall,Shopping
Purchased new Backpack,Shopping
Purchased Coursera Textbooks,Education
Paid Apartment rent from landlord,Bills
Got a new online store Makeup kit,Shopping
Enrolled in Textbooks this semester,Education
Ordered Pizza Hut Cooking oil,Food
Subscribed to YouTube Bowling session,Entertainment
Registered for bookstore College fee,Education
Bought Vitamin supplements from pharmacy,Health
Paid for Amazon Prime Steam purchase,Entertainment
Bought Yoga class fee from diagnostic center,Health
Purchased Cab fare from local garage,Transport
Had Tea from Burger King,Food
Study materials - university,Education
Refueled with Pathao Metro card recharge,Transport
Paid for Amazon Prime membership from Xbox Game Pass,Entertainment
Lunch at Soup at college,Food
Paid for street food stall Ice cream,Food
Used Sajha Yatayat Scooter rental,Transport
Paid for Music album from YouTube,Entertainment
Took out Hot dog,Food
Paid for Spotify subscription from local cinema,Entertainment
Paid for Disney+ Netflix subscription,Entertainment
Sweater for March,Shopping
Paid library Coaching class fee,Education
Paid for Spotify Streaming service,Entertainment
Bought Physiotherapy session emergency visit,Health
Got a new Furniture piece for college,Shopping
Used Vehicle insurance from local garage,Transport
Snack at local bakery Milkshake,Food
Concert ticket from local cinema,Entertainment
Lunch at Juice delivery order,Food
Makeup kit from outlet store,Shopping
Booked YouTube Premium family plan,Entertainment
Bought Painkillers checkup,Health
Recharged Tire replacement from Uber,Transport
Settled Apartment rent from bank,Bills
Blood test for March,Health
Breakfast at Taco at college,Food
Bought bookstore Thesis printing,Education
Purchased Chicken curry at office,Food
Lunch at Vegetables at office,Food
Registered for Programming course from bookstore,Education
Breakfast at local bakery Bubble tea,Food
Purchased new Jeans online order,Shopping
Went for Eye checkup from hospital,Health
Monthly Property tax from NEA,Bills
Renewed YouTube Premium premium plan,Entertainment
Watch for office,Shopping
Got a new Wallet seasonal sale,Shopping
Bought Comic book from Steam,Entertainment
Purchased Uber Pathao ride,Transport
Dinner at Groceries,Food
Breakfast at Sandwich with family,Food
Paid for X-ray routine visit,Health
Purchased new Sunglasses from outlet store,Shopping
Booked Disney+ subscription from Netflix,Entertainment
Pathao ride for October,Transport
Renewed YouTube Bowling session,Entertainment
Paid for Sajha Yatayat Auto rickshaw fare,Transport
Bought Spotify subscription from Netflix,Entertainment
Booked Netflix Karaoke night,Entertainment
Refueled with Ride share,Transport
Bought Necklace from shopping center,Shopping
Booked Xbox Game Pass Music album,Entertainment
Monthly Water bill for the house,Bills
Settled Apartment rent quarterly payment,Bills
Had Salad at college,Food
Had local bakery Soup,Food
Went for Vaccination follow-up visit,Health
Grabbed Falafel from campus canteen,Food
Enrolled in University fee from coaching center,Education
Purchased new Jeans seasonal sale,Shopping
Purchased Flight ticket to the mall,Transport
Breakfast at Coffee,Food
Booked Streaming service,Entertainment
Phone case - online store,Shopping
Settled Loan EMI from telecom provider,Bills
Paid for Steam purchase from Xbox Game Pass,Entertainment
Tire replacement for January,Transport
Purchased Steam Music album,Entertainment
Ordered Headphones from local mall,Shopping
Renewed Theatre ticket from Netflix,Entertainment
Had Waffles from cafe,Food
Used Bike rental to college,Transport
Monthly Apartment rent from insurance company,Bills
Renewed Stand-up comedy show from Steam,Entertainment
Furniture piece for January,Shopping
Used Car rental to home,Transport
Booked Bike wash to hospital,Transport
Settled NEA Phone bill,Bills
Vehicle insurance - local garage,Transport
Paid Water tank refill this month,Bills
Refueled with Flight ticket airport transfer,Transport
Car service from gas station,Transport
Comic book for June,Entertainment
Bought shopping center Furniture piece,Shopping
Paid bank Credit card payment,Bills
Registered for coaching center Certification exam,Education
Renewed Streaming service annual plan,Entertainment
Music album - YouTube,Entertainment
Bought Sushi,Food
Enrolled in Stationery from library,Education
Enrolled in local college Lab fee,Education
Monthly rent for August,Bills
Booked Pharmacy purchase from pharmacy,Health
Purchased new Daraz Shirt,Shopping
Recharged Tootle Fuel station,Transport
Wallet for January,Shopping
Snack at Dal bhat from Subway,Food
Purchased Tootle Car rental,Transport
Cleared insurance company Cable TV bill,Bills
Paid for X-ray emergency visit,Health
Dinner at Groceries after work,Food
Subscribed to YouTube Netflix subscription,Entertainment
Bought Video game purchase with friends,Entertainment
Paid School books from coaching center,Education
Booked Steam Concert ticket,Entertainment
Booked Car rental for weekend trip,Transport
Subscribed to Karaoke night,Entertainment
Renewed local cinema Theatre ticket,Entertainment
Had Pizza from Pizza Hut,Food
Booked Steam Spotify subscription,Entertainment
Refueled with local garage Pathao ride,Transport
Bought Amazon Prime membership from Xbox Game Pass,Entertainment
Booked Tootle Helmet purchase,Transport
Booked Amazon Prime PlayStation Plus,Entertainment
Bought Donuts with friends,Food
Ordered Shoes from local mall,Shopping
Got a new online store Wallet,Shopping
Breakfast at Bread during break,Food
Recharged Train ticket from petrol pump,Transport
Refueled with Helmet purchase from Sajha Yatayat,Transport
Paid for Helmet purchase from gas station,Transport
Bought Vaccination monthly,Health
Used Pathao Petrol,Transport
Lunch at street food stall Juice,Food
Purchased PlayStation Plus from local cinema,Entertainment
Breakfast at KFC Samosa,Food
Paid for Bubble tea with friends,Food
Paid for Dental treatment checkup,Health
Paid for Parking fee airport transfer,Transport
Enrolled in Certification exam from bookstore,Education
Visited for Vitamin supplements routine visit,Health
Enrolled in Online course from library,Education
Booked Video game purchase monthly plan,Entertainment
Shopping for Curtains for birthday gift,Shopping
Shopping for Sunglasses seasonal sale,Shopping
Bike rental from InDrive,Transport
Spotify subscription for May,Entertainment
Watch for April,Shopping
Pathao ride from gas station,Transport
Subscribed to Spotify Cinema ticket,Entertainment
Paid for Uber Helmet purchase,Transport
Booked YouTube Premium from PlayStation,Entertainment
Music album for December,Entertainment
Paid for Earrings from shopping center,Shopping
Paid landlord Property tax,Bills
Visited for Painkillers follow-up visit,Health
Movie ticket for May,Entertainment
Renewed Steam Arcade tokens,Entertainment
Got a new Earrings for office,Shopping
Perfume,Shopping
Sunglasses for college,Shopping
Purchased Pancakes with friends,Food
Juice - Pizza Hut,Food
Bought University fee from university,Education
Bought Electronics gadget for birthday gift,Shopping
Took a local garage Diesel,Transport
Subscribed to Netflix PlayStation Plus,Entertainment
Subscribed to Spotify subscription from Amazon Prime,Entertainment
Booked Music album from Disney+,Entertainment
Purchased School books annual fee,Education
Bike repair - Pathao,Transport
Dinner at Subway Noodles,Food
Paid for Phone bill from telecom provider,Bills
Settled insurance company Internet bill,Bills
Bus ticket - Sajha Yatayat,Transport
Purchased Stand-up comedy show family plan,Entertainment
Ordered boutique Furniture piece,Shopping
Enrolled in Udemy College fee,Education
Paid for Sajha Yatayat Train ticket,Transport
Stand-up comedy show from Amazon Prime,Entertainment
Paid for Flight ticket to college,Transport
Bought Sneakers,Shopping
Snack at restaurant Hot dog,Food
Paid for Sandwich from Pizza Hut,Food
Bought Fried chicken from street food stall,Food
Paid for YouTube Disney+ subscription,Entertainment
Paid for Bike fuel airport transfer,Transport
Took a Vehicle insurance for weekend trip,Transport
Paid for Kebab from Pizza Hut,Food
Bought Daraz Laptop bag,Shopping
Used Tootle Pathao ride,Transport
Monthly Mobile recharge from landlord,Bills
Bike rental,Transport
Refueled with Bus ticket for a trip,Transport
Subscribed to Movie ticket from Xbox Game Pass,Entertainment
Lunch at local bakery Groceries,Food
Used Helmet purchase to office,Transport
Coffee for December,Food
Booked Stand-up comedy show family plan,Entertainment
Bought Karaoke night from Xbox Game Pass,Entertainment
Power bank for college,Shopping
Bought Spotify subscription from Amazon Prime,Entertainment
Bowling session from local cinema,Entertainment
Subscribed to E-book purchase from Disney+,Entertainment
Spotify Disney+ subscription,Entertainment
Paid for Fuel station from Uber,Transport
Paid for Dental treatment follow-up visit,Health
Went for Yoga class fee emergency visit,Health
Purchased coaching center Exam fee,Education
Taxi fare for August,Transport
Jeans - local mall,Shopping
Bike fuel for March,Transport
Grabbed Coffee from hotel restaurant,Food
Metro card recharge for January,Transport
Purchased new Charger for office,Shopping
Purchased Cinema ticket from Spotify,Entertainment
Renewed Amazon Prime PlayStation Plus,Entertainment
Paid Apartment rent from utility company,Bills
Subscribed to Cinema ticket weekend outing,Entertainment
Renewed Netflix Video game purchase,Entertainment
Belt from local mall,Shopping
Subscribed to local cinema Arcade tokens,Entertainment
Paid for YouTube Amazon Prime membership,Entertainment
Recharged Bike repair downtown,Transport
Subscribed to PlayStation Plus from YouTube,Entertainment
Lunch at Fruits from campus canteen,Food
Snacks for February,Food
Booked Diesel from Sajha Yatayat,Transport
Car service downtown,Transport
Makeup kit from Daraz,Shopping
Netflix subscription for August,Entertainment
Paid for InDrive Pathao ride,Transport
Subscribed to PlayStation Movie ticket,Entertainment
Settled Electricity bill annual payment,Bills
Subscribed to PlayStation Plus family plan,Entertainment
Purchased Udemy Exam fee,Education
Bought Jeans for birthday gift,Shopping
Breakfast at Snacks for the party,Food
Stationery - local college,Education
Bought T-shirt from shopping center,Shopping
Concert ticket for November,Entertainment
Bought Earrings for office,Shopping
Cab fare from gas station,Transport
Paid for Bike repair to home,Transport
Paid for Kebab,Food
Lunch at Coffee from Starbucks,Food
Went for Hospital bill from gym,Health
Dosa - KFC,Food
Socks for October,Shopping
Registered for bookstore Library fine,Education
Bought Snacks from Starbucks,Food
Parking fee from Pathao,Transport
Paid for Pasta from street food stall,Food
Went for Dental treatment follow-up visit,Health
Bought Workshop registration from library,Education
Bought Cinema ticket from Steam,Entertainment
Bag from Daraz,Shopping
Bought Coursera Textbooks,Education
Bought Cinema ticket with friends,Entertainment
Paid NEA Maintenance fee,Bills
Donuts - Wow Momo,Food
Shopping for local mall Power bank,Shopping
Bought College fee for the workshop,Education
Paid for Stand-up comedy show from Disney+,Entertainment
Took a Vehicle insurance downtown,Transport
Umbrella - shopping center,Shopping
Bought boutique Headphones,Shopping
Visited for Medicine monthly,Health
Disney+ Video game purchase,Entertainment
Went for diagnostic center Vaccination,Health
Subscribed to Spotify Karaoke night,Entertainment
Ordered Sweater from boutique,Shopping
Amazon Prime Spotify subscription,Entertainment
Grabbed Grilled fish at office,Food
Breakfast at Groceries on the way home,Food
Purchased university College supplies,Education
Used Car service to the mall,Transport
French fries for July,Food
Breakfast at Wow Momo Chowmein,Food
Bought Netflix Disney+ subscription,Entertainment
Parking fee for September,Transport
Cab fare from petrol pump,Transport
Renewed PlayStation Plus from YouTube,Entertainment
Music album for May,Entertainment
Took a Cab fare for weekend trip,Transport
Grabbed Ice cream,Food
Milkshake - dhaba,Food
Bought Daraz Backpack,Shopping
Paid for Yoga class fee follow-up visit,Health
Bought Health insurance premium from wellness center,Health
Ordered Sweater from shopping center,Shopping
Purchased Foodmandu Dal bhat,Food
Took out Kebab from cafe,Food
Paid for insurance company Credit card payment,Bills
Paid for Xbox Game Pass Concert ticket,Entertainment
Gaming subscription - local cinema,Entertainment
Gaming subscription from PlayStation,Entertainment
Cap for June,Shopping
Took out Pancakes from KFC,Food
Paid for Bedsheet from online store,Shopping
Paid for Watch seasonal sale,Shopping
Paid Home loan installment for the house,Bills
Paid Library fine for the workshop,Education
Took a Diesel,Transport
Purchased Pizza from McDonald's,Food
Booked Netflix Theatre ticket,Entertainment
Booked Vehicle insurance downtown,Transport
PlayStation Plus - Disney+,Entertainment
Settled utility company Monthly rent,Bills
Booked Eye checkup emergency visit,Health
Ordered Daraz T-shirt,Shopping
Grabbed dhaba Pizza,Food
Subscribed to Streaming service premium plan,Entertainment
Dinner at Chowmein from restaurant,Food
Purchased Foodmandu Smoothie,Food
Took a Auto rickshaw fare to home,Transport
Paid for Bag online order,Shopping
Took out Pizza Hut Burger,Food
Purchased new Sunglasses from Amazon,Shopping
Went for wellness center Health checkup,Health
Subscribed to Netflix Board game,Entertainment
Booked PlayStation Bowling session,Entertainment
Sunglasses for April,Shopping
Perfume for September,Shopping
Ordered Milk,Food
Renewed Board game from YouTube,Entertainment
Paid for cafe Dal bhat,Food
Purchased Amazon Prime membership premium plan,Entertainment
Purchased Train ticket airport transfer,Transport
Subscribed to Steam purchase from Netflix,Entertainment
Karaoke night with friends,Entertainment
Dinner at Bubble tea at office,Food
Monthly Home loan installment quarterly payment,Bills
Went for Vitamin supplements follow-up visit,Health
Ride share,Transport
Paid for Sneakers seasonal sale,Shopping
Used Metro card recharge from Sajha Yatayat,Transport
Cleared landlord Internet bill,Bills
Renewed Disney+ subscription from Disney+,Entertainment
Board game for December,Entertainment
Paid for Umbrella seasonal sale,Shopping
PlayStation Steam purchase,Entertainment
Subscribed to local cinema Concert ticket,Entertainment
Breakfast at Fried rice at office,Food
Ordered Sandwich from hotel restaurant,Food
Dinner at Bread,Food
Enrolled in Lab fee from Coursera,Education
Ordered Daraz Necklace,Shopping
local cinema Movie ticket,Entertainment
Purchased Amazon Prime Cinema ticket,Entertainment
Bought Cooking oil,Food
Purchased local cinema Concert ticket,Entertainment
Shopping for shopping center Shirt,Shopping
Paid for Theatre ticket,Entertainment
Monthly local ISP Water tank refill,Bills
Shopping for Curtains seasonal sale,Shopping
Shopping for Belt,Shopping
Bought Gaming subscription family plan,Entertainment
Recharged Tootle Helmet purchase,Transport
Purchased new Watch from shopping center,Shopping
Bought College tuition from local college,Education
Pasta for December,Food
Used Diesel from Uber,Transport
Breakfast at Tea during break,Food
Shopping for Amazon Sweater,Shopping
Disney+ subscription for September,Entertainment
Registered for College supplies from university,Education
Purchased Gaming subscription premium plan,Entertainment
Spotify subscription monthly plan,Entertainment
Shopping for local mall Jacket,Shopping
Bowling session for May,Entertainment
Paid for Shirt from boutique,Shopping
Paid for local mall Cap,Shopping
Lunch at Domino's Pizza,Food
Bike wash from local garage,Transport
YouTube Premium from Steam,Entertainment
Bought Steam purchase from Disney+,Entertainment
Took a Bike repair for a trip,Transport
Necklace from online store,Shopping
Paid for Umbrella from online store,Shopping
Paid for Cooking oil,Food
Purchased Comic book from local cinema,Entertainment
Ordered Chowmein from KFC,Food
Booked Metro card recharge from InDrive,Transport
Paid for Necklace from local mall,Shopping
Snack at Burger after work,Food
Shopping for shopping center Necklace,Shopping
Paid for Disney+ subscription from Amazon Prime,Entertainment
Paid for Uber ride to college,Transport
Ordered Bag from boutique,Shopping
Bought Sunglasses for college,Shopping
Kitchenware - Daraz,Shopping
Recharged Auto rickshaw fare to office,Transport
Makeup kit for June,Shopping
Car service - Pathao,Transport
Earrings for July,Shopping
Recharged Auto rickshaw fare from gas station,Transport
Bought Kitchenware from online store,Shopping
Bought Momo during break,Food
Purchased new Headphones from Daraz,Shopping
Paid for Shoes from boutique,Shopping
Used gas station Bike fuel,Transport
Registered for library Library fine,Education
Registered for Project materials from Coursera,Education
Bedsheet for July,Shopping
Recharged Bike rental from petrol pump,Transport
Paid for Phone case seasonal sale,Shopping
Pathao ride - Uber,Transport
Ramen for October,Food
Bought outlet store Makeup kit,Shopping
Kebab for June,Food
Purchased new Belt from Daraz,Shopping
Comic book for February,Entertainment
Board game for February,Entertainment
Settled Maintenance fee this month,Bills
Purchased new local mall Backpack,Shopping
Took a Sajha Yatayat Car rental,Transport
Purchased Tootle Bike fuel,Transport
Settled landlord Garbage collection fee,Bills
Maintenance fee - local ISP,Bills
Snack at Domino's Pasta,Food
Booked X-ray from pharmacy,Health
Paid for Netflix Video game purchase,Entertainment
Shopping for online store Perfume,Shopping
Took a Sajha Yatayat Train ticket,Transport
Monthly Gas cylinder from bank,Bills
Used Uber Uber ride,Transport
Got a new Daraz Belt,Shopping
Momo for January,Food
Purchased Netflix subscription from Amazon Prime,Entertainment
Paid for Electricity bill for the house,Bills
Socks for March,Shopping
Had Foodmandu Sandwich,Food
Purchased Pathao Bike repair,Transport
Ramen for July,Food
Paid library University fee,Education
Purchased InDrive Flight ticket,Transport
Grabbed Vegetables,Food
Umbrella from Amazon,Shopping
Bought Video game purchase from Disney+,Entertainment
Bought Wallet from outlet store,Shopping
Grabbed cafe Eggs,Food
Used Auto rickshaw fare to home,Transport
Bought Spotify Arcade tokens,Entertainment
Took a Scooter rental from Pathao,Transport
Booked Board game from local cinema,Entertainment
Renewed Theatre ticket from Disney+,Entertainment
Chowmein - McDonald's,Food
Had food court Momo,Food
Cab fare for February,Transport
Went for Blood test from hospital,Health
Used Auto rickshaw fare from petrol pump,Transport
Bought Pasta from Wow Momo,Food
Bought Dental appointment from hospital,Health
Purchased new Jacket for office,Shopping
Took a Uber ride from Tootle,Transport
Registered for College tuition from university,Education
Amazon Prime Amazon Prime membership,Entertainment
Booked Sajha Yatayat Pathao ride,Transport
Uber ride - petrol pump,Transport
Booked Helmet purchase from petrol pump,Transport
Paid for local ISP Mobile recharge,Bills
Dinner at Chicken curry,Food
Purchased Amazon Prime Video game purchase,Entertainment
Registered for Online course from bookstore,Education
Settled bank Water tank refill,Bills
Electricity bill for March,Bills
Ordered hotel restaurant Ice cream,Food
Snacks for August,Food
Paid for InDrive Cab fare,Transport
Juice for February,Food
Dental appointment for July,Health
Pathao ride for May,Transport
Biryani - McDonald's,Food
Paid for Uber Uber ride,Transport
Took out campus canteen Tea,Food
Bought Spotify subscription from Steam,Entertainment
Paid for utility company Monthly rent,Bills
Paid for shopping center Wallet,Shopping
Booked Bike fuel to the mall,Transport
Snack at Hot dog from dhaba,Food
Refueled with Toll fee to home,Transport
Refueled with Bike fuel for a trip,Transport
Paid for Uber Cab fare,Transport
Cleared Insurance premium annual payment,Bills
Got a new Daraz Kitchenware,Shopping
Phone bill for May,Bills
Lunch at Fried rice from McDonald's,Food
Had Sandwich from street food stall,Food
Paid for Disney+ Concert ticket,Entertainment
Ice cream - KFC,Food
Breakfast at Pasta from dhaba,Food
Shopping for Umbrella from Amazon,Shopping
Paid Coaching class fee this semester,Education
Lunch at cafe Bubble tea,Food
Bought Painkillers monthly,Health
Bought Disney+ Arcade tokens,Entertainment
Project materials,Education
Sneakers online order,Shopping
Ordered Bread from Wow Momo,Food
Purchased Gaming subscription from Netflix,Entertainment
Samosa - hotel restaurant,Food
Paid for pharmacy Physiotherapy session,Health
Purchased new Necklace from online store,Shopping
Bought Xbox Game Pass Board game,Entertainment
Refueled with Cab fare to college,Transport
Bought Medicine from wellness center,Health
Booked local cinema Movie ticket,Entertainment
Amusement park ticket for August,Entertainment
Recharged Pathao Toll fee,Transport
Snack at Starbucks Ramen,Food
Makeup kit - outlet store,Shopping
Bag seasonal sale,Shopping
Purchased Disney+ subscription annual plan,Entertainment
Ordered shopping center Laptop bag,Shopping
Lunch at Cooking oil after work,Food
Renewed Theatre ticket premium plan,Entertainment
Paid Electricity bill from landlord,Bills
Visited for Surgery cost from pharmacy,Health
Purchased dhaba Grilled fish,Food
Bought Makeup kit from shopping center,Shopping
Bought local clinic Doctor appointment,Health
Got a new online store Cap,Shopping
Scooter rental for November,Transport
Enrolled in coaching center Stationery,Education
Lunch at hotel restaurant French fries,Food
Refueled with Sajha Yatayat Taxi fare,Transport
Purchased Coaching class fee from library,Education
Used petrol pump Helmet purchase,Transport
Booked Pharmacy purchase from wellness center,Health
Got a new Shirt from Amazon,Shopping
Booked Disney+ Disney+ subscription,Entertainment
Paid landlord Society fee,Bills
Paid for PlayStation Plus from Spotify,Entertainment
Bought local college Certification exam,Education
Grabbed Pasta from Foodmandu,Food
Refueled with Pathao Auto rickshaw fare,Transport
Paid for wellness center Pharmacy purchase,Health
Renewed YouTube Gaming subscription,Entertainment
Snack at Chicken curry with friends,Food
Ordered Hot dog,Food
Purchased Spotify Disney+ subscription,Entertainment
Got a new Backpack for office,Shopping
Took a Diesel to office,Transport
Dinner at Steak from street food stall,Food
Paid for Car service to office,Transport
Noodles - Starbucks,Food
Shopping for Bedsheet,Shopping
Paid for Sushi with friends,Food
Purchased PlayStation Video game purchase,Entertainment
Shopping for Earrings online order,Shopping
Got a new Daraz Laptop bag,Shopping
Monthly Maintenance fee from bank,Bills
Paid for Cab fare to the mall,Transport
Grabbed Starbucks Bubble tea,Food
Purchased Arcade tokens from Disney+,Entertainment
Paid Seminar fee from library,Education
Paid for Spotify Board game,Entertainment
Paid for local clinic Yoga class fee,Health
Purchased Parking fee,Transport
Subscribed to Steam Streaming service,Entertainment
Paid for Wallet from local mall,Shopping
Enrolled in College tuition from library,Education
Settled Garbage collection fee from utility company,Bills
Milkshake - street food stall,Food
Shopping for Electronics gadget from Amazon,Shopping
Enrolled in bookstore Seminar fee,Education
Subscribed to Cinema ticket with friends,Entertainment
Purchased Uber ride to the mall,Transport
Disney+ Theatre ticket,Entertainment
Used Uber Bike rental,Transport
Snack at Milk from Wow Momo,Food
Bus ticket to the mall,Transport
Booked Disney+ subscription annual plan,Entertainment
Shopping for Belt from online store,Shopping
Bought Daraz Sweater,Shopping
Settled bank Garbage collection fee,Bills
Parking fee - petrol pump,Transport
Bought College fee annual fee,Education
Purchased Uber ride from Tootle,Transport
Cake for June,Food
Purchased Amazon Prime membership from YouTube,Entertainment
Paid for Disney+ YouTube Premium,Entertainment
Paid for local mall Furniture piece,Shopping
Used Bus ticket airport transfer,Transport
Booked diagnostic center Blood test,Health
Booked gas station Metro card recharge,Transport
Breakfast at Domino's Ramen,Food
Ordered local bakery Smoothie,Food
Purchased PlayStation Arcade tokens,Entertainment
Paid Internet bill this month,Bills
Study materials for October,Education
Booked Pharmacy purchase checkup,Health
Booked YouTube Disney+ subscription,Entertainment
Got a new Curtains from Daraz,Shopping
Bubble tea - Wow Momo,Food
Refueled with Toll fee airport transfer,Transport
Dinner at dhaba Momo,Food
Took a Tire replacement from Pathao,Transport
Ordered Sweater from local mall,Shopping
Dosa for April,Food
Subscribed to Steam Cinema ticket,Entertainment
Booked local garage Car rental,Transport
Booked Ride share from petrol pump,Transport
Shopping for Jacket from online store,Shopping
Monthly utility company Loan EMI,Bills
Stand-up comedy show from Netflix,Entertainment
Purchased local college Workshop registration,Education
Shopping for Curtains for office,Shopping
shopping center Earrings,Shopping
Dinner at Eggs from Subway,Food
Disney+ subscription weekend outing,Entertainment
Ordered hotel restaurant Milk,Food
Dumplings - Subway,Food
Paid for local garage Diesel,Transport
Registered for library Online course,Education
Recharged Bike rental from Tootle,Transport
Paid for Fuel station from Sajha Yatayat,Transport
Registered for coaching center University fee,Education
Got a new outlet store Watch,Shopping
Renewed Netflix Arcade tokens,Entertainment
Registered for Certification exam this semester,Education
Purchased coaching center Lab fee,Education
Jacket for March,Shopping
Used Sajha Yatayat Toll fee,Transport
Purchased new Daraz Headphones,Shopping
Paid for pharmacy Pharmacy purchase,Health
Enrolled in coaching center Seminar fee,Education
Bought Blood test from wellness center,Health
Subscribed to PlayStation Plus monthly plan,Entertainment
Bought Coursera Software license for study,Education
Used Cab fare from InDrive,Transport
Renewed local cinema PlayStation Plus,Entertainment
Monthly landlord Insurance premium,Bills
Bought Medicine checkup,Health
Cleared bank Society fee,Bills
Recharged Car service from InDrive,Transport
Purchased Spotify subscription from Xbox Game Pass,Entertainment
Shirt - boutique,Shopping
Went for Health checkup from pharmacy,Health
Bought Cap for birthday gift,Shopping
Had Pizza,Food
Purchased new Bedsheet,Shopping
Booked Train ticket from petrol pump,Transport
Paid for Cab fare from InDrive,Transport
Purchased new Wallet from online store,Shopping
Grabbed Steak with friends,Food
Refueled with Petrol from local garage,Transport
Purchased Taxi fare from Uber,Transport
Power bank for November,Shopping
Taco for March,Food
Booked InDrive Car service,Transport
Purchased Amusement park ticket premium plan,Entertainment
Disney+ subscription - Xbox Game Pass,Entertainment
Parking fee for July,Transport
Purchased Amazon Prime Music album,Entertainment
Renewed Music album monthly plan,Entertainment
Ordered Soup delivery order,Food
Booked Diesel airport transfer,Transport
Dinner at Dosa,Food
Paid for Lab test from diagnostic center,Health
Bowling session for February,Entertainment
outlet store Sneakers,Shopping
Cooking oil - Subway,Food
Recharged Flight ticket for weekend trip,Transport
Ordered outlet store Sunglasses,Shopping
Subscribed to local cinema Comic book,Entertainment
Paid Textbooks annual fee,Education
Paid local college Study materials,Education
Cleared Cable TV bill from utility company,Bills
Bowling session - Spotify,Entertainment
Purchased Music album from Xbox Game Pass,Entertainment
Got a new Charger online order,Shopping
Purchased new online store Kitchenware,Shopping
Booked PlayStation Plus from YouTube,Entertainment
Paid for Dental treatment from wellness center,Health
Snack at Snacks after work,Food
Bought Pancakes for the party,Food
Refueled with Taxi fare downtown,Transport
Snack at Chowmein for the party,Food
Ordered Amazon Watch,Shopping
Bought T-shirt from boutique,Shopping
Fried rice for December,Food
Bread - McDonald's,Food
Purchased Parking fee from Pathao,Transport
Purchased Steam Bowling session,Entertainment
Snack at Noodles from KFC,Food
Purchased local cinema Video game purchase,Entertainment
Ordered Daraz Phone case,Shopping
Bought Daraz Furniture piece,Shopping
Paid for Metro card recharge from local garage,Transport
Bought Surgery cost routine visit,Health
Bought outlet store Shoes,Shopping
Dinner at Pancakes with family,Food
Ordered Watch from boutique,Shopping
Used Bike fuel to office,Transport
Bought Netflix Cinema ticket,Entertainment
Purchased Steam Spotify subscription,Entertainment
Renewed Theatre ticket,Entertainment
Ordered Wow Momo Noodles,Food
Exam fee for August,Education
Amazon Prime Video game purchase,Entertainment
Purchased bookstore Coaching class fee,Education
Paid for Wallet for college,Shopping
Purchased Online course from Coursera,Education
Renewed Comic book from Steam,Entertainment
Refueled with Bike rental to office,Transport
Streaming service for August,Entertainment
Took out Steak from KFC,Food
Shopping for Phone case from outlet store,Shopping
Bought library Exam fee,Education
Recharged Uber Ride share,Transport
Kebab - restaurant,Food
Jacket - boutique,Shopping
Shopping for outlet store Charger,Shopping
Took a Toll fee for a trip,Transport
Renewed Bowling session with friends,Entertainment
Purchased new Belt,Shopping
Paid for Disney+ subscription premium plan,Entertainment
Samosa - campus canteen,Food
Purchased new Electronics gadget from boutique,Shopping
Enrolled in Programming course from coaching center,Education
Paid for Snacks from cafe,Food
Snack at Momo,Food
Gaming subscription for October,Entertainment
Health insurance premium for April,Health
Paid for Subway Eggs,Food
Charger for June,Shopping
shopping center Phone case,Shopping
Snack at Fried chicken,Food
Dinner at Domino's Biryani,Food
Bought Painkillers follow-up visit,Health
Bought Board game from Netflix,Entertainment
Enrolled in Certification exam for the workshop,Education
Recharged Pathao ride from Tootle,Transport
Ordered online store Makeup kit,Shopping
Purchased College supplies from university,Education
Used petrol pump Bike fuel,Transport
Laptop bag from shopping center,Shopping
Samosa - Foodmandu,Food
Lunch at Chicken curry from campus canteen,Food
Paid Programming course from library,Education
Snack at Chowmein from McDonald's,Food
online store Jeans,Shopping
T-shirt for April,Shopping
Took a Metro card recharge from Pathao,Transport
Snack at Pizza Hut Waffles,Food
Refueled with Tire replacement,Transport
Paid for Scooter rental from InDrive,Transport
Purchased Video game purchase monthly plan,Entertainment
E-book purchase for June,Entertainment
Bought online store Curtains,Shopping
Train ticket airport transfer,Transport
Burrito - Subway,Food
Chicken curry - Domino's,Food
Breakfast at cafe Sandwich,Food
Paid Stationery annual fee,Education
Subscribed to Amazon Prime membership weekend outing,Entertainment
Cleared telecom provider Credit card payment,Bills
Booked local cinema Steam purchase,Entertainment
Ordered Sunglasses,Shopping
Booked InDrive Auto rickshaw fare,Transport
Booked local garage Metro card recharge,Transport
Cleared Apartment rent quarterly payment,Bills
Purchased new Makeup kit online order,Shopping
Used Scooter rental from Tootle,Transport
Paid Phone bill this month,Bills
Phone case from local mall,Shopping
Ordered shopping center Backpack,Shopping
gas station Metro card recharge,Transport
local cinema Music album,Entertainment
Ordered Daraz Wallet,Shopping
Shopping for outlet store Socks,Shopping
Got a new Wallet from boutique,Shopping
Purchased Netflix PlayStation Plus,Entertainment
Enrolled in College fee from university,Education
Visited for Doctor appointment from wellness center,Health
Paid for Socks from outlet store,Shopping
Paid for bank Property tax,Bills
Cap - boutique,Shopping
Bought Charger for birthday gift,Shopping
Paid for Bike wash from petrol pump,Transport
Renewed Movie ticket from Disney+,Entertainment
Got a new boutique Cap,Shopping
Snack at Dosa from local bakery,Food
Monthly insurance company Home loan installment,Bills
Booked Bike fuel from petrol pump,Transport
Booked Bowling session annual plan,Entertainment
Ordered Soup from Foodmandu,Food
Enrolled in Textbooks for the workshop,Education
Booked Uber Helmet purchase,Transport
Paid for Bedsheet online order,Shopping
Took a Bike fuel airport transfer,Transport
Bought Power bank online order,Shopping
Used Cab fare from Sajha Yatayat,Transport
Had Pastry from cafe,Food
Cleared Society fee from utility company,Bills
Paid for Electronics gadget for college,Shopping
Purchased Bowling session annual plan,Entertainment
Ordered Wallet from Daraz,Shopping
Dinner at Cooking oil from cafe,Food
Bought Subway Steak,Food
Salad for April,Food
Purchased new outlet store Perfume,Shopping
Physiotherapy session for March,Health
Grabbed Pastry from Wow Momo,Food
Registered for College fee annual fee,Education
Laptop bag for May,Shopping
Recharged Uber Diesel,Transport
Purchased Seminar fee from bookstore,Education
Ordered boutique Umbrella,Shopping
Bought Amazon Umbrella,Shopping
Booked Medical bill follow-up visit,Health
Lunch at Fruits,Food
Visited for gym Physiotherapy session,Health
Went for wellness center Health insurance premium,Health
Shopping for shopping center Bag,Shopping
Taxi fare for March,Transport
petrol pump Bike wash,Transport
Took a Uber ride to hospital,Transport
Refueled with Taxi fare,Transport
Dental treatment for January,Health
Monthly landlord Electricity bill,Bills
Paid for Dental appointment from diagnostic center,Health
Kebab for September,Food
Shopping for Daraz Jeans,Shopping
Booked Amusement park ticket premium plan,Entertainment
Purchased Disney+ Amazon Prime membership,Entertainment
Bought Daraz Earrings,Shopping
Bought Steam Amusement park ticket,Entertainment
Ordered Daraz Bedsheet,Shopping
Bought Makeup kit online order,Shopping
Paid for wellness center Dental appointment,Health
Subscribed to Steam purchase from Disney+,Entertainment
Flight ticket - Pathao,Transport
Used Car service from Tootle,Transport
Thukpa for November,Food
Took out Burrito from hotel restaurant,Food
Recharged petrol pump Bike wash,Transport
Bought Music album with friends,Entertainment
Paid College supplies for the course,Education
Vegetables for June,Food
Thukpa for August,Food
Ordered Earrings from Daraz,Shopping
Shopping for Sweater,Shopping
Booked wellness center Lab test,Health
Had Subway Juice,Food
Used Uber Diesel,Transport
Went for Doctor appointment from diagnostic center,Health
Grabbed Pastry at office,Food
Grabbed Pasta,Food
Enrolled in Coaching class fee from Udemy,Education
Diesel - Tootle,Transport
Pastry for December,Food
Took a Bus ticket to office,Transport
Booked Concert ticket premium plan,Entertainment
Theatre ticket family plan,Entertainment
Lab fee for May,Education
Purchased new online store Earrings,Shopping
Purchased new outlet store Jacket,Shopping
Paid for Bag from online store,Shopping
Paid for Toll fee,Transport
Purchased Scooter rental from InDrive,Transport
Cinema ticket from Disney+,Entertainment
Juice - street food stall,Food
Paid for Video game purchase weekend outing,Entertainment
Paid for Spotify subscription from Netflix,Entertainment
Spotify subscription for January,Entertainment
Paid local college Seminar fee,Education
Registered for Online course this semester,Education
Used Bus ticket from Tootle,Transport
Ordered Umbrella from Daraz,Shopping
Daraz Sunglasses,Shopping
Ordered local bakery Vegetables,Food
Snack at Cake from hotel restaurant,Food
Paid for Amazon Prime Arcade tokens,Entertainment
Paid for Necklace,Shopping
Bought PlayStation Karaoke night,Entertainment
Bought library Textbooks,Education
Purchased Netflix Comic book,Entertainment
Train ticket for June,Transport
Purchased new local mall Jacket,Shopping
Recharged Helmet purchase from petrol pump,Transport
Furniture piece - shopping center,Shopping
Bought College tuition from coaching center,Education
Took out Grilled fish with friends,Food
Bought E-book purchase from Disney+,Entertainment
Paid for local cinema Video game purchase,Entertainment
Home loan installment for March,Bills
Grabbed hotel restaurant Fried chicken,Food
Milk - street food stall,Food
Lunch at Sandwich from KFC,Food
Purchased new Jacket for college,Shopping
Settled Home loan installment quarterly payment,Bills
Grabbed Subway Cooking oil,Food
Pathao Uber ride,Transport
Booked gym Blood test,Health
Snack at Steak at office,Food
Paid Water bill for the house,Bills
Dinner at Steak,Food
Bought Perfume for college,Shopping
Spotify Bowling session,Entertainment
Purchased Flight ticket to college,Transport
Insurance premium for February,Bills
Purchased Parking fee to office,Transport
Snack at Steak,Food
Purchased E-book purchase family plan,Entertainment
Paid bookstore School books,Education
Refueled with Helmet purchase to hospital,Transport
Purchased Spotify PlayStation Plus,Entertainment
Shopping for Belt from outlet store,Shopping
Bought Bedsheet for birthday gift,Shopping
Subscribed to Disney+ Board game,Entertainment
Paid for Car service from petrol pump,Transport
Renewed Music album from Amazon Prime,Entertainment
Enrolled in College supplies from Udemy,Education
Cleared Apartment rent this month,Bills
Breakfast at Starbucks Dosa,Food
Used Tire replacement from Tootle,Transport
Booked Disney+ subscription from Steam,Entertainment
Paid for Home loan installment annual payment,Bills
Registered for Programming course from Coursera,Education
Enrolled in Coursera Project materials,Education
Bought Concert ticket from Steam,Entertainment
Bought Gaming subscription from PlayStation,Entertainment
Used Toll fee from petrol pump,Transport
Recharged Petrol from Sajha Yatayat,Transport
Enrolled in Coursera Thesis printing,Education
Took a Pathao Fuel station,Transport
Purchased local cinema Netflix subscription,Entertainment
Took out Falafel from McDonald's,Food
Purchased Cinema ticket from Steam,Entertainment
Paid Online course from local college,Education
Bought Steam purchase family plan,Entertainment
Bought Certification exam for the workshop,Education
Bedsheet for March,Shopping
Bought Laptop bag from shopping center,Shopping
Purchased Spotify Stand-up comedy show,Entertainment
Bought boutique T-shirt,Shopping
Uber ride from gas station,Transport
Shopping for Umbrella seasonal sale,Shopping
Bought local cinema Arcade tokens,Entertainment
Lunch at Fruits from Wow Momo,Food
Recharged Train ticket to home,Transport
Sweater for September,Shopping
Power bank - local mall,Shopping
Purchased new outlet store Umbrella,Shopping
Paid coaching center College tuition,Education
Purchased PlayStation Cinema ticket,Entertainment
Purchased Gaming subscription annual plan,Entertainment
Purchased Coursera Coaching class fee,Education
Recharged Auto rickshaw fare for weekend trip,Transport
Renewed Netflix Stand-up comedy show,Entertainment
Bought Medical bill follow-up visit,Health
Booked Disney+ Arcade tokens,Entertainment
Paid Study materials from university,Education
Lunch at Dosa,Food
Ordered Bag,Shopping
Grabbed Fried rice from local bakery,Food
Ordered Shirt from local mall,Shopping
Got a new Power bank from boutique,Shopping
Purchased College fee from local college,Education
Dinner at Dal bhat,Food
Purchased new Shoes for college,Shopping
Settled telecom provider Loan EMI,Bills
Bought Health insurance premium checkup,Health
Cleared Phone bill from NEA,Bills
Paid for wellness center Blood test,Health
Went for Dental treatment from local clinic,Health
Paid for Dental appointment from hospital,Health
Shopping for Power bank,Shopping
Cleared utility company Property tax,Bills
Streaming service from Amazon Prime,Entertainment
local mall Sunglasses,Shopping
Juice - campus canteen,Food
Renewed Spotify subscription from PlayStation,Entertainment
Paid for Charger online order,Shopping
Apartment rent for January,Bills
Subscribed to Board game weekend outing,Entertainment
Booked local cinema Stand-up comedy show,Entertainment
Soup - Burger King,Food
Ordered Amazon Wallet,Shopping
Bought dhaba Dal bhat,Food
Spotify Amusement park ticket,Entertainment
Snack at McDonald's Eggs,Food
Paid for Home loan installment from insurance company,Bills
Purchased new Cap for birthday gift,Shopping
Bought Xbox Game Pass Disney+ subscription,Entertainment
Paid bookstore Software license for study,Education
Breakfast at Foodmandu Noodles,Food
Booked PlayStation Plus from Steam,Entertainment
Booked Uber Cab fare,Transport
Breakfast at Falafel,Food
Breakfast at Grilled fish on the way home,Food
Renewed Netflix subscription premium plan,Entertainment
Purchased Video game purchase from YouTube,Entertainment
Cleared Home loan installment annual payment,Bills
Renewed Cinema ticket,Entertainment
Purchased Software license for study from local college,Education
Refueled with petrol pump Ride share,Transport
Settled bank Credit card payment,Bills
Got a new Sweater,Shopping
Purchased new Daraz Shoes,Shopping
Ordered Necklace,Shopping
Paid for T-shirt from Amazon,Shopping
Disney+ Bowling session,Entertainment
Paid for Wallet for office,Shopping
Took out Chowmein with family,Food
Breakfast at Noodles from food court,Food
Shopping for Headphones seasonal sale,Shopping
Paid Apartment rent for the house,Bills
Registered for coaching center Programming course,Education
Paid for Helmet purchase from local garage,Transport
Had Hot dog,Food
Shopping for Wallet for birthday gift,Shopping
Steam purchase - local cinema,Entertainment
Ordered Perfume online order,Shopping
Uber ride - Sajha Yatayat,Transport
Monthly landlord Credit card payment,Bills
Purchased campus canteen Groceries,Food
Recharged Bike wash from Pathao,Transport
Ordered Thukpa from hotel restaurant,Food
Booked Bowling session weekend outing,Entertainment
Took a Train ticket to college,Transport
Noodles - street food stall,Food
Got a new Phone case from shopping center,Shopping
Settled Loan EMI from local ISP,Bills
Grabbed Pancakes from campus canteen,Food
Got a new outlet store Furniture piece,Shopping
Movie ticket monthly plan,Entertainment
Booked Netflix subscription from YouTube,Entertainment
Dumplings - Starbucks,Food
Purchased Vehicle insurance from local garage,Transport
Paid for Fuel station from InDrive,Transport
Paid for Ramen on the way home,Food
Tire replacement,Transport
Registered for Coaching class fee from Udemy,Education
Went for hospital Dental appointment,Health
Took a Metro card recharge to office,Transport
Milk - local bakery,Food
Snack at Pasta from Foodmandu,Food
Hospital bill for October,Health
Bought cafe Waffles,Food
Waffles for July,Food
Subscribed to Board game from YouTube,Entertainment
Went for Hospital bill emergency visit,Health
Purchased Study materials from Coursera,Education
Grilled fish - street food stall,Food
Bought Stand-up comedy show from Spotify,Entertainment
Bought Arcade tokens from Spotify,Entertainment
Purchased Milk at college,Food
Hot dog - Wow Momo,Food
Cleared House rent for the house,Bills
Bought PlayStation Plus premium plan,Entertainment
Bought gym Health insurance premium,Health
Bought University fee from bookstore,Education
Paid for Sandwich from cafe,Food
Enrolled in Library fine from local college,Education
Paid for Wow Momo Chicken curry,Food
Refueled with Flight ticket from InDrive,Transport
Paid for local garage Metro card recharge,Transport
Ordered Bag for college,Shopping
Paid for YouTube E-book purchase,Entertainment
Purchased Petrol from Tootle,Transport
Bought Umbrella seasonal sale,Shopping
Dinner at Wow Momo Chicken curry,Food
Bought College fee from coaching center,Education
Took a gas station Bike wash,Transport
Took a Fuel station from local garage,Transport
Enrolled in university Stationery,Education
Ordered Sneakers from shopping center,Shopping
Lunch at hotel restaurant Pancakes,Food
Purchased Burrito delivery order,Food
Purchased Disney+ Streaming service,Entertainment
Paid for Home loan installment quarterly payment,Bills
Jacket for May,Shopping
Pastry - Pizza Hut,Food
Lunch at local bakery Sushi,Food
Refueled with Uber ride from InDrive,Transport
Paid for gym Surgery cost,Health
Purchased InDrive Cab fare,Transport
Booked gas station Petrol,Transport
Paid for Tire replacement from local garage,Transport
Paid for Phone bill for the apartment,Bills
Visited for hospital Lab test,Health
Pharmacy purchase for April,Health
Enrolled in coaching center Lab fee,Education
Recharged Bike repair from local garage,Transport
Ordered Milk with friends,Food
Ordered Sneakers from boutique,Shopping
Purchased Lab fee from university,Education
Water tank refill - insurance company,Bills
Renewed Xbox Game Pass Music album,Entertainment
Purchased new online store Sunglasses,Shopping
Bought Shirt from outlet store,Shopping
Ordered Coffee with friends,Food
Lunch at Domino's Biryani,Food
Umbrella from boutique,Shopping
Paid Certification exam from bookstore,Education
local garage Fuel station,Transport
Visited for Hospital bill from local clinic,Health
Eggs for May,Food
Settled Society fee quarterly payment,Bills
Bought Seminar fee for the workshop,Education
Got a new Watch from online store,Shopping
Shirt - Amazon,Shopping
Subscribed to Xbox Game Pass Karaoke night,Entertainment
Got a new Amazon Curtains,Shopping
Purchased new Jeans for college,Shopping
Paid for Sajha Yatayat Bike rental,Transport
Bought PlayStation Plus from Disney+,Entertainment
Booked local garage Bike rental,Transport
Rice bag for December,Food
Spotify subscription from Steam,Entertainment
Took out Milk from Burger King,Food
Uber Auto rickshaw fare,Transport
Lunch at Salad after work,Food
Paid for Spotify subscription from Amazon Prime,Entertainment
Steam purchase from Spotify,Entertainment
Subscribed to Amusement park ticket from Steam,Entertainment
Cleared Maintenance fee for the house,Bills
Went for Health insurance premium from pharmacy,Health
Ordered Perfume from shopping center,Shopping
Vegetables for December,Food
Purchased YouTube Disney+ subscription,Entertainment
Project materials for July,Education
Earrings online order,Shopping
Paid for Jeans from Daraz,Shopping
Booked YouTube Gaming subscription,Entertainment
Watch online order,Shopping
Bought Cake from Domino's,Food
Bought Spotify subscription with friends,Entertainment
Purchased Domino's Sandwich,Food
Refueled with Tootle Ride share,Transport
Subscribed to Spotify Movie ticket,Entertainment
Bought Board game from PlayStation,Entertainment
Got a new Furniture piece from Daraz,Shopping
Booked Helmet purchase from Tootle,Transport
Shopping for online store Umbrella,Shopping
Noodles for July,Food
Took out Biryani at office,Food
Ordered T-shirt from outlet store,Shopping
Paid bookstore Study materials,Education
Renewed Gaming subscription from Amazon Prime,Entertainment
Paid for Juice at college,Food
Sajha Yatayat Taxi fare,Transport
Purchased gas station Car rental,Transport
Settled Maintenance fee from insurance company,Bills
Stand-up comedy show,Entertainment
Fried chicken - Wow Momo,Food
Purchased cafe Smoothie,Food
Shopping for Daraz Sweater,Shopping
Ordered McDonald's Chicken curry,Food
Bike repair to the mall,Transport
Tea - McDonald's,Food
Shirt for November,Shopping
Got a new Curtains from shopping center,Shopping
Dinner at cafe Salad,Food
Paid bookstore Seminar fee,Education
Cleared Property tax this month,Bills
Ordered outlet store Sneakers,Shopping
Purchased Car service to office,Transport
Took a Vehicle insurance for a trip,Transport
Backpack - boutique,Shopping
Paid College fee from library,Education
Paid Study materials for the course,Education
Had Kebab,Food
Cleared local ISP Insurance premium,Bills
Perfume for college,Shopping
Booked Vehicle insurance from InDrive,Transport
Paid for Cab fare to hospital,Transport
Shopping for Furniture piece for college,Shopping
Refueled with Helmet purchase,Transport
Car service for September,Transport
Recharged Petrol from local garage,Transport
Recharged Car rental for weekend trip,Transport
Snack at Pastry during break,Food
Grabbed campus canteen Kebab,Food
Monthly Credit card payment quarterly payment,Bills
Purchased new Electronics gadget online order,Shopping
Paid for Sajha Yatayat Helmet purchase,Transport
Renewed Spotify Video game purchase,Entertainment
Uber ride to home,Transport
Got a new Earrings from outlet store,Shopping
Bought Juice from McDonald's,Food
Ordered Necklace from online store,Shopping
Bought Watch from outlet store,Shopping
Registered for Library fine for the course,Education
Board game for November,Entertainment
Visited for wellness center Dental treatment,Health
Bought Wallet from Daraz,Shopping
Bought Salad with family,Food
Used Sajha Yatayat Ride share,Transport
Bought Health checkup from gym,Health
Subscribed to local cinema YouTube Premium,Entertainment
Cleared Cable TV bill for the apartment,Bills
Used Car rental from Tootle,Transport
Ordered Backpack,Shopping
Had Rice bag from dhaba,Food
Dinner at Vegetables from restaurant,Food
Ordered Phone case seasonal sale,Shopping
Refueled with local garage Helmet purchase,Transport
Booked Stand-up comedy show from Amazon Prime,Entertainment
Paid for Bus ticket from InDrive,Transport
Paid for Train ticket downtown,Transport
Refueled with InDrive Bike rental,Transport
Monthly WiFi payment for the apartment,Bills
Purchased YouTube Premium from Netflix,Entertainment
Bought Disney+ subscription from Steam,Entertainment
Monthly bank Mobile recharge,Bills
Got a new Amazon Belt,Shopping
Booked Netflix Movie ticket,Entertainment
Subscribed to local cinema Streaming service,Entertainment
Bought Vitamin supplements follow-up visit,Health
Amusement park ticket for July,Entertainment
Sunglasses for November,Shopping
Paid coaching center Online course,Education
Dumplings - Foodmandu,Food
Took a Bike wash airport transfer,Transport
Bought Bedsheet from local mall,Shopping
Enrolled in College tuition from university,Education
Paid for Lab test from wellness center,Health
Paid for boutique Backpack,Shopping
Tea for August,Food
Momo - campus canteen,Food
Breakfast at Rice bag from dhaba,Food
Ordered Sandwich from Bajeko Sekuwa,Food
Purchased Helmet purchase for a trip,Transport
Booked Health checkup checkup,Health
Ordered local mall Belt,Shopping
Paid for Spotify E-book purchase,Entertainment
Grabbed Burger King Burrito,Food
Renewed Movie ticket from local cinema,Entertainment
Bought hospital Medical bill,Health
Paid for Taco from campus canteen,Food
Coaching class fee - bookstore,Education
Purchased Bubble tea from KFC,Food
Toll fee for April,Transport
Movie ticket from local cinema,Entertainment
Booked Bus ticket,Transport
Ordered campus canteen Hot dog,Food
Cap for September,Shopping
Paid for Jeans from shopping center,Shopping
Subscribed to Spotify subscription from Netflix,Entertainment
Purchased Momo,Food
Bought Electronics gadget for office,Shopping
Renewed E-book purchase from YouTube,Entertainment
Paid for Rice bag from dhaba,Food
Paid coaching center Software license for study,Education
Took out Tea from Pizza Hut,Food
Purchased local bakery Snacks,Food
Refueled with Flight ticket from Pathao,Transport
Bought Board game from Amazon Prime,Entertainment
Snack at Juice,Food
Movie ticket - Spotify,Entertainment
Refueled with Vehicle insurance from Sajha Yatayat,Transport
Amazon Prime membership - Spotify,Entertainment
Bought Furniture piece from shopping center,Shopping
Renewed Cinema ticket with friends,Entertainment
Bought Daraz Bag,Shopping
Paid for Steam Cinema ticket,Entertainment
College supplies - university,Education
Paid for landlord Water tank refill,Bills
Car rental to hospital,Transport
Shopping for Power bank from outlet store,Shopping
Purchased Comic book from Spotify,Entertainment
Paid for Backpack for birthday gift,Shopping
Paid for Bedsheet for birthday gift,Shopping
Purchased new Daraz Charger,Shopping
Helmet purchase to hospital,Transport
Paid for local cinema Cinema ticket,Entertainment
Monthly utility company Gas cylinder,Bills
Booked Disney+ subscription from Disney+,Entertainment
Paid for online store Jeans,Shopping
Purchased Starbucks Steak,Food
Visited for Medicine from gym,Health
Had Dosa on the way home,Food
Cleared utility company Electricity bill,Bills
Recharged Scooter rental from Pathao,Transport
Paid for local ISP Water tank refill,Bills
Purchased Board game from YouTube,Entertainment
Shopping for shopping center Curtains,Shopping
Took out Smoothie,Food
Paid for Flight ticket from local garage,Transport
Bought Gaming subscription weekend outing,Entertainment
Used Fuel station from InDrive,Transport
Ordered Kitchenware online order,Shopping
Paid for X-ray from wellness center,Health
Comic book from local cinema,Entertainment
Recharged petrol pump Bike fuel,Transport
Dinner at Soup at office,Food
Bought E-book purchase,Entertainment
Headphones for February,Shopping
Snack at Foodmandu Chowmein,Food
Refueled with gas station Flight ticket,Transport
Paid for Parking fee,Transport
Purchased PlayStation Plus from Netflix,Entertainment
Used InDrive Parking fee,Transport
Bought PlayStation Stand-up comedy show,Entertainment
Purchased Gaming subscription from YouTube,Entertainment
Bought Shirt seasonal sale,Shopping
Used Helmet purchase,Transport
Shopping for local mall Kitchenware,Shopping
Bought Earrings from Daraz,Shopping
Shopping for T-shirt from local mall,Shopping
Took a Pathao Bike wash,Transport
Paid for Sajha Yatayat Taxi fare,Transport
Ordered Jeans from Amazon,Shopping
PlayStation Plus with friends,Entertainment
Bought PlayStation Plus from Netflix,Entertainment
Snack at Tea during break,Food
Paid for Garbage collection fee from telecom provider,Bills
Purchased new boutique Bedsheet,Shopping
Used Car service to college,Transport
Ordered outlet store Socks,Shopping
Enrolled in library Study materials,Education
Used Bus ticket,Transport
Purchased new Sneakers for college,Shopping
online store Sweater,Shopping
Bought pharmacy Surgery cost,Health
Subscribed to Concert ticket from Spotify,Entertainment
Paid for bank Mobile recharge,Bills
Bought Sandwich with family,Food
Used Train ticket to the mall,Transport
Streaming service from local cinema,Entertainment
Refueled with Auto rickshaw fare from Tootle,Transport
Dinner at Soup from local bakery,Food
Stand-up comedy show - Xbox Game Pass,Entertainment
Purchased Helmet purchase from Uber,Transport
Breakfast at Pizza at office,Food
Paid for Mobile recharge for the apartment,Bills
Purchased Uber ride downtown,Transport
Paid for Shoes from Daraz,Shopping
Paid for Sajha Yatayat Bike fuel,Transport
Recharged Fuel station for a trip,Transport
Renewed Video game purchase weekend outing,Entertainment
Renewed Gaming subscription from Disney+,Entertainment
Ordered Fried rice,Food
Ordered Sweater from online store,Shopping
Grabbed Dumplings from Domino's,Food
Paid for Shirt from Amazon,Shopping
Booked Bike wash to office,Transport
Paid for Amazon Prime Netflix subscription,Entertainment
Paid for Sajha Yatayat Scooter rental,Transport
Paid for Concert ticket weekend outing,Entertainment
Booked PlayStation E-book purchase,Entertainment
Disney+ subscription with friends,Entertainment
Paid for campus canteen Pasta,Food
Curtains - boutique,Shopping
Refueled with Sajha Yatayat Helmet purchase,Transport
Paid for gas station Metro card recharge,Transport
Daraz Necklace,Shopping
Booked PlayStation Plus monthly plan,Entertainment
Bought Disney+ subscription monthly plan,Entertainment
Paid for YouTube Gaming subscription,Entertainment
Shopping for Shoes from Daraz,Shopping
Paid for gym X-ray,Health
Grabbed Waffles from street food stall,Food
Purchased Board game family plan,Entertainment
Took a Auto rickshaw fare from local garage,Transport
Shopping for Makeup kit from Daraz,Shopping
Purchased gas station Helmet purchase,Transport
Snack at Pancakes from Pizza Hut,Food
Paid for Video game purchase family plan,Entertainment
Bought KFC Fried chicken,Food
Purchased Online course from coaching center,Education
Karaoke night for February,Entertainment
Took a petrol pump Bike repair,Transport
Paid for landlord WiFi payment,Bills
Booked Cinema ticket from YouTube,Entertainment
Paid for Steam Amusement park ticket,Entertainment
Renewed PlayStation Video game purchase,Entertainment
Registered for College fee for the workshop,Education
Ordered Bubble tea,Food
Gaming subscription - Amazon Prime,Entertainment
Grabbed Pancakes from Domino's,Food
Bike repair for October,Transport
Took a Cab fare from Pathao,Transport
Ordered Cap for college,Shopping
Used Bike wash from Uber,Transport
Train ticket for May,Transport
Booked Yoga class fee from wellness center,Health
Purchased cafe Pancakes,Food
Monthly Property tax from landlord,Bills
Purchased Amusement park ticket,Entertainment
Spotify Gaming subscription,Entertainment
Soup for August,Food
Took a Taxi fare from Uber,Transport
Paid coaching center Thesis printing,Education
Took a Fuel station,Transport
Went for wellness center Vitamin supplements,Health
Purchased new Daraz Watch,Shopping
Charger for February,Shopping
Recharged InDrive Bike wash,Transport
Snack at street food stall Samosa,Food
Visited for Hospital bill routine visit,Health
Enrolled in coaching center Project materials,Education
Lunch at Chicken curry,Food
Paid for Vehicle insurance from gas station,Transport
Grabbed Burger,Food
Paid for Cinema ticket from Disney+,Entertainment
Had Tea with family,Food
Ordered Eggs for the party,Food
Bought Coaching class fee from Udemy,Education
Ordered Bedsheet from boutique,Shopping
Bought Board game from Xbox Game Pass,Entertainment
Ordered Sushi from KFC,Food
Got a new Makeup kit for college,Shopping
Auto rickshaw fare to hospital,Transport
Bought local mall Power bank,Shopping
Had Samosa at office,Food
Paid for Backpack seasonal sale,Shopping
Booked Pathao ride downtown,Transport
Enrolled in Exam fee from local college,Education
Recharged Tootle Car service,Transport
Ride share for June,Transport
Taco for May,Food
Purchased restaurant Smoothie,Food
Amazon Prime membership for September,Entertainment
Breakfast at Fried rice with friends,Food
Paid Mobile recharge quarterly payment,Bills
Bought Surgery cost follow-up visit,Health
E-book purchase from Disney+,Entertainment
Recharged Bike rental from Uber,Transport
Monthly Maintenance fee from insurance company,Bills
Ordered online store Necklace,Shopping
Had Dosa from Pizza Hut,Food
Registered for Study materials from coaching center,Education
Coffee for March,Food
Paid for Taxi fare from InDrive,Transport
Bought Seminar fee from university,Education
local mall Kitchenware,Shopping
Visited for Health checkup from local clinic,Health
Purchased McDonald's Bubble tea,Food
Coffee for February,Food
Settled telecom provider Phone bill,Bills
Used petrol pump Auto rickshaw fare,Transport
Subscribed to Spotify Gaming subscription,Entertainment
Purchased new Perfume from shopping center,Shopping
Shopping for Headphones from outlet store,Shopping
Tootle Scooter rental,Transport
Purchased Fried chicken from food court,Food
Renewed Amazon Prime Netflix subscription,Entertainment
Purchased new Bag from shopping center,Shopping
Used Parking fee to home,Transport
Purchased bookstore Programming course,Education
Monthly Loan EMI from utility company,Bills
Went for pharmacy Blood test,Health
YouTube Netflix subscription,Entertainment
Paid for Water bill for the house,Bills
Paid for insurance company Property tax,Bills
Sweater for July,Shopping
Booked X-ray checkup,Health
Bought Doctor appointment follow-up visit,Health
Bought Lab test from diagnostic center,Health
Got a new Charger,Shopping
Bought Eggs from KFC,Food
Booked Taxi fare to hospital,Transport
Grilled fish - Bajeko Sekuwa,Food
Paid for telecom provider Loan EMI,Bills
Salad - McDonald's,Food
Grabbed Biryani from Domino's,Food
Bought Starbucks Ramen,Food
Paid NEA Phone bill,Bills
Paid for Cable TV bill from local ISP,Bills
Bought Perfume seasonal sale,Shopping
online store Charger,Shopping
Bought outlet store Socks,Shopping
Refueled with Helmet purchase from petrol pump,Transport
Renewed Netflix Karaoke night,Entertainment
Paid for online store T-shirt,Shopping
gas station Diesel,Transport
Shoes - online store,Shopping
Paid for Cable TV bill from insurance company,Bills
Purchased new Phone case from Amazon,Shopping
Purchased Programming course from Coursera,Education
Went for local clinic Medicine,Health
Booked Comic book premium plan,Entertainment
Thukpa for October,Food
Dinner at cafe Soup,Food
Paid for local mall T-shirt,Shopping
Paid for Surgery cost from wellness center,Health
Ordered Bread during break,Food
Ordered Bedsheet online order,Shopping
Bought YouTube Streaming service,Entertainment
Purchased new Sweater for college,Shopping
Purchased Coursera Lab fee,Education
Grabbed Snacks takeaway,Food
Tootle Vehicle insurance,Transport
Umbrella for May,Shopping
Streaming service - YouTube,Entertainment
Purchased Vehicle insurance from InDrive,Transport
Paid for Juice,Food
Bought Bowling session,Entertainment
local garage Taxi fare,Transport
Paid for YouTube Premium,Entertainment
Sushi for August,Food
Bought Grilled fish,Food
Dal bhat - Foodmandu,Food
Lunch at Domino's Dumplings,Food
Bought Fried chicken from campus canteen,Food
Paid for Grilled fish from Foodmandu,Food
Wallet from shopping center,Shopping
Lunch at Milkshake from hotel restaurant,Food
Monthly local ISP Mobile recharge,Bills
Paid for Amazon Prime Disney+ subscription,Entertainment
Took a InDrive Car rental,Transport
Jacket for July,Shopping
Ordered Daraz Sunglasses,Shopping
Renewed YouTube PlayStation Plus,Entertainment
Board game for September,Entertainment
Renewed Disney+ subscription from local cinema,Entertainment
Shopping for Socks for birthday gift,Shopping
Had Starbucks Chowmein,Food
Bought PlayStation Board game,Entertainment
Paid for telecom provider Society fee,Bills
Parking fee for a trip,Transport
Bought Cinema ticket from Netflix,Entertainment
Metro card recharge - Sajha Yatayat,Transport
Subscribed to Arcade tokens from Disney+,Entertainment
Socks - shopping center,Shopping
Subscribed to PlayStation Plus from Xbox Game Pass,Entertainment
Grabbed Waffles delivery order,Food
Paid for diagnostic center Health checkup,Health
Disney+ subscription for November,Entertainment
Dinner at Wow Momo Thukpa,Food
Paid for Train ticket to home,Transport
gas station Vehicle insurance,Transport
Breakfast at Fried chicken for the party,Food
Noodles - Wow Momo,Food
Paid for Kitchenware for office,Shopping
Bought Headphones seasonal sale,Shopping
Recharged Cab fare to hospital,Transport
Settled landlord Property tax,Bills
Paid for pharmacy Eye checkup,Health
Bought Sweater online order,Shopping
Took out Noodles from cafe,Food
Paid for Amazon Prime Video game purchase,Entertainment
Booked Amazon Prime membership premium plan,Entertainment
Used Vehicle insurance,Transport
Petrol from InDrive,Transport
Breakfast at Fruits takeaway,Food
Shopping for outlet store Jacket,Shopping
Purchased Study materials from Udemy,Education
Purchased Disney+ Movie ticket,Entertainment
Soup - Bajeko Sekuwa,Food
Subscribed to PlayStation Amusement park ticket,Entertainment
Amusement park ticket - YouTube,Entertainment
local garage Vehicle insurance,Transport
Paid for T-shirt from outlet store,Shopping
Booked Pathao Helmet purchase,Transport
Video game purchase for November,Entertainment
Purchased Tire replacement downtown,Transport
Took a Petrol downtown,Transport
Paid for Spotify subscription,Entertainment
Purchased Disney+ Music album,Entertainment
Bedsheet for January,Shopping
Booked Fuel station,Transport
Got a new local mall Wallet,Shopping
Recharged Pathao Ride share,Transport
Shopping for Charger,Shopping
Purchased Ramen,Food
Bought Bag online order,Shopping
Recharged Cab fare from Tootle,Transport
Netflix YouTube Premium,Entertainment
Enrolled in bookstore Programming course,Education
Shopping for Charger from Amazon,Shopping
Took out campus canteen Cake,Food
Monthly Maintenance fee this month,Bills
Ordered outlet store Makeup kit,Shopping
Purchased Hot dog from Starbucks,Food
Snack at Milkshake from Subway,Food
Took a Scooter rental to hospital,Transport
Paid College tuition from coaching center,Education
Renewed Netflix Comic book,Entertainment
Bought Steam Comic book,Entertainment
Got a new Backpack from local mall,Shopping
Monthly Water tank refill from insurance company,Bills
Bike fuel for July,Transport
Took out Bajeko Sekuwa Milkshake,Food
Recharged Train ticket from gas station,Transport
Paid for restaurant Pastry,Food
Went for pharmacy Doctor appointment,Health
Salad for July,Food
Took a Bike rental from Uber,Transport
Ordered Fried rice from Burger King,Food
Vegetables for August,Food
Renewed Amazon Prime membership from YouTube,Entertainment
Bought restaurant Burger,Food
Ordered Eggs from Starbucks,Food
Dosa for December,Food
Snacks - Domino's,Food
Paid for Bike fuel from Tootle,Transport
Shopping for online store Wallet,Shopping
Booked Netflix Amusement park ticket,Entertainment
Paid for French fries during break,Food
Cleared Home loan installment for the house,Bills
Lunch at Dumplings from Pizza Hut,Food
Settled Credit card payment for the house,Bills
Purchased Thesis printing from Udemy,Education
Petrol to college,Transport
Renewed PlayStation Netflix subscription,Entertainment
Bought PlayStation Plus from Spotify,Entertainment
Ordered Belt for office,Shopping
Shopping for Backpack from Amazon,Shopping
Got a new Cap from Amazon,Shopping
Bought gym Pharmacy purchase,Health
Ordered boutique Curtains,Shopping
Bought Software license for study from university,Education
Paid for Train ticket from Pathao,Transport
Dinner at Dosa from Pizza Hut,Food
PlayStation Movie ticket,Entertainment
Paid for Helmet purchase from Sajha Yatayat,Transport
French fries for October,Food
Booked Cinema ticket from Xbox Game Pass,Entertainment
Subscribed to Bowling session weekend outing,Entertainment
Used Petrol to home,Transport
Had dhaba Samosa,Food
Snack at Pasta from street food stall,Food
Paid Workshop registration from Coursera,Education
Enrolled in Coaching class fee annual fee,Education
Got a new Power bank for office,Shopping
Ordered Sunglasses from boutique,Shopping
Subscribed to Xbox Game Pass Cinema ticket,Entertainment
Purchased new Laptop bag,Shopping
Comic book from Amazon Prime,Entertainment
Paid Lab fee from bookstore,Education
Booked Bike fuel from Pathao,Transport
Charger - local mall,Shopping
Bought Xbox Game Pass Concert ticket,Entertainment
Ordered Sweater,Shopping
Ordered Backpack for birthday gift,Shopping
Soup - campus canteen,Food
Got a new Amazon Jacket,Shopping
Sneakers for August,Shopping
Paid for Bike fuel from Uber,Transport
Bought E-book purchase premium plan,Entertainment
Cooking oil - Burger King,Food
Booked Bowling session from Spotify,Entertainment
Cleared insurance company Garbage collection fee,Bills
Took a Helmet purchase for a trip,Transport
Bike fuel to office,Transport
Shopping for local mall Sneakers,Shopping
Bought Streaming service from Amazon Prime,Entertainment
Lunch at Wow Momo Samosa,Food
Purchased Karaoke night with friends,Entertainment
Cleared WiFi payment this month,Bills
Steam purchase - Amazon Prime,Entertainment
Paid for Monthly rent from local ISP,Bills
Visited for local clinic Pharmacy purchase,Health
Lunch at Domino's Steak,Food
Bought Disney+ Steam purchase,Entertainment
T-shirt from boutique,Shopping
Paid Home loan installment from local ISP,Bills
Bought Spotify YouTube Premium,Entertainment
Booked Scooter rental from Uber,Transport
Grabbed Waffles at college,Food
Paid for Maintenance fee from insurance company,Bills
shopping center Makeup kit,Shopping
Got a new Sunglasses for birthday gift,Shopping
Monthly Monthly rent from utility company,Bills
Got a new Makeup kit from local mall,Shopping
Recharged InDrive Vehicle insurance,Transport
Movie ticket from YouTube,Entertainment
Bought Groceries at office,Food
Booked Video game purchase from Xbox Game Pass,Entertainment
Paid for hospital Lab test,Health
Purchased Pathao Car rental,Transport
Shopping for Sneakers,Shopping
Bought Steam Stand-up comedy show,Entertainment
Got a new Earrings,Shopping
Phone case - local mall,Shopping
Netflix subscription - Netflix,Entertainment
Grabbed Burrito from food court,Food
Bought Wallet online order,Shopping
Booked Spotify Comic book,Entertainment
Purchased petrol pump Taxi fare,Transport
Purchased Toll fee from local garage,Transport
Thukpa - hotel restaurant,Food
Backpack for office,Shopping
Noodles - restaurant,Food
Amusement park ticket from Netflix,Entertainment
Paid for Belt from online store,Shopping
Soup for May,Food
Amazon Prime membership for March,Entertainment
Purchased new Curtains from boutique,Shopping
Paid for petrol pump Auto rickshaw fare,Transport
Enrolled in College supplies from university,Education
Used Toll fee to hospital,Transport
Used gas station Train ticket,Transport
PlayStation Music album,Entertainment
Grabbed street food stall French fries,Food
Bought Certification exam from library,Education
Subscribed to Xbox Game Pass Netflix subscription,Entertainment
Fried chicken - KFC,Food
Bought Netflix Karaoke night,Entertainment
Took a Car service from gas station,Transport
Paid for Stand-up comedy show from YouTube,Entertainment
Took a Flight ticket to office,Transport
Booked Board game annual plan,Entertainment
Paid for Netflix subscription monthly plan,Entertainment
Monthly local ISP Credit card payment,Bills
Paid for Amazon Sunglasses,Shopping
Shopping for Umbrella for college,Shopping
Shopping for Power bank seasonal sale,Shopping
Purchased PlayStation Karaoke night,Entertainment
Ordered Chicken curry,Food
Registered for College tuition from library,Education
Took a Bike wash from petrol pump,Transport
Perfume - online store,Shopping
Had Grilled fish from Burger King,Food
Used Uber Tire replacement,Transport
Took a Bike fuel from Uber,Transport
Paid for petrol pump Flight ticket,Transport
Breakfast at local bakery Donuts,Food
Subscribed to Bowling session from Xbox Game Pass,Entertainment
Got a new Perfume online order,Shopping
Grabbed Snacks during break,Food
Bike wash - Uber,Transport
Auto rickshaw fare for March,Transport
Tea for January,Food
Purchased new Jacket for birthday gift,Shopping
Purchased new Bag for birthday gift,Shopping
Bought restaurant Cake,Food
Refueled with Tootle Train ticket,Transport
Paid for Bus ticket downtown,Transport
Dinner at Taco,Food
Used Bike rental for weekend trip,Transport
College tuition for January,Education
Bought local mall Bedsheet,Shopping
Paid for Necklace from Amazon,Shopping
Paid for Eye checkup from hospital,Health
Monthly Loan EMI from NEA,Bills
Booked Bowling session from Steam,Entertainment
Enrolled in Exam fee annual fee,Education
Paid for Scooter rental from local garage,Transport
Paid for wellness center Eye checkup,Health
Went for Lab test from hospital,Health
Grabbed street food stall Hot dog,Food
Sajha Yatayat Parking fee,Transport
Car service for March,Transport
Renewed Spotify subscription weekend outing,Entertainment
Milk for January,Food
Paid for Uber ride,Transport
Grabbed Groceries,Food
Train ticket for July,Transport
Went for wellness center Gym membership,Health
Had Subway Coffee,Food
Subscribed to YouTube YouTube Premium,Entertainment
Refueled with Petrol to home,Transport
Donuts - dhaba,Food
Paid for boutique Perfume,Shopping
Paid for Bike rental to hospital,Transport
Purchased Theatre ticket from Xbox Game Pass,Entertainment
Bus ticket for December,Transport
Sushi - local bakery,Food
Took a Petrol for a trip,Transport
Bought Shoes,Shopping
Gaming subscription - Xbox Game Pass,Entertainment
Settled Credit card payment from insurance company,Bills
Purchased Donuts with family,Food
Bought shopping center Shirt,Shopping
Bought Watch from boutique,Shopping
Registered for Project materials from bookstore,Education
Bought Dal bhat from McDonald's,Food
Wallet - Daraz,Shopping
Took a local garage Car rental,Transport
Cleared local ISP WiFi payment,Bills
Ordered Furniture piece from online store,Shopping
Purchased Coaching class fee from coaching center,Education
Purchased food court Kebab,Food
Paid for Sajha Yatayat Car rental,Transport
Paid House rent,Bills
Water tank refill for May,Bills
Took a Scooter rental,Transport
Visited for Doctor appointment monthly,Health
Grabbed campus canteen Coffee,Food
Shopping for Jacket seasonal sale,Shopping
Grabbed Fruits from Starbucks,Food
Took out Fruits at office,Food
Purchased gas station Metro card recharge,Transport
Paid Lab fee from Coursera,Education
Booked Music album premium plan,Entertainment
Laptop bag for office,Shopping
Took a Diesel for a trip,Transport
Bought Cinema ticket from Disney+,Entertainment
Took a Scooter rental from petrol pump,Transport
Dental appointment for March,Health
Paid for Concert ticket from PlayStation,Entertainment
Bought library Seminar fee,Education
Paid House rent from insurance company,Bills
Subscribed to Arcade tokens annual plan,Entertainment
Purchased new Wallet for birthday gift,Shopping
Electronics gadget - outlet store,Shopping
Took a Auto rickshaw fare for weekend trip,Transport
Monthly Loan EMI from insurance company,Bills
Subscribed to Stand-up comedy show from Netflix,Entertainment
Ordered Electronics gadget for office,Shopping
Booked InDrive Bike fuel,Transport
Paid for Wallet from shopping center,Shopping
Got a new Kitchenware seasonal sale,Shopping
Took out street food stall Vegetables,Food
Registered for Coursera School books,Education
Settled Credit card payment from local ISP,Bills
Bought Movie ticket from local cinema,Entertainment
Purchased Workshop registration from library,Education
Purchased petrol pump Diesel,Transport
Train ticket - Tootle,Transport
Purchased Pasta at college,Food
Snack at Biryani from local bakery,Food
Took a Fuel station from petrol pump,Transport
Paid for Bike rental for a trip,Transport
Juice for June,Food
Paid for Fried chicken takeaway,Food
Purchased Tea,Food
Took out Falafel,Food
Bought Painkillers from gym,Health
Paid for Umbrella,Shopping
Bought Ice cream from local bakery,Food
Paid for Fried chicken from Burger King,Food
Recharged Tire replacement to office,Transport
Paid Home loan installment this month,Bills
Bike rental from Uber,Transport
Bought Falafel on the way home,Food
Comic book,Entertainment
Used Fuel station from local garage,Transport
Had Taco from Domino's,Food
Enrolled in School books from coaching center,Education
Purchased Helmet purchase to college,Transport
Stand-up comedy show for September,Entertainment
Backpack for May,Shopping
Paid for utility company House rent,Bills
Bought local clinic Gym membership,Health
Enrolled in Lab fee from university,Education
Enrolled in Workshop registration from bookstore,Education
Refueled with InDrive Cab fare,Transport
Purchased College tuition from university,Education
Comic book family plan,Entertainment
Subscribed to Karaoke night from Spotify,Entertainment
Booked Physiotherapy session from diagnostic center,Health
Bought PlayStation Theatre ticket,Entertainment
Kebab - Bajeko Sekuwa,Food
Necklace for July,Shopping
Settled NEA Electricity bill,Bills
Dinner at Vegetables from KFC,Food
Enrolled in library Project materials,Education
Paid for Streaming service from Xbox Game Pass,Entertainment
Cleared Cable TV bill from landlord,Bills
gas station Flight ticket,Transport
Tire replacement for August,Transport
Ordered Bread from Domino's,Food
Visited for Physiotherapy session from pharmacy,Health
Took a Bike rental from local garage,Transport
Bought hospital Vaccination,Health
Bought university Seminar fee,Education
Paid for Dal bhat from Burger King,Food
Paid for Netflix Board game,Entertainment
Settled Apartment rent annual payment,Bills
Bought Dumplings during break,Food
Stand-up comedy show for January,Entertainment
Bought Bowling session from Netflix,Entertainment
Paid Project materials from local college,Education
Smoothie for February,Food
Paid for Jacket from online store,Shopping
Sushi for September,Food
Paid for gym Painkillers,Health
Purchased Biryani,Food
Grilled fish - Subway,Food
Diesel - Uber,Transport
Ordered Foodmandu Rice bag,Food
Ordered Watch from Daraz,Shopping
Subscribed to Board game from Disney+,Entertainment
Ordered Salad,Food
Paid local ISP House rent,Bills
Paid for street food stall Soup,Food
Breakfast at local bakery Pasta,Food
Cleared bank Cable TV bill,Bills
Comic book annual plan,Entertainment
Paid for Loan EMI from NEA,Bills
Purchased new Makeup kit from local mall,Shopping
Renewed Theatre ticket from local cinema,Entertainment
Paid Monthly rent annual payment,Bills
Dinner at Steak with friends,Food
Purchased new boutique Power bank,Shopping
Renewed PlayStation Plus weekend outing,Entertainment
Paid for McDonald's Ramen,Food
Subscribed to Disney+ Concert ticket,Entertainment
Paid for Amazon Sweater,Shopping
Purchased Disney+ Cinema ticket,Entertainment
Paid library Certification exam,Education
Paid for Internet bill from local ISP,Bills
Booked YouTube Cinema ticket,Entertainment
Steak for April,Food
Booked Concert ticket from Steam,Entertainment
Shopping for outlet store Bedsheet,Shopping
Bought Coursera Thesis printing,Education
Cap for October,Shopping
Had Burger King Pancakes,Food
Bought Burger King Taco,Food
Purchased street food stall Dumplings,Food
Paid for Water tank refill from insurance company,Bills
Cake - food court,Food
Paid for YouTube Board game,Entertainment
Dinner at Kebab with friends,Food
Paid for Curtains seasonal sale,Shopping
Used Pathao ride,Transport
Cake - restaurant,Food
Had Burger takeaway,Food
Ordered Bag from shopping center,Shopping
Bought Netflix PlayStation Plus,Entertainment
Purchased new Amazon Shirt,Shopping
Pancakes - McDonald's,Food
Booked Medicine monthly,Health
Paid for Water tank refill from utility company,Bills
Booked local cinema PlayStation Plus,Entertainment
Ordered food court Rice bag,Food
Paid for Amazon Prime Gaming subscription,Entertainment
Paid Insurance premium from insurance company,Bills
Purchased new Power bank from online store,Shopping
Shopping for Wallet from Amazon,Shopping
Grabbed Taco from local bakery,Food
Got a new boutique Socks,Shopping
Belt seasonal sale,Shopping
Paid for local garage Toll fee,Transport
Bought Dal bhat with friends,Food
Headphones for December,Shopping
Paid for local mall Sweater,Shopping
Paid for gym Vaccination,Health
Settled Water tank refill this month,Bills
Ride share - gas station,Transport
Subscribed to Xbox Game Pass Amazon Prime membership,Entertainment
Amusement park ticket for March,Entertainment
Registered for bookstore Online course,Education
Paid for Perfume from boutique,Shopping
Paid Library fine from university,Education
Purchased McDonald's Coffee,Food
Took a Diesel from InDrive,Transport
Purchased Chicken curry from Starbucks,Food
Got a new Shirt online order,Shopping
Booked Video game purchase from Netflix,Entertainment
Breakfast at Starbucks Rice bag,Food
Ordered Dosa delivery order,Food
Noodles for April,Food
Used Metro card recharge from InDrive,Transport
E-book purchase for November,Entertainment
Breakfast at Wow Momo Waffles,Food
Car rental from local garage,Transport
Coaching class fee - Coursera,Education
Paid Gas cylinder this month,Bills
Bike fuel - gas station,Transport
Paid for local mall Earrings,Shopping
Purchased new Bedsheet online order,Shopping
Paid for Furniture piece for college,Shopping
Purchased petrol pump Fuel station,Transport
Booked Yoga class fee emergency visit,Health
PlayStation Stand-up comedy show,Entertainment
Purchased Toll fee to the mall,Transport
Gaming subscription for August,Entertainment
Coffee - Burger King,Food
Paid for PlayStation Board game,Entertainment
Took a InDrive Scooter rental,Transport
Paid for Soup,Food
Ordered Jacket online order,Shopping
Booked Spotify Music album,Entertainment
Cable TV bill for October,Bills
Paid for Concert ticket from Disney+,Entertainment
Cleared Water tank refill quarterly payment,Bills
Petrol - petrol pump,Transport
Dinner at French fries delivery order,Food
Paid for Parking fee to office,Transport
Paid for local ISP Apartment rent,Bills
Breakfast at Noodles on the way home,Food
Purchased School books from university,Education
Bought Dental treatment from pharmacy,Health
Paid Credit card payment from utility company,Bills
Bedsheet for October,Shopping
Bought Headphones for office,Shopping
Took a Car rental to office,Transport
Bought outlet store Jeans,Shopping
Burrito - Pizza Hut,Food
Vehicle insurance to office,Transport
Ramen for August,Food
Renewed PlayStation Plus from local cinema,Entertainment
Lunch at Donuts from Burger King,Food
Paid for Gaming subscription from Spotify,Entertainment
Theatre ticket,Entertainment
Purchased YouTube Music album,Entertainment
Dumplings for September,Food
Subscribed to Steam Gaming subscription,Entertainment
Purchased Gaming subscription family plan,Entertainment
Visited for Hospital bill from pharmacy,Health
Cleared Apartment rent annual payment,Bills
Ordered hotel restaurant Pasta,Food
Ordered Domino's Steak,Food
Burger - cafe,Food
Booked Amazon Prime Disney+ subscription,Entertainment
Booked Spotify Cinema ticket,Entertainment
Paid for Milkshake during break,Food
Curtains from outlet store,Shopping
Used Tire replacement from InDrive,Transport
Ordered Jacket for office,Shopping
Paid for Amazon Prime membership with friends,Entertainment
Paid for Vehicle insurance from Tootle,Transport
Enrolled in Udemy Certification exam,Education
Shopping for Shoes,Shopping
Paid for Sunglasses,Shopping
Lunch at Pasta takeaway,Food
Refueled with local garage Parking fee,Transport
Enrolled in Coursera Lab fee,Education
Purchased new Cap from shopping center,Shopping
Bought Pasta with family,Food
Comic book for August,Entertainment
Bike fuel - Sajha Yatayat,Transport
Ordered Vegetables,Food
Sushi - dhaba,Food
Paid landlord Monthly rent,Bills
Subscribed to E-book purchase from YouTube,Entertainment
Waffles for May,Food
Snack at KFC Fried chicken,Food
Purchased new Power bank,Shopping
Grabbed Waffles from local bakery,Food
Purchased Udemy Stationery,Education
Paid for Foodmandu Ice cream,Food
Settled Insurance premium annual payment,Bills
Noodles - Burger King,Food
Petrol from Pathao,Transport
Had Momo for the party,Food
Recharged Bike fuel for a trip,Transport
Visited for Surgery cost emergency visit,Health
Paid for Shoes for college,Shopping
Booked Helmet purchase from local garage,Transport
Booked Auto rickshaw fare from InDrive,Transport
Recharged Flight ticket from InDrive,Transport
Paid Online course from coaching center,Education
Snack at Smoothie from McDonald's,Food
Paid for Sweater seasonal sale,Shopping
Gaming subscription - Spotify,Entertainment
Took a Flight ticket for weekend trip,Transport
Movie ticket from Amazon Prime,Entertainment
Paid for Car rental from Sajha Yatayat,Transport
Renewed Spotify Music album,Entertainment
Ordered Daraz Perfume,Shopping
Paid for Karaoke night monthly plan,Entertainment
Arcade tokens family plan,Entertainment
Purchased Bike rental from Sajha Yatayat,Transport
Breakfast at hotel restaurant Tea,Food
Took a Train ticket,Transport
Jeans - Amazon,Shopping
Monthly Maintenance fee from landlord,Bills
Dinner at Donuts on the way home,Food
Refueled with Bike repair to office,Transport
Enrolled in local college University fee,Education
Paid Project materials from coaching center,Education
Paid for outlet store Shirt,Shopping
Purchased Xbox Game Pass Movie ticket,Entertainment
Ordered Cap from online store,Shopping
Bought Noodles from food court,Food
T-shirt for January,Shopping
Recharged Tootle Pathao ride,Transport
Purchased Helmet purchase to home,Transport
Booked PlayStation Streaming service,Entertainment
Bought online store Furniture piece,Shopping
Bike wash for July,Transport
Dumplings for December,Food
Paid for Water bill from NEA,Bills
Took a Pathao Cab fare,Transport
Purchased Tootle Ride share,Transport
Breakfast at Dosa from restaurant,Food
Recharged Tootle Bike fuel,Transport
Snack at Pastry from Domino's,Food
Dinner at Rice bag during break,Food
Booked Xbox Game Pass Spotify subscription,Entertainment
Purchased Karaoke night from YouTube,Entertainment
Subscribed to Comic book family plan,Entertainment
Booked Gaming subscription from Disney+,Entertainment
Bought Charger for college,Shopping
Booked Spotify subscription,Entertainment
Recharged Bike rental,Transport
Burrito - local bakery,Food
Monthly Phone bill from telecom provider,Bills
Grabbed restaurant Chicken curry,Food
Refueled with Bike wash downtown,Transport
Paid for Amazon Prime membership family plan,Entertainment
Purchased Noodles on the way home,Food
Cleared Apartment rent from landlord,Bills
Got a new Shoes,Shopping
Paid for Eye checkup from local clinic,Health
Went for Gym membership routine visit,Health
Booked Bus ticket from local garage,Transport
Diesel for January,Transport
Paid for Foodmandu Dosa,Food
Paid for Concert ticket from Amazon Prime,Entertainment
Bought Sushi at office,Food
Bought Gaming subscription from local cinema,Entertainment
Netflix subscription for September,Entertainment
Breakfast at Fried chicken from hotel restaurant,Food
Recharged Helmet purchase for weekend trip,Transport
shopping center Cap,Shopping
Purchased College tuition for the workshop,Education
Bought Wallet for college,Shopping
Enrolled in Lab fee from Udemy,Education
Bike repair - Tootle,Transport
Booked Petrol from Pathao,Transport
Purchased new Watch from boutique,Shopping
Purchased Momo delivery order,Food
Booked E-book purchase from Amazon Prime,Entertainment
Booked Helmet purchase from Sajha Yatayat,Transport
Eggs - Subway,Food
Bought Cap from Amazon,Shopping
Watch for November,Shopping
Shopping for Necklace for birthday gift,Shopping
Booked Sajha Yatayat Scooter rental,Transport
Renewed Cinema ticket from local cinema,Entertainment
Amazon Sweater,Shopping
Bought Karaoke night from Spotify,Entertainment
Recharged gas station Helmet purchase,Transport
Recharged gas station Scooter rental,Transport
Purchased Salad from local bakery,Food
Sunglasses - boutique,Shopping
Purchased new Makeup kit from outlet store,Shopping
Visited for Vitamin supplements from wellness center,Health
Refueled with Car service for weekend trip,Transport
Paid for Toll fee downtown,Transport
School books for January,Education
Snack at Wow Momo Smoothie,Food
Grabbed Ramen with friends,Food
Paid for Netflix Arcade tokens,Entertainment
Took out Snacks from dhaba,Food
Ordered boutique Watch,Shopping
Bought Furniture piece,Shopping
Paid for Helmet purchase from Tootle,Transport
Sushi for November,Food
Netflix Theatre ticket,Entertainment
Paid for Movie ticket from YouTube,Entertainment
Took a Fuel station airport transfer,Transport
Project materials for October,Education
Enrolled in local college Study materials,Education
Monthly Electricity bill from insurance company,Bills
Paid for outlet store Sweater,Shopping
Paid for Ride share to hospital,Transport
Ordered Necklace from local mall,Shopping
Petrol from petrol pump,Transport
Bought Socks for birthday gift,Shopping
Cleared local ISP Phone bill,Bills
Booked Bowling session monthly plan,Entertainment
Cinema ticket with friends,Entertainment
Headphones - shopping center,Shopping
Paid for Health insurance premium follow-up visit,Health
Juice for April,Food
Grabbed Wow Momo Bread,Food
Got a new online store Bag,Shopping
Burger - restaurant,Food
Purchased Coursera College fee,Education
Booked Bus ticket for a trip,Transport
T-shirt from online store,Shopping
Refueled with Pathao Car service,Transport
Paid for YouTube YouTube Premium,Entertainment
Chowmein - Pizza Hut,Food
Pasta for May,Food
Ordered Makeup kit from Daraz,Shopping
Ride share for January,Transport
Property tax for May,Bills
Booked Spotify subscription from PlayStation,Entertainment
Grabbed restaurant Momo,Food
Visited for Pharmacy purchase from wellness center,Health
T-shirt from Daraz,Shopping
Purchased Amazon Prime Gaming subscription,Entertainment
Purchased Domino's Groceries,Food
Went for pharmacy Vaccination,Health
Renewed Amazon Prime membership,Entertainment
Jacket - shopping center,Shopping
Headphones from shopping center,Shopping
Paid for Curtains,Shopping
Booked Fuel station from petrol pump,Transport
Got a new boutique Laptop bag,Shopping
Burrito for December,Food
Paid for Phone case from local mall,Shopping
Purchased Metro card recharge from Pathao,Transport
Auto rickshaw fare from gas station,Transport
Purchased Pastry from Wow Momo,Food
Flight ticket for May,Transport
Steam Bowling session,Entertainment
Amusement park ticket monthly plan,Entertainment
Paid for Physiotherapy session monthly,Health
Used Car service from gas station,Transport
YouTube Karaoke night,Entertainment
Recharged Toll fee from Tootle,Transport
Enrolled in Coaching class fee from library,Education
Lunch at Bubble tea from Wow Momo,Food
Cleared telecom provider Insurance premium,Bills
Had Thukpa from street food stall,Food
Used Diesel to home,Transport
Renewed Netflix Bowling session,Entertainment
Grabbed Rice bag with family,Food
Ordered Rice bag for the party,Food
Paid for Auto rickshaw fare from gas station,Transport
Visited for hospital Surgery cost,Health
Refueled with Auto rickshaw fare from Pathao,Transport
Took out KFC Donuts,Food
Used Pathao Parking fee,Transport
Bought Disney+ subscription weekend outing,Entertainment
Shopping for local mall Headphones,Shopping
Tea for September,Food
Used Flight ticket downtown,Transport
Registered for Lab fee from university,Education
Recharged gas station Fuel station,Transport
Dinner at Sushi from McDonald's,Food
Theatre ticket for June,Entertainment
Purchased new Charger for birthday gift,Shopping
Eggs for March,Food
Purchased new Belt for birthday gift,Shopping
Purchased Movie ticket from PlayStation,Entertainment
Renewed Disney+ Netflix subscription,Entertainment
Monthly Internet bill this month,Bills
Bought Stationery for the course,Education
Salad for August,Food
Grabbed Bread during break,Food
Bread - local bakery,Food
French fries - Bajeko Sekuwa,Food
Amazon Wallet,Shopping
Grabbed Eggs from Subway,Food
Purchased Tire replacement from Pathao,Transport
Took out Milkshake from cafe,Food
Daraz Sweater,Shopping
Breakfast at Sandwich from Foodmandu,Food
Bought library Software license for study,Education
Enrolled in bookstore Workshop registration,Education
Paid for Car rental from Tootle,Transport
Dinner at Hot dog from Domino's,Food
Took a Tootle Bike repair,Transport
Purchased Falafel after work,Food
Dinner at restaurant Soup,Food
Registered for coaching center Lab fee,Education
Purchased Bike wash to the mall,Transport
Tea - food court,Food
Visited for hospital Pharmacy purchase,Health
Soup - Domino's,Food
Had street food stall Cake,Food
Metro card recharge - gas station,Transport
Paid university Programming course,Education
Paid for Pathao Helmet purchase,Transport
Video game purchase for February,Entertainment
Grabbed Steak on the way home,Food
Purchased Diesel for a trip,Transport
Booked Flight ticket from gas station,Transport
Amusement park ticket for October,Entertainment
Used petrol pump Diesel,Transport
Bought local bakery Bubble tea,Food
Purchased Tire replacement from Sajha Yatayat,Transport
Paid School books from university,Education
Dinner at local bakery Bread,Food
Arcade tokens for March,Entertainment
Paid for NEA WiFi payment,Bills
Bought Project materials from Udemy,Education
Ordered local mall Sunglasses,Shopping
Paid for Xbox Game Pass E-book purchase,Entertainment
Chowmein for April,Food
Purchased Ride share from InDrive,Transport
Used Bike rental to the mall,Transport
Booked Xbox Game Pass Steam purchase,Entertainment
Grabbed Snacks from food court,Food
Booked Bike fuel from InDrive,Transport
Bought Video game purchase from Amazon Prime,Entertainment
Shopping for local mall T-shirt,Shopping
Grabbed Ice cream from Foodmandu,Food
Paid for Comic book weekend outing,Entertainment
Purchased Steam Cinema ticket,Entertainment
Bought YouTube Premium from local cinema,Entertainment
Grabbed Milk,Food
Rice bag - food court,Food
Pathao ride for August,Transport
Uber ride from InDrive,Transport
Paid for boutique Charger,Shopping
Vehicle insurance for November,Transport
Lunch at Noodles on the way home,Food
Dinner at Hot dog during break,Food
local garage Bus ticket,Transport
Bought gym Physiotherapy session,Health
Snack at Sushi,Food
Burrito for January,Food
Paid for Train ticket from petrol pump,Transport
Purchased Theatre ticket from PlayStation,Entertainment
Used Helmet purchase to the mall,Transport
Purchased Online course from local college,Education
Paid for Water tank refill annual payment,Bills
Eggs - street food stall,Food
Took a Bus ticket downtown,Transport
Paid for Xbox Game Pass Amusement park ticket,Entertainment
Bowling session - local cinema,Entertainment
Paid utility company Home loan installment,Bills
Purchased Concert ticket from Amazon Prime,Entertainment
Settled House rent quarterly payment,Bills
Paid Phone bill from utility company,Bills
Cleared insurance company Water bill,Bills
Fried rice - hotel restaurant,Food
Watch - boutique,Shopping
Taco for July,Food
Paid for Steam Music album,Entertainment
Went for Painkillers from gym,Health
Paid for InDrive Vehicle insurance,Transport
Had Dumplings,Food
Booked X-ray monthly,Health
Backpack for November,Shopping
Paid bookstore University fee,Education
Recharged Sajha Yatayat Car service,Transport
Snacks - cafe,Food
Recharged Diesel from petrol pump,Transport
Fruits for December,Food
Bike fuel - Tootle,Transport
Registered for university Library fine,Education
Bike fuel from local garage,Transport
Subscribed to Steam purchase from Xbox Game Pass,Entertainment
Used Bus ticket to office,Transport
Paid for Sweater from Daraz,Shopping
Backpack for birthday gift,Shopping
Gaming subscription for January,Entertainment
Booked InDrive Helmet purchase,Transport
Purchased PlayStation E-book purchase,Entertainment
Renewed Karaoke night from Disney+,Entertainment
Refueled with Train ticket to home,Transport
Headphones,Shopping
Breakfast at Subway Pasta,Food
Snack at Fried rice from Starbucks,Food
Paid for Kitchenware for birthday gift,Shopping
Visited for hospital X-ray,Health
Shopping for Amazon Bag,Shopping
Settled Gas cylinder from landlord,Bills
Registered for Workshop registration this semester,Education
Renewed YouTube Arcade tokens,Entertainment
Purchased Spotify E-book purchase,Entertainment
Purchased new Power bank from outlet store,Shopping
Purchased PlayStation PlayStation Plus,Entertainment
Bought Stationery this semester,Education
Bought university Study materials,Education
Smoothie - Bajeko Sekuwa,Food
Recharged Metro card recharge,Transport
Refueled with Parking fee from petrol pump,Transport
Ordered Curtains from boutique,Shopping
Arcade tokens for October,Entertainment
Laptop bag - Amazon,Shopping
Registered for Certification exam for the workshop,Education
Ordered Headphones online order,Shopping
Cap for April,Shopping
Recharged Train ticket from InDrive,Transport
Auto rickshaw fare,Transport
Monthly Water bill this month,Bills
Used Taxi fare to office,Transport
Lunch at Ramen from food court,Food
Paid for Mobile recharge from bank,Bills
Settled Insurance premium this month,Bills
Used Auto rickshaw fare from local garage,Transport
Paid insurance company Water tank refill,Bills
Renewed Video game purchase annual plan,Entertainment
Recharged Car service from Sajha Yatayat,Transport
Paid for shopping center Sneakers,Shopping
Used Bike fuel from Uber,Transport
Took out Falafel from cafe,Food
Paid for Makeup kit from shopping center,Shopping
Bought Disney+ Movie ticket,Entertainment
Recharged Auto rickshaw fare from InDrive,Transport
Ordered Eggs with friends,Food
Paid for Comic book monthly plan,Entertainment
Booked PlayStation YouTube Premium,Entertainment
Bought Netflix subscription from YouTube,Entertainment
Laptop bag for June,Shopping
Booked Amazon Prime membership from local cinema,Entertainment
Breakfast at cafe Milk,Food
PlayStation Plus annual plan,Entertainment
Booked Steam Movie ticket,Entertainment
Breakfast at Burger King Eggs,Food
Booked Xbox Game Pass Streaming service,Entertainment
Bought Sneakers for birthday gift,Shopping
Booked Helmet purchase to home,Transport
Booked Vehicle insurance from Pathao,Transport
Paid Mobile recharge from insurance company,Bills
Purchased new boutique Headphones,Shopping
Enrolled in Workshop registration from local college,Education
Ordered Chicken curry delivery order,Food
Enrolled in School books from library,Education
Ordered Dumplings at office,Food
Bought online store Cap,Shopping
Paid for Spotify Karaoke night,Entertainment
Wallet for May,Shopping
Refueled with Parking fee for weekend trip,Transport
YouTube Premium from Xbox Game Pass,Entertainment
Pastry for May,Food
Ordered Furniture piece seasonal sale,Shopping
Shopping for Socks from local mall,Shopping
Refueled with Uber Bus ticket,Transport
Purchased library University fee,Education
Paid for Stand-up comedy show from local cinema,Entertainment
Refueled with Sajha Yatayat Bus ticket,Transport
Bought Yoga class fee from pharmacy,Health
Shopping for Makeup kit online order,Shopping
Purchased Arcade tokens monthly plan,Entertainment
Purchased Certification exam for the course,Education
Pathao Pathao ride,Transport
Paid for Starbucks Dal bhat,Food
Purchased Domino's Grilled fish,Food
Refueled with Sajha Yatayat Toll fee,Transport
Pizza - Subway,Food
Shopping for Earrings from Daraz,Shopping
Registered for local college Software license for study,Education
Took a Pathao Metro card recharge,Transport
Paid for Coffee with friends,Food
Refueled with Metro card recharge for weekend trip,Transport
Karaoke night from Netflix,Entertainment
Booked Vehicle insurance from local garage,Transport
Cleared Electricity bill from landlord,Bills
Bought Spotify Theatre ticket,Entertainment
Dinner at Cake from Domino's,Food
Hot dog for January,Food
Bought Disney+ subscription,Entertainment
Purchased new Socks from Daraz,Shopping
Ordered Furniture piece from Amazon,Shopping
